session_id,timestamp,ax,ay,az,gx,gy,gz
sim-sess-0001-01,0.0,0.01459127,0.01922646,0.99556869,-0.01075952,0.03285951,0.02464183
sim-sess-0001-01,100.0,-0.01708638,0.00406217,1.00776414,-0.00798833,0.02945487,0.00565135
sim-sess-0001-01,200.0,0.03300931,0.03895414,1.00681123,0.01407370,-0.00588009,-0.03395968
sim-sess-0001-01,300.0,0.00594661,0.01030820,0.99528899,0.02862367,0.00293440,-0.00205544
sim-sess-0001-01,400.0,0.00612438,0.00656933,1.02129311,0.00595874,0.02407059,0.00178309
sim-sess-0001-01,500.0,0.00226531,0.03463531,1.00618099,0.00416434,-0.00870289,0.01106655
sim-sess-0001-01,600.0,0.00836654,-0.00295649,1.01254756,0.02585621,-0.01171281,0.00020339
sim-sess-0001-01,700.0,0.02357094,0.01615902,0.98904427,0.03573391,0.00522035,0.02230114
sim-sess-0001-01,800.0,0.01466616,-0.00307839,1.01021965,-0.02258109,-0.00085404,0.00892577
sim-sess-0001-01,900.0,0.00004276,0.01441359,1.01342211,0.00698263,0.02115053,0.02081687
sim-sess-0001-01,1000.0,0.00771818,0.00025371,1.01361412,0.00607826,0.03644062,-0.00131343
sim-sess-0001-01,1100.0,0.01994701,0.00670676,1.03195003,0.01709365,0.00975947,-0.00304453
sim-sess-0001-01,1200.0,0.00426167,0.02231271,1.02431492,0.00480591,-0.01815750,0.00501387
sim-sess-0001-01,1300.0,-0.00822978,0.01671871,1.01956032,0.00921724,-0.00216519,0.00234788
sim-sess-0001-01,1400.0,0.01926776,-0.00234997,1.02010257,-0.00315689,-0.00031778,0.00269636
sim-sess-0001-01,1500.0,0.01731405,-0.00144696,1.02391066,0.01885686,-0.01242872,0.01191599
sim-sess-0001-01,1600.0,0.00604838,-0.00213053,1.00651031,-0.00400796,0.00373726,-0.00809227
sim-sess-0001-01,1700.0,0.00943490,-0.00469671,1.02594242,0.01832688,0.01493229,0.02899087
sim-sess-0001-01,1800.0,0.00346942,0.00156824,1.00088100,-0.00504110,0.02725584,0.02906801
sim-sess-0001-01,1900.0,-0.01104663,-0.00682450,1.03092454,0.02126230,0.00334840,-0.01485041
sim-sess-0001-01,2000.0,0.01620387,0.00677017,1.00559254,0.00339205,0.01558009,0.01084010
sim-sess-0001-01,2100.0,0.00435337,-0.00005732,1.00208088,0.01651654,0.00114389,0.03113337
sim-sess-0001-01,2200.0,0.00202976,-0.01521605,0.98470019,0.02464122,0.00899585,-0.00349599
sim-sess-0001-01,2300.0,-0.00201121,-0.01990588,0.98952254,0.00815367,0.01332762,0.01641413
sim-sess-0001-01,2400.0,0.00747576,-0.02407899,1.01787796,0.00169186,-0.00342851,0.00298845
sim-sess-0001-01,2500.0,-0.00509509,-0.01185577,0.99803231,-0.00408142,-0.00087587,0.01432882
sim-sess-0001-01,2600.0,-0.00084737,-0.01286902,1.00964554,0.00772107,0.00712243,-0.00855022
sim-sess-0001-01,2700.0,-0.00124840,-0.01097436,0.99463691,-0.00884432,0.00823730,0.01136531
sim-sess-0001-01,2800.0,-0.00728073,-0.01904158,0.96033347,0.01063500,0.03014564,-0.00076986
sim-sess-0001-01,2900.0,0.01293999,-0.00159256,0.97541560,0.00392394,0.01709734,0.00066360
sim-sess-0001-01,3000.0,0.00424894,-0.02455238,0.98022514,0.00987583,0.00978592,-0.01125052
sim-sess-0001-01,3100.0,-0.01963554,-0.01130517,0.98082701,-0.00825918,0.01274508,0.04876111
sim-sess-0001-01,3200.0,-0.00661904,-0.01612652,0.97326164,0.01461723,0.01745676,-0.01752622
sim-sess-0001-01,3300.0,-0.02141186,-0.00878589,1.00023187,0.01430748,0.00625912,-0.00267326
sim-sess-0001-01,3400.0,-0.00891716,-0.01743924,0.99429487,-0.01087866,0.00745931,0.01186624
sim-sess-0001-01,3500.0,-0.01389785,-0.00668257,0.98512921,-0.02123095,0.02307370,0.03123474
sim-sess-0001-01,3600.0,-0.02047253,-0.01280609,0.97459669,0.02121249,0.01627108,0.00730844
sim-sess-0001-01,3700.0,-0.00726439,0.01483561,0.97099045,-0.00346489,-0.00024302,0.02895784
sim-sess-0001-01,3800.0,-0.01331873,-0.00653913,0.98872734,0.02140431,0.01850987,0.01095083
sim-sess-0001-01,3900.0,-0.00966430,0.00850116,0.98668169,-0.01316823,-0.00661022,-0.00648428
sim-sess-0001-01,4000.0,-0.02293742,0.00551026,0.99923437,0.02070781,0.01089692,-0.02652179
sim-sess-0001-01,4100.0,-0.01022035,-0.00685558,0.97353471,0.00589122,-0.01840185,0.01815340
sim-sess-0001-01,4200.0,-0.02086984,-0.00993159,0.99602248,-0.00533213,0.00683465,-0.02081436
sim-sess-0001-01,4300.0,-0.01304455,-0.00280056,0.98674776,0.02901380,0.00595992,0.00392800
sim-sess-0001-01,4400.0,-0.00761165,-0.00141675,0.99147602,0.01505642,0.02836666,0.01730109
sim-sess-0001-01,4500.0,-0.00654053,0.00459974,1.00016008,0.03830166,0.03599167,0.02082452
sim-sess-0001-01,4600.0,0.00987956,0.01257904,0.98871987,0.00893305,0.01230049,-0.00281204
sim-sess-0001-01,4700.0,-0.01680394,0.00873453,1.00538483,0.00046899,0.01611718,-0.01481416
sim-sess-0001-01,4800.0,0.00186200,-0.00275961,1.02179371,0.01480132,0.00766222,0.02572551
sim-sess-0001-01,4900.0,0.01415660,-0.00270999,1.03721699,0.00784905,0.01534479,-0.00180458
sim-sess-0001-01,5000.0,0.00003096,0.00369508,1.02083068,0.01127426,0.01539366,0.02009944
sim-sess-0001-01,5100.0,-0.00744459,0.01379219,1.00581245,0.01093407,0.04351928,0.02909858
sim-sess-0001-01,5200.0,-0.01145090,-0.00054767,1.00295212,-0.01943903,0.02236209,-0.02016604
sim-sess-0001-01,5300.0,0.00075142,0.03155418,1.02280949,0.00553930,0.02547642,-0.00572731
sim-sess-0001-01,5400.0,0.01164593,-0.01021379,1.01688186,0.02488202,0.01121261,0.00365830
sim-sess-0001-01,5500.0,0.03591312,0.00079792,0.99717646,0.00394102,0.00244809,0.04271641
sim-sess-0001-01,5600.0,0.03037147,0.01387375,1.01871227,0.00536025,-0.00164635,-0.01018228
sim-sess-0001-01,5700.0,-0.00444835,0.00929258,0.99729376,0.01810752,0.00845618,0.01471032
sim-sess-0001-01,5800.0,0.03653968,0.01092801,1.00331731,0.00655505,0.02454576,0.01036038
sim-sess-0001-01,5900.0,0.02606723,0.01723486,1.00322766,-0.00415978,0.01684815,0.01825833
sim-sess-0001-01,6000.0,-0.00689939,0.01725122,1.03318214,0.00263276,0.01385505,-0.00335823
sim-sess-0001-02,0.0,0.00419619,0.01609118,1.16127346,0.08074004,0.06551102,-0.00413884
sim-sess-0001-02,100.0,0.13533384,0.05968978,1.09647388,0.21675745,0.04637859,0.03842707
sim-sess-0001-02,200.0,0.19076599,0.06517308,0.88241999,0.10871764,0.04817395,0.08638838
sim-sess-0001-02,300.0,-0.01019222,0.04429951,0.83886158,-0.09003779,0.01605499,0.04552742
sim-sess-0001-02,400.0,-0.18192286,0.07188838,0.92448360,-0.21671607,-0.03185349,0.01754466
sim-sess-0001-02,500.0,-0.16088391,0.04199050,1.10389188,-0.14165614,-0.07841039,-0.02476297
sim-sess-0001-02,600.0,0.02448193,-0.03479047,1.17457738,0.06740215,-0.06309966,-0.06912224
sim-sess-0001-02,700.0,0.18270837,-0.06256712,1.03224633,0.17853028,-0.03550371,-0.02056226
sim-sess-0001-02,800.0,0.16340380,-0.06351759,0.88503989,0.07401771,-0.00902195,-0.00611001
sim-sess-0001-02,900.0,-0.04179089,-0.07145169,0.85341755,-0.10098409,0.01633449,0.02247033
sim-sess-0001-02,1000.0,-0.17451081,-0.04078888,0.97086086,-0.21915001,0.03799386,0.05471030
sim-sess-0001-02,1100.0,-0.14339974,-0.02287462,1.11711457,-0.09754155,0.08016773,0.04454305
sim-sess-0001-02,1200.0,0.02605229,0.03657901,1.14954381,0.11915355,0.08136270,0.01523664
sim-sess-0001-02,1300.0,0.18808206,0.04031373,1.02494133,0.21072484,0.08118665,-0.01403028
sim-sess-0001-02,1400.0,0.12032262,0.06982919,0.86694710,0.07292532,-0.00061718,-0.04290566
sim-sess-0001-02,1500.0,-0.06480180,0.06970323,0.84521503,-0.11146406,-0.04205287,-0.04628500
sim-sess-0001-02,1600.0,-0.19483479,0.03449991,0.96835666,-0.18547307,-0.05214152,-0.02908515
sim-sess-0001-02,1700.0,-0.11783195,-0.01241464,1.14709524,-0.06680597,-0.06287985,0.03619037
sim-sess-0001-02,1800.0,0.06315218,-0.02497767,1.15052935,0.13387404,-0.04773512,0.03706301
sim-sess-0001-02,1900.0,0.16819092,-0.05793815,1.02309837,0.21955112,-0.05755049,0.06066822
sim-sess-0001-02,2000.0,0.13636189,-0.08098848,0.87209218,0.05979412,-0.02561006,0.02780089
sim-sess-0001-02,2100.0,-0.08144842,-0.06268134,0.84304501,-0.15261436,-0.00795198,-0.03687641
sim-sess-0001-02,2200.0,-0.20215698,-0.03091331,0.99784687,-0.20986066,0.04889621,-0.05769899
sim-sess-0001-02,2300.0,-0.11203808,-0.00294809,1.12468751,-0.04597789,0.08618189,-0.04921182
sim-sess-0001-02,2400.0,0.10130660,0.03061960,1.13804697,0.15511682,0.07604135,-0.03290959
sim-sess-0001-02,2500.0,0.20639447,0.07456923,0.98259118,0.18013982,0.07607922,-0.00145979
sim-sess-0001-02,2600.0,0.08946087,0.07309604,0.82808330,0.02356391,0.00089141,0.04423363
sim-sess-0001-02,2700.0,-0.09468296,0.08110117,0.85113588,-0.16956902,-0.04508375,0.04757251
sim-sess-0001-02,2800.0,-0.19745614,0.03113460,1.02101119,-0.17901200,-0.06296885,0.03363359
sim-sess-0001-02,2900.0,-0.07767956,-0.00107573,1.15962770,-0.01762913,-0.07838219,-0.00338763
sim-sess-0001-02,3000.0,0.11594219,-0.05192060,1.14535630,0.17230354,-0.06056379,-0.03561396
sim-sess-0001-02,3100.0,0.19180762,-0.05307796,0.97236225,0.14474441,-0.06510583,-0.03819963
sim-sess-0001-02,3200.0,0.08272926,-0.07633966,0.84155190,0.02008030,-0.01667191,-0.02056500
sim-sess-0001-02,3300.0,-0.12988926,-0.04875759,0.84999425,-0.18940236,-0.00104990,-0.00806079
sim-sess-0001-02,3400.0,-0.16384541,-0.05297915,1.02103136,-0.16903643,0.08484810,0.04005919
sim-sess-0001-02,3500.0,-0.07405244,-0.00622414,1.15620394,0.02728914,0.08518091,0.03519829
sim-sess-0001-02,3600.0,0.12608994,0.06225675,1.11376813,0.19485051,0.04633086,0.04472589
sim-sess-0001-02,3700.0,0.17910161,0.08565531,0.96604447,0.17718026,0.03664701,0.01454062
sim-sess-0001-02,3800.0,0.05225292,0.05832191,0.83524777,-0.05574857,0.02028240,-0.03606817
sim-sess-0001-02,3900.0,-0.15552584,0.06139388,0.86815053,-0.18618414,-0.00537086,-0.04342017
sim-sess-0001-02,4000.0,-0.19625217,0.02654223,1.06755721,-0.13431119,-0.05645503,-0.03633028
sim-sess-0001-02,4100.0,-0.03855631,-0.00793697,1.14868329,0.00810953,-0.06376460,-0.02568158
sim-sess-0001-02,4200.0,0.14808296,-0.04931378,1.09146333,0.20925874,-0.07746321,0.02082820
sim-sess-0001-02,4300.0,0.18743637,-0.07556647,0.93836514,0.14960333,-0.02659969,0.03242373
sim-sess-0001-02,4400.0,0.03550453,-0.07074810,0.83336724,-0.04890482,-0.01826178,0.05639681
sim-sess-0001-02,4500.0,-0.14903530,-0.05068260,0.88356751,-0.19354868,0.05739901,0.02164917
sim-sess-0001-02,4600.0,-0.17207424,0.00668293,1.06774474,-0.12495652,0.05402271,-0.03395466
sim-sess-0001-02,4700.0,-0.02576999,0.03024803,1.16430756,0.05511596,0.08237112,-0.05171834
sim-sess-0001-02,4800.0,0.15703226,0.06689664,1.08216954,0.19768690,0.05475376,-0.05568542
sim-sess-0001-02,4900.0,0.14495260,0.06873671,0.90605245,0.11444890,0.04509961,-0.04308825
sim-sess-0001-02,5000.0,-0.00254335,0.03992610,0.83166702,-0.08833181,-0.00464978,-0.01589555
sim-sess-0001-02,5100.0,-0.16909402,0.05856468,0.92525834,-0.20935453,-0.03804764,0.05159160
sim-sess-0001-02,5200.0,-0.16374731,0.01419880,1.07102824,-0.11130784,-0.05832796,0.05153738
sim-sess-0001-02,5300.0,0.01414167,-0.03190500,1.17115137,0.11782809,-0.05684477,0.04811006
sim-sess-0001-02,5400.0,0.17145793,-0.06124316,1.08285265,0.20733676,-0.05140446,-0.00070331
sim-sess-0001-02,5500.0,0.12858726,-0.06330306,0.90918152,0.10641150,-0.05116811,-0.04763875
sim-sess-0001-02,5600.0,-0.03430412,-0.06113229,0.83404890,-0.07792214,0.01103138,-0.07139404
sim-sess-0001-02,5700.0,-0.18690292,-0.04955173,0.95059201,-0.19357262,0.06049878,-0.05782166
sim-sess-0001-02,5800.0,-0.15233402,-0.02576386,1.10740200,-0.11940800,0.08463710,-0.00625594
sim-sess-0001-02,5900.0,0.01712596,0.02066664,1.15471178,0.10677542,0.07367392,0.05390667
sim-sess-0001-02,6000.0,0.18146974,0.09390175,1.04333497,0.22034758,0.07837149,0.05071147
sim-sess-0001-03,0.0,0.02522971,0.03523929,0.96855167,0.36595979,0.00272927,0.07692534
sim-sess-0001-03,100.0,0.22338708,0.04793837,1.03126246,0.36491933,0.03092394,0.06778549
sim-sess-0001-03,200.0,0.35033061,0.04095936,1.08417261,0.28152701,0.04582043,0.03693686
sim-sess-0001-03,300.0,0.40777364,0.04981394,1.22186566,0.16691688,0.09888221,0.05248220
sim-sess-0001-03,400.0,0.33289539,0.03386924,1.30925959,0.01756031,0.07246088,0.09454622
sim-sess-0001-03,500.0,0.27885922,0.03143808,1.43491008,-0.14648151,0.07898640,0.02514651
sim-sess-0001-03,600.0,0.16539844,0.00593084,1.53422833,-0.28030452,0.06763621,0.01341670
sim-sess-0001-03,700.0,0.07165608,-0.02843889,1.60833348,-0.35119413,0.05617327,0.02277758
sim-sess-0001-03,800.0,0.01424189,-0.03702575,1.61420527,-0.39828863,-0.00328090,-0.00373917
sim-sess-0001-03,900.0,-0.07081523,-0.03377082,1.60928943,-0.37326131,-0.04433008,-0.02918784
sim-sess-0001-03,1000.0,-0.16403263,-0.04289345,1.55714748,-0.26273157,-0.04724853,-0.02142112
sim-sess-0001-03,1100.0,-0.27223889,-0.03514544,1.44684806,-0.14205702,-0.08674443,-0.02940174
sim-sess-0001-03,1200.0,-0.36432766,-0.03294002,1.32495631,-0.00859686,-0.08206846,-0.06137923
sim-sess-0001-03,1300.0,-0.38368782,-0.03136130,1.20735455,0.11578659,-0.11759938,-0.06932179
sim-sess-0001-03,1400.0,-0.35662767,-0.00858312,1.10450282,0.27850935,-0.07828498,-0.06449596
sim-sess-0001-03,1500.0,-0.22169328,-0.01165027,1.03016703,0.35724759,-0.04561321,-0.06516241
sim-sess-0001-03,1600.0,-0.00416025,0.02545402,0.99897273,0.39387110,-0.00934276,-0.07819919
sim-sess-0001-03,1700.0,0.19547731,0.04901228,1.00712236,0.35264454,0.01440799,-0.06161190
sim-sess-0001-03,1800.0,0.30192480,0.05497309,1.06847653,0.25943717,0.05663426,-0.05495801
sim-sess-0001-03,1900.0,0.38846030,0.05164087,1.17898445,0.15930919,0.08809605,-0.07388040
sim-sess-0001-03,2000.0,0.37611586,0.02516685,1.29834522,0.01947367,0.08390698,-0.04290715
sim-sess-0001-03,2100.0,0.30361020,0.02882633,1.38889672,-0.10602436,0.06188804,-0.01235725
sim-sess-0001-03,2200.0,0.18401705,-0.01748158,1.52619512,-0.23985596,0.09433351,-0.02674445
sim-sess-0001-03,2300.0,0.12608631,-0.00004705,1.60471100,-0.34908381,0.02761759,-0.02566932
sim-sess-0001-03,2400.0,0.03665867,-0.00906015,1.65174429,-0.38063716,0.02348374,-0.02138385
sim-sess-0001-03,2500.0,-0.05763416,-0.04074143,1.63148004,-0.37135800,-0.01193808,0.00078448
sim-sess-0001-03,2600.0,-0.15317580,-0.03335483,1.57731639,-0.32136383,-0.04136530,0.01147103
sim-sess-0001-03,2700.0,-0.26658709,-0.04102329,1.45985053,-0.20531491,-0.08664673,0.03486595
sim-sess-0001-03,2800.0,-0.31474050,-0.03241175,1.34711762,-0.03960471,-0.08076837,0.03267308
sim-sess-0001-03,2900.0,-0.38339393,-0.03284080,1.20018131,0.12099011,-0.07601965,0.06884796
sim-sess-0001-03,3000.0,-0.33879243,0.02446529,1.12815822,0.24841533,-0.04653407,0.08105660
sim-sess-0001-03,3100.0,-0.24169758,-0.00249218,1.03144217,0.33423802,-0.05077082,0.05531461
sim-sess-0001-03,3200.0,-0.04306072,0.03354980,1.02048629,0.38772411,-0.02002831,0.07280291
sim-sess-0001-03,3300.0,0.13781148,0.03629982,1.01996300,0.38364183,0.03283926,0.05775744
sim-sess-0001-03,3400.0,0.31939793,0.05504259,1.08356848,0.32628088,0.04103094,0.04710090
sim-sess-0001-03,3500.0,0.37627463,0.06561277,1.15030594,0.16598098,0.06997567,0.04708988
sim-sess-0001-03,3600.0,0.39890240,0.02064750,1.27801381,0.05846554,0.09844622,0.04313134
sim-sess-0001-03,3700.0,0.30153493,0.03941043,1.38368787,-0.09050912,0.05116600,0.05530813
sim-sess-0001-03,3800.0,0.19586307,-0.00013883,1.49256022,-0.24243514,0.05864548,0.03866035
sim-sess-0001-03,3900.0,0.10095362,-0.00293646,1.63059514,-0.32902901,0.03854652,0.03150592
sim-sess-0001-03,4000.0,0.02370272,-0.02396721,1.60203906,-0.38065308,0.02194295,-0.01367387
sim-sess-0001-03,4100.0,-0.06838130,-0.03667500,1.60874832,-0.34109405,-0.05119277,-0.04788739
sim-sess-0001-03,4200.0,-0.15505391,-0.05203242,1.57255148,-0.30856854,-0.05543307,-0.02654483
sim-sess-0001-03,4300.0,-0.24846313,-0.03197602,1.45081603,-0.18485821,-0.06858155,-0.04553756
sim-sess-0001-03,4400.0,-0.32040962,-0.06086540,1.33698772,-0.07452910,-0.07399315,-0.06975294
sim-sess-0001-03,4500.0,-0.36311427,-0.03611362,1.22961978,0.10099659,-0.07732094,-0.06911894
sim-sess-0001-03,4600.0,-0.38102424,-0.00760591,1.12849405,0.22028458,-0.07725893,-0.02994816
sim-sess-0001-03,4700.0,-0.27898183,0.00473107,1.04609330,0.34275897,-0.03174297,-0.05067293
sim-sess-0001-03,4800.0,-0.08127599,0.03575567,1.01277897,0.37202160,-0.01097820,-0.07785966
sim-sess-0001-03,4900.0,0.10263698,0.05222853,1.01584608,0.38448928,0.04731011,-0.07441461
sim-sess-0001-03,5000.0,0.31523429,0.06899059,1.05733419,0.34674884,0.06978488,-0.07120872
sim-sess-0001-03,5100.0,0.38428252,0.05850294,1.14560204,0.22462671,0.05685066,-0.04760993
sim-sess-0001-03,5200.0,0.40470708,0.04563438,1.26057052,0.07055131,0.10435758,-0.03393561
sim-sess-0001-03,5300.0,0.32638159,0.02439074,1.40211845,-0.08954129,0.08965217,-0.04564452
sim-sess-0001-03,5400.0,0.20100117,0.00825109,1.48688660,-0.21587451,0.04956401,-0.06571735
sim-sess-0001-03,5500.0,0.10709691,0.00025655,1.58290213,-0.31232850,0.05791760,0.01444715
sim-sess-0001-03,5600.0,0.02938503,-0.03158423,1.61115798,-0.39058289,0.03993963,0.00452739
sim-sess-0001-03,5700.0,-0.03033743,-0.02843395,1.60605760,-0.35033948,-0.02819180,0.00286881
sim-sess-0001-03,5800.0,-0.11359548,-0.04962846,1.57366552,-0.28155658,-0.03546486,0.00347626
sim-sess-0001-03,5900.0,-0.22870334,-0.06024320,1.50009568,-0.20193013,-0.04335952,0.03661649
sim-sess-0001-03,6000.0,-0.32115073,-0.05071315,1.35845103,-0.06431886,-0.05889068,0.03884531
sim-sess-0001-04,0.0,0.05894741,-0.03474449,1.00084136,0.32213054,-0.00889418,0.01922720
sim-sess-0001-04,100.0,0.16260834,-0.00026840,1.01662272,0.27138511,0.04576843,0.07269372
sim-sess-0001-04,200.0,0.24832164,0.00998981,1.03218851,0.24343461,0.05317704,0.01877674
sim-sess-0001-04,300.0,0.32689450,0.02674298,1.07289242,0.18826595,0.08438401,0.05117629
sim-sess-0001-04,400.0,0.37193364,0.04971426,1.12877911,0.14585188,0.04850730,0.03725239
sim-sess-0001-04,500.0,0.40512607,0.03597976,1.21243617,0.11918144,0.10655854,0.06080449
sim-sess-0001-04,600.0,0.43496157,0.03810625,1.29139723,0.02587461,0.11949405,0.05243542
sim-sess-0001-04,700.0,0.42920566,0.05234859,1.36169741,-0.02918634,0.13578918,-0.00001314
sim-sess-0001-04,800.0,0.41847524,0.06995790,1.47476696,-0.04262780,0.12277894,0.03522782
sim-sess-0001-04,900.0,0.39157863,0.04308952,1.55382568,-0.14492959,0.09996828,0.03721892
sim-sess-0001-04,1000.0,0.34109472,0.07397313,1.61523624,-0.18451793,0.08813521,0.04370733
sim-sess-0001-04,1100.0,0.24208713,0.08667477,1.67044640,-0.24721872,0.10549863,0.04118660
sim-sess-0001-04,1200.0,0.17147257,0.05159680,1.73217299,-0.26569660,0.09391297,0.01595112
sim-sess-0001-04,1300.0,0.09494551,0.08576296,1.74377064,-0.28278456,0.02072935,0.01834649
sim-sess-0001-04,1400.0,-0.00327853,0.08195244,1.80781127,-0.29973892,0.01365910,-0.00188330
sim-sess-0001-04,1500.0,-0.08566722,0.09562754,1.84257017,-0.30664911,-0.00498983,0.01084554
sim-sess-0001-04,1600.0,-0.17908917,0.07130853,1.76661606,-0.25137153,-0.04367890,-0.00369624
sim-sess-0001-04,1700.0,-0.23705483,0.07396589,1.74062839,-0.22537852,-0.04605691,-0.02267607
sim-sess-0001-04,1800.0,-0.34069791,0.08003141,1.69684144,-0.15795809,-0.08330017,-0.01210772
sim-sess-0001-04,1900.0,-0.39634576,0.06496118,1.64906523,-0.15860064,-0.10129510,-0.03001569
sim-sess-0001-04,2000.0,-0.43169822,0.05949470,1.59880061,-0.07148177,-0.09326159,-0.01638851
sim-sess-0001-04,2100.0,-0.40971377,0.04029813,1.51217645,-0.01399493,-0.11895064,-0.01208077
sim-sess-0001-04,2200.0,-0.42810169,0.07432303,1.39645883,0.05448509,-0.11126428,-0.04735422
sim-sess-0001-04,2300.0,-0.40436626,0.03238107,1.32282047,0.08057109,-0.12550368,-0.05522792
sim-sess-0001-04,2400.0,-0.35740761,0.04882091,1.27130375,0.17139670,-0.11199607,-0.04056894
sim-sess-0001-04,2500.0,-0.30690452,0.03691873,1.15797987,0.15747491,-0.11101941,-0.05284813
sim-sess-0001-04,2600.0,-0.22627131,0.01071791,1.10725101,0.22575278,-0.07037309,-0.03026184
sim-sess-0001-04,2700.0,-0.15197575,0.00161880,1.04938684,0.27042316,-0.06798342,-0.04141936
sim-sess-0001-04,2800.0,-0.06313327,0.00151771,1.03008018,0.25507801,-0.02892233,-0.04364341
sim-sess-0001-04,2900.0,0.00882961,0.00727063,1.00077457,0.27469964,-0.01732810,-0.04203199
sim-sess-0001-04,3000.0,0.11958782,0.00412296,1.00431313,0.29889583,-0.00637265,-0.02980765
sim-sess-0001-04,3100.0,0.21457132,-0.01687719,1.01453806,0.25877640,0.06147848,-0.05822503
sim-sess-0001-04,3200.0,0.26998428,-0.01863163,1.04358351,0.22800259,0.06546737,-0.07622452
sim-sess-0001-04,3300.0,0.34067490,-0.02279153,1.10317017,0.18153352,0.08622676,-0.02020449
sim-sess-0001-04,3400.0,0.42539938,-0.03866117,1.16402791,0.11313640,0.10102583,-0.06404623
sim-sess-0001-04,3500.0,0.40074619,-0.02995693,1.24925409,0.05190763,0.10943211,-0.03403204
sim-sess-0001-04,3600.0,0.42699304,-0.05240786,1.33033523,0.00004040,0.11604235,-0.01031241
sim-sess-0001-04,3700.0,0.41428807,-0.06571487,1.41863455,-0.06056545,0.08488631,-0.03961341
sim-sess-0001-04,3800.0,0.38985846,-0.08037751,1.49788042,-0.12899022,0.10708930,-0.04065445
sim-sess-0001-04,3900.0,0.34606452,-0.07095564,1.59479130,-0.18463593,0.10818831,-0.00871617
sim-sess-0001-04,4000.0,0.29331797,-0.05701203,1.66187737,-0.23903942,0.10236212,-0.02153908
sim-sess-0001-04,4100.0,0.22672791,-0.09659324,1.71541832,-0.23995921,0.08980720,-0.00551998
sim-sess-0001-04,4200.0,0.11333345,-0.06230399,1.76203452,-0.28142754,0.04590292,-0.02735149
sim-sess-0001-04,4300.0,0.02599403,-0.08880488,1.76481239,-0.27445780,0.01872893,-0.01033732
sim-sess-0001-04,4400.0,-0.06221899,-0.09776822,1.77698437,-0.30649999,-0.01223873,-0.01612680
sim-sess-0001-04,4500.0,-0.15168159,-0.06230692,1.78718946,-0.24061673,-0.02899852,0.02189960
sim-sess-0001-04,4600.0,-0.21875488,-0.04842118,1.79073978,-0.21768622,-0.06584739,-0.00001020
sim-sess-0001-04,4700.0,-0.31435657,-0.05464932,1.75520162,-0.20648120,-0.05080140,-0.00666696
sim-sess-0001-04,4800.0,-0.36563307,-0.06731467,1.63323780,-0.15755580,-0.07229814,0.00128064
sim-sess-0001-04,4900.0,-0.41277603,-0.06268877,1.62360040,-0.12350954,-0.08373045,0.01901126
sim-sess-0001-04,5000.0,-0.45372230,-0.06741231,1.56703116,-0.06647643,-0.10956548,0.01482879
sim-sess-0001-04,5100.0,-0.45312877,-0.03405640,1.46952169,0.04387950,-0.11507231,0.05391909
sim-sess-0001-04,5200.0,-0.44892462,-0.04122208,1.36897862,0.07633434,-0.12924372,0.03122179
sim-sess-0001-04,5300.0,-0.41843647,-0.03107339,1.30164026,0.11761901,-0.11462901,0.02609817
sim-sess-0001-04,5400.0,-0.34233891,-0.04337507,1.18500812,0.19177088,-0.06764905,0.03687282
sim-sess-0001-04,5500.0,-0.26197997,-0.03218538,1.12082194,0.18774884,-0.06591287,0.07121148
sim-sess-0001-04,5600.0,-0.18103006,-0.02298022,1.05817238,0.25304500,-0.07280133,0.04592018
sim-sess-0001-04,5700.0,-0.11422258,0.00525008,1.03542464,0.30069716,-0.04917900,0.04119544
sim-sess-0001-04,5800.0,-0.01968052,0.00076108,1.00722704,0.28334311,-0.02736077,0.00808472
sim-sess-0001-04,5900.0,0.06210102,0.00810131,0.99349947,0.28250957,-0.00079873,0.04503162
sim-sess-0001-04,6000.0,0.17300271,0.02955598,1.01759810,0.25990316,0.01462279,0.04898807
sim-sess-0001-05,0.0,0.01954689,0.05300137,0.98056751,0.00506394,0.00787223,0.01231774
sim-sess-0001-05,100.0,0.01831861,0.02759712,1.01068183,0.04326361,0.00660860,0.00418903
sim-sess-0001-05,200.0,0.01462372,0.01831515,1.01031722,0.02881712,0.01996043,0.03905429
sim-sess-0001-05,300.0,0.03761232,0.02890710,1.04069757,0.03865697,0.00641554,0.01709241
sim-sess-0001-05,400.0,0.04560343,0.02694309,1.04298839,0.04663381,0.02989264,-0.00251159
sim-sess-0001-05,500.0,0.05168423,-0.00786928,1.02380705,0.03702430,0.00983527,0.02957708
sim-sess-0001-05,600.0,0.03423575,-0.00204991,1.02636747,0.04370662,0.01747050,0.01013451
sim-sess-0001-05,700.0,0.05305138,0.00815041,1.02705983,0.03003412,-0.00635380,0.03852292
sim-sess-0001-05,800.0,-0.01036846,-0.01667920,1.01665418,0.01619558,-0.00313688,-0.00299579
sim-sess-0001-05,900.0,0.00236383,-0.00882701,1.01390944,0.02344428,-0.04488258,0.03422140
sim-sess-0001-05,1000.0,-0.01213578,-0.03145682,0.99085518,-0.00444271,-0.00631962,0.02482380
sim-sess-0001-05,1100.0,-0.02650332,-0.01928455,0.99070101,-0.00207461,-0.03173768,0.00476857
sim-sess-0001-05,1200.0,-0.03848181,-0.03289895,0.98917841,-0.00913237,0.00923012,0.01599592
sim-sess-0001-05,1300.0,-0.02414261,-0.03713299,0.95946883,-0.05554213,-0.00504886,0.00298506
sim-sess-0001-05,1400.0,-0.05216162,-0.03015620,0.98976827,-0.02594892,-0.00494817,0.00585380
sim-sess-0001-05,1500.0,-0.04235531,-0.02912147,0.94336852,-0.01669127,-0.00366830,0.01255823
sim-sess-0001-05,1600.0,-0.05348956,-0.01306894,0.97536289,-0.02467156,-0.01725882,0.00731385
sim-sess-0001-05,1700.0,-0.00507878,0.00084817,0.99439945,-0.01161608,-0.01153443,0.02787489
sim-sess-0001-05,1800.0,0.01421801,-0.00366289,0.96374200,-0.00318301,-0.03301873,0.00420651
sim-sess-0001-05,1900.0,0.00367783,-0.00366912,0.98289879,-0.02135744,-0.00639371,-0.04082905
sim-sess-0001-05,2000.0,0.01921949,0.01262422,0.99481113,0.00189498,-0.00750977,-0.00464760
sim-sess-0001-05,2100.0,0.02625747,0.03195098,1.00455121,0.00569225,-0.01446347,-0.01104629
sim-sess-0001-05,2200.0,0.03887318,0.02834204,1.01149463,0.00804791,0.02395211,-0.02406229
sim-sess-0001-05,2300.0,0.04796185,0.02089855,1.02650274,0.04957647,0.01991555,-0.03203899
sim-sess-0001-05,2400.0,0.03127485,0.02733830,1.02003365,0.03571241,0.02302164,0.02001267
sim-sess-0001-05,2500.0,0.03281216,0.04304960,1.02561153,0.04412754,0.02787923,-0.02854327
sim-sess-0001-05,2600.0,0.02744698,0.04694991,1.02181029,0.01922091,0.01105188,-0.04651566
sim-sess-0001-05,2700.0,0.02640513,0.00257477,1.03270308,0.00949466,0.00042169,-0.03110317
sim-sess-0001-05,2800.0,-0.02160535,0.00338212,1.00809684,0.00408117,0.01665916,0.02178176
sim-sess-0001-05,2900.0,-0.02857541,0.00519415,1.01451555,0.01187861,0.02078178,-0.03810618
sim-sess-0001-05,3000.0,-0.05800040,0.00765192,0.99446110,-0.02307268,0.01502009,-0.02851865
sim-sess-0001-05,3100.0,-0.04015715,0.00067841,1.00978321,-0.01429364,-0.01176565,-0.01890958
sim-sess-0001-05,3200.0,-0.04699171,-0.03810871,0.97833223,-0.01720958,-0.02390594,0.01091914
sim-sess-0001-05,3300.0,-0.04738843,-0.03303530,0.98360350,-0.01018265,-0.01980302,0.01286115
sim-sess-0001-05,3400.0,-0.02862524,-0.03654096,0.99049486,-0.05402245,-0.04393302,0.02006176
sim-sess-0001-05,3500.0,-0.01541682,-0.03265713,0.98588891,-0.04069945,-0.02022198,-0.00477352
sim-sess-0001-05,3600.0,-0.00043467,-0.03026178,0.97461649,-0.04053375,-0.02873867,0.02745156
sim-sess-0001-05,3700.0,-0.00964708,-0.04668950,0.95446913,-0.03801547,-0.03019453,0.01587244
sim-sess-0001-05,3800.0,0.02534437,-0.01213633,0.97688358,-0.00345777,-0.02809446,0.01477027
sim-sess-0001-05,3900.0,0.02956618,-0.03898507,0.95924710,0.00015591,-0.03001350,-0.01041644
sim-sess-0001-05,4000.0,0.03473048,-0.01611694,0.96965092,0.01143383,-0.04199367,0.02453700
sim-sess-0001-05,4100.0,0.04258017,-0.01146131,1.00593543,0.00411541,-0.04382723,0.01372894
sim-sess-0001-05,4200.0,0.03982442,-0.02162288,1.00736738,0.03560466,-0.01786171,0.01900283
sim-sess-0001-05,4300.0,0.02496214,0.00065010,1.01786745,0.02925875,0.00664931,0.01589722
sim-sess-0001-05,4400.0,0.01423185,0.01451261,1.01484778,0.01888417,0.00459043,0.00912615
sim-sess-0001-05,4500.0,-0.00494989,0.02780903,1.03799612,0.03592259,0.00080897,0.03043398
sim-sess-0001-05,4600.0,-0.01228799,0.02766283,1.02211697,0.02385927,0.03025432,0.01265470
sim-sess-0001-05,4700.0,-0.01150687,0.02243773,1.03064555,0.05970643,0.00847522,0.01432949
sim-sess-0001-05,4800.0,-0.03605111,0.02050990,1.00514610,0.05769669,0.02330931,-0.00046412
sim-sess-0001-05,4900.0,-0.04436980,0.03819909,1.01999131,0.02225655,0.01292337,0.03630311
sim-sess-0001-05,5000.0,-0.04206639,0.02649740,1.02835522,-0.00989506,-0.00648942,0.03364647
sim-sess-0001-05,5100.0,-0.03240850,0.02151289,1.01785031,-0.00082492,0.03070401,-0.01433792
sim-sess-0001-05,5200.0,-0.04345488,0.03687071,1.00390477,-0.02563537,0.03169730,-0.02252030
sim-sess-0001-05,5300.0,-0.02058310,0.00582958,0.97286591,-0.00980596,0.02230950,-0.02899415
sim-sess-0001-05,5400.0,-0.00107008,-0.02842990,0.99557997,-0.01208959,0.00778197,-0.00147485
sim-sess-0001-05,5500.0,0.00850662,-0.00935379,0.96361962,-0.02743414,0.02772696,-0.01387826
sim-sess-0001-05,5600.0,0.00657948,-0.03711743,0.96618290,-0.03304683,0.01520749,-0.00113052
sim-sess-0001-05,5700.0,0.02407765,-0.03401951,0.97551924,-0.00005668,0.00662663,-0.01913298
sim-sess-0001-05,5800.0,0.02772147,-0.00929797,0.94372276,-0.01156380,-0.01012071,0.02398515
sim-sess-0001-05,5900.0,0.03421862,-0.04477675,0.97525156,-0.01260775,-0.01850891,-0.00771729
sim-sess-0001-05,6000.0,0.05475975,-0.04513518,0.98203804,-0.00346647,-0.03046924,-0.02975838
sim-sess-0002-01,0.0,-0.01270519,0.03539358,0.99383634,0.01234791,-0.00569582,-0.00865763
sim-sess-0002-01,100.0,0.01158078,-0.00320275,1.00766145,0.01089351,-0.00250056,0.00339329
sim-sess-0002-01,200.0,0.03082149,0.01154223,1.01567293,-0.00900497,-0.00352960,0.00091854
sim-sess-0002-01,300.0,-0.00170700,0.02640131,0.99715298,0.03921698,0.01032435,0.00505396
sim-sess-0002-01,400.0,0.01855849,0.02641766,1.01147259,0.01186141,0.00345631,-0.00494822
sim-sess-0002-01,500.0,0.00148310,-0.00438743,1.03180900,0.02109853,0.01790365,0.00739178
sim-sess-0002-01,600.0,0.01035376,0.02033412,1.01563907,0.00691209,0.02755834,-0.02256312
sim-sess-0002-01,700.0,0.00710264,0.01768330,1.00779894,0.02551059,0.00163275,0.02589118
sim-sess-0002-01,800.0,-0.00215252,0.01780416,1.01203351,0.02702121,0.03116942,0.00659858
sim-sess-0002-01,900.0,0.00986563,0.00752993,1.00310233,0.00595909,0.04106281,0.02113343
sim-sess-0002-01,1000.0,0.00377342,-0.01660439,1.00760113,0.01926731,0.00266830,-0.01960664
sim-sess-0002-01,1100.0,0.02699204,0.02133981,1.02538449,0.02826583,0.00151883,0.00365532
sim-sess-0002-01,1200.0,0.00276703,0.01310935,1.00975634,0.00207811,-0.00118820,0.04053212
sim-sess-0002-01,1300.0,0.01328642,-0.00251323,1.01771920,0.00910438,0.01232264,0.00282580
sim-sess-0002-01,1400.0,0.00381652,0.01264850,1.01894544,0.00462188,0.01859274,0.01097473
sim-sess-0002-01,1500.0,0.01849539,-0.01037534,1.00881134,0.01374145,0.00765406,0.02439256
sim-sess-0002-01,1600.0,0.01665997,-0.01135822,1.00115065,0.00317964,0.02154305,0.00267548
sim-sess-0002-01,1700.0,0.02409507,-0.01101704,1.02363908,0.01224740,0.01896206,-0.01103820
sim-sess-0002-01,1800.0,0.01833730,-0.00473266,1.00374002,0.02732646,0.02855224,0.01133062
sim-sess-0002-01,1900.0,0.00448165,-0.01771547,1.00228409,0.03344304,-0.01351187,0.02563095
sim-sess-0002-01,2000.0,0.00393903,-0.01514127,0.99868636,0.01028495,0.02326431,-0.02648906
sim-sess-0002-01,2100.0,-0.00098549,0.01125657,1.00596071,-0.01098095,0.02113304,-0.00552137
sim-sess-0002-01,2200.0,0.00777447,-0.01248744,1.01626367,-0.00350047,0.02238381,0.00698871
sim-sess-0002-01,2300.0,-0.00504015,-0.00495437,1.00874140,0.02252442,0.00956851,0.01217069
sim-sess-0002-01,2400.0,-0.00502331,0.00039643,0.98798397,0.03245426,0.01678074,-0.00675019
sim-sess-0002-01,2500.0,0.00170543,0.00663382,0.99842448,0.00612227,0.01302659,-0.00601914
sim-sess-0002-01,2600.0,-0.01364434,-0.00666380,0.96616015,0.01088155,0.00136663,0.00033581
sim-sess-0002-01,2700.0,-0.01750550,-0.02094408,0.99119126,-0.00465557,0.02321726,0.01918066
sim-sess-0002-01,2800.0,-0.00001029,-0.00176421,0.98340235,0.01554064,-0.01684596,0.00931531
sim-sess-0002-01,2900.0,-0.00301215,-0.01781217,0.98500815,0.05244204,0.01517484,0.02360154
sim-sess-0002-01,3000.0,0.00337232,0.00795620,0.99595883,0.01786476,-0.01031834,-0.02516779
sim-sess-0002-01,3100.0,-0.01944327,-0.02672254,0.99526633,0.01139630,0.01028980,-0.00603959
sim-sess-0002-01,3200.0,-0.02866659,-0.02139042,0.97143394,-0.01214237,0.00940048,0.02143451
sim-sess-0002-01,3300.0,-0.01012805,-0.00088917,0.98828341,-0.00266380,0.00248615,-0.00894135
sim-sess-0002-01,3400.0,-0.01514115,-0.02603830,0.99365480,0.01606289,0.00951417,0.03712270
sim-sess-0002-01,3500.0,-0.03673884,-0.00785901,0.99068666,0.01339314,0.00205427,-0.00985416
sim-sess-0002-01,3600.0,-0.03260864,-0.01565687,0.96471493,0.00807801,0.00837974,-0.01385041
sim-sess-0002-01,3700.0,-0.01728834,-0.01127931,0.99556776,0.01884987,0.02229436,0.00254046
sim-sess-0002-01,3800.0,-0.03499291,-0.02194057,0.98335536,0.00394402,-0.01467082,0.01413537
sim-sess-0002-01,3900.0,-0.01655736,-0.01315973,0.99366601,0.00114055,0.01032396,0.01094516
sim-sess-0002-01,4000.0,-0.01678036,-0.00561780,0.99177467,0.02780092,0.01289900,0.00826042
sim-sess-0002-01,4100.0,-0.01512274,-0.00509768,1.00978670,-0.00363335,0.01842372,-0.01566060
sim-sess-0002-01,4200.0,0.00088344,-0.00673639,1.00554955,0.01323996,0.01995396,-0.01422924
sim-sess-0002-01,4300.0,-0.00904663,0.01752892,1.00182551,0.03048043,0.01396007,0.00805002
sim-sess-0002-01,4400.0,-0.01445562,-0.00159015,1.01082332,0.02658956,0.00379577,-0.00139346
sim-sess-0002-01,4500.0,-0.02794325,0.00914219,1.00612912,-0.00170909,0.00431731,0.01913295
sim-sess-0002-01,4600.0,-0.00836687,0.01594311,0.99485807,0.02001085,0.01991810,0.01425339
sim-sess-0002-01,4700.0,0.02818471,0.00179434,1.01747697,0.00038628,0.00448846,-0.00559429
sim-sess-0002-01,4800.0,-0.01274355,-0.00495777,0.98976437,0.00237509,0.01976128,0.01581382
sim-sess-0002-01,4900.0,0.01194927,0.00669945,1.00357629,0.00991386,0.01080290,-0.01004641
sim-sess-0002-01,5000.0,0.00445637,0.01262236,1.01371647,0.00534154,0.02689697,0.03242672
sim-sess-0002-01,5100.0,0.00408960,-0.01140249,1.00131884,-0.00501114,0.00931828,-0.01346309
sim-sess-0002-01,5200.0,0.01830040,0.00585686,1.01184499,0.02291437,0.02784100,0.01975498
sim-sess-0002-01,5300.0,0.00851555,0.02741644,1.00323887,-0.00052011,0.03031354,-0.00115080
sim-sess-0002-01,5400.0,0.03233617,0.00494412,1.00464910,0.00183399,0.00857187,0.01137297
sim-sess-0002-01,5500.0,-0.00325572,0.02116547,1.02230515,0.01900969,0.01996721,0.00519568
sim-sess-0002-01,5600.0,0.00654877,0.02421449,0.99497016,-0.01229834,0.02146438,0.01307278
sim-sess-0002-01,5700.0,0.02731750,-0.00761964,1.00903882,0.02885952,0.00044518,0.01989883
sim-sess-0002-01,5800.0,0.01930043,0.01196567,1.00335163,-0.00503634,0.03121445,0.01802839
sim-sess-0002-01,5900.0,0.00439623,0.02237416,1.02498251,-0.01407894,0.01764412,-0.00628931
sim-sess-0002-01,6000.0,-0.00119382,0.01415345,1.00285240,0.02593597,0.02815954,0.02204538
sim-sess-0002-02,0.0,-0.00162695,0.03992745,1.18863426,0.09875090,0.05448494,0.03823028
sim-sess-0002-02,100.0,0.20092382,0.06915191,1.06069184,0.21489416,0.05372767,0.04364352
sim-sess-0002-02,200.0,0.20115387,0.10938129,0.89162210,0.16957689,0.02242154,0.07266643
sim-sess-0002-02,300.0,-0.01982695,0.08144957,0.80378065,-0.09715838,-0.01215453,0.03321942
sim-sess-0002-02,400.0,-0.19186189,0.04753425,0.92808308,-0.24119025,-0.06581987,-0.00727799
sim-sess-0002-02,500.0,-0.18830528,0.01930752,1.12092002,-0.10770689,-0.08028175,-0.04939069
sim-sess-0002-02,600.0,0.01451948,-0.02253954,1.20492967,0.10236574,-0.07126969,-0.05124767
sim-sess-0002-02,700.0,0.18403133,-0.06883394,1.07164013,0.23625099,-0.07155514,-0.03783973
sim-sess-0002-02,800.0,0.14028338,-0.09964419,0.87541173,0.09643272,-0.02498790,0.00959196
sim-sess-0002-02,900.0,-0.05196196,-0.10287034,0.81721480,-0.13503241,-0.00433234,0.03840981
sim-sess-0002-02,1000.0,-0.22612462,-0.05956788,0.94447626,-0.23641656,0.06828184,0.06295030
sim-sess-0002-02,1100.0,-0.13729796,-0.00787904,1.12654071,-0.10263419,0.07009763,0.06333978
sim-sess-0002-02,1200.0,0.05597557,0.03859154,1.19239397,0.12936569,0.09527149,0.05043291
sim-sess-0002-02,1300.0,0.17833060,0.07840142,1.07209356,0.24682930,0.08213715,-0.01916293
sim-sess-0002-02,1400.0,0.16137845,0.08643404,0.86094872,0.08369936,0.07566969,-0.05462081
sim-sess-0002-02,1500.0,-0.07647301,0.06850629,0.80354181,-0.14581966,-0.00515395,-0.06703231
sim-sess-0002-02,1600.0,-0.20055166,0.04913903,0.96417665,-0.23552240,-0.04752546,-0.03367309
sim-sess-0002-02,1700.0,-0.13031769,-0.00390918,1.16263106,-0.11037531,-0.09904051,0.00358085
sim-sess-0002-02,1800.0,0.09409530,-0.04255785,1.16750284,0.16545406,-0.09042928,0.04560386
sim-sess-0002-02,1900.0,0.21086548,-0.05841029,1.02434605,0.21119982,-0.07988860,0.06913825
sim-sess-0002-02,2000.0,0.12287664,-0.08595194,0.83771008,0.04860870,-0.01292007,0.05326747
sim-sess-0002-02,2100.0,-0.08660038,-0.07247944,0.81094703,-0.16066552,0.02698575,-0.02304272
sim-sess-0002-02,2200.0,-0.21137531,-0.02379704,0.98744900,-0.21475327,0.03454274,-0.05829369
sim-sess-0002-02,2300.0,-0.12552015,-0.00237483,1.14863807,-0.02337219,0.09628360,-0.06597713
sim-sess-0002-02,2400.0,0.12665523,0.04701137,1.19641837,0.18556323,0.06255343,-0.06015700
sim-sess-0002-02,2500.0,0.20655821,0.08550404,0.99848248,0.21241081,0.07465051,-0.00066892
sim-sess-0002-02,2600.0,0.08967146,0.08822819,0.81800327,0.02661923,0.01924320,0.03332692
sim-sess-0002-02,2700.0,-0.10564051,0.07278311,0.82817270,-0.18580466,-0.00578022,0.07542697
sim-sess-0002-02,2800.0,-0.21839307,0.01202100,1.00496453,-0.20631081,-0.03828045,0.02208897
sim-sess-0002-02,2900.0,-0.09659570,-0.00570375,1.18657453,0.00315226,-0.08416867,0.01643273
sim-sess-0002-02,3000.0,0.12814286,-0.06815846,1.15886898,0.19741544,-0.10132062,-0.04650931
sim-sess-0002-02,3100.0,0.20042185,-0.08036031,0.97451293,0.19547098,-0.06661627,-0.08273362
sim-sess-0002-02,3200.0,0.08882917,-0.10332582,0.83809399,-0.00669554,-0.02226880,-0.05707947
sim-sess-0002-02,3300.0,-0.12784217,-0.10459533,0.82984813,-0.22382670,0.01712725,-0.00336713
sim-sess-0002-02,3400.0,-0.21176889,-0.02489076,1.03569518,-0.19398180,0.07026851,0.01217646
sim-sess-0002-02,3500.0,-0.06749081,0.01711758,1.18542982,0.01803079,0.08420983,0.06213932
sim-sess-0002-02,3600.0,0.14489496,0.05383023,1.12044415,0.21849946,0.07026948,0.07129765
sim-sess-0002-02,3700.0,0.20281363,0.08690748,0.95165829,0.20365125,0.03384793,0.02265105
sim-sess-0002-02,3800.0,0.04563603,0.08829586,0.82019486,-0.02648312,0.03004311,-0.00923488
sim-sess-0002-02,3900.0,-0.13856332,0.06328561,0.86512761,-0.23559542,-0.03040667,-0.04246240
sim-sess-0002-02,4000.0,-0.21779641,0.02277517,1.01396000,-0.18332311,-0.09446578,-0.04976545
sim-sess-0002-02,4100.0,-0.02224946,-0.00098713,1.18766518,0.04992231,-0.12434175,-0.04659059
sim-sess-0002-02,4200.0,0.18139707,-0.06293709,1.14041570,0.22352706,-0.12372892,0.02086668
sim-sess-0002-02,4300.0,0.18575225,-0.09262674,0.92824621,0.16609543,-0.05408937,0.05099328
sim-sess-0002-02,4400.0,0.03632346,-0.09155400,0.80745444,-0.03741483,-0.01326326,0.06962179
sim-sess-0002-02,4500.0,-0.17398370,-0.06837683,0.87210583,-0.22488683,-0.00053191,0.04750194
sim-sess-0002-02,4600.0,-0.19837182,-0.03443646,1.08082291,-0.16486047,0.08300590,-0.00727552
sim-sess-0002-02,4700.0,-0.02692191,0.02579506,1.22437254,0.07835318,0.08221116,-0.05109299
sim-sess-0002-02,4800.0,0.17005998,0.06437100,1.10071383,0.21085593,0.07422322,-0.07570053
sim-sess-0002-02,4900.0,0.18126041,0.08965329,0.92513869,0.14555315,0.04823607,-0.01577837
sim-sess-0002-02,5000.0,0.00860269,0.06655741,0.82150835,-0.09822527,0.00241320,-0.00289270
sim-sess-0002-02,5100.0,-0.18665471,0.05640203,0.93514331,-0.23739151,-0.04925428,0.04815278
sim-sess-0002-02,5200.0,-0.17395703,0.02662095,1.11648149,-0.12553429,-0.08467131,0.07231547
sim-sess-0002-02,5300.0,0.03812192,-0.04048258,1.18972676,0.08804205,-0.09926069,0.04866784
sim-sess-0002-02,5400.0,0.20000891,-0.08476050,1.07983323,0.23467180,-0.07727620,-0.00676028
sim-sess-0002-02,5500.0,0.18981226,-0.09439395,0.87789315,0.13019641,-0.02464295,-0.03052589
sim-sess-0002-02,5600.0,-0.01988756,-0.09095912,0.81603929,-0.15898058,-0.00100896,-0.07110246
sim-sess-0002-02,5700.0,-0.20259743,-0.04387128,0.92715529,-0.25166671,0.07195323,-0.05724201
sim-sess-0002-02,5800.0,-0.18496950,0.00117816,1.12443287,-0.11282174,0.07299609,-0.04298143
sim-sess-0002-02,5900.0,0.04542759,0.06070223,1.18269882,0.15291760,0.09474957,0.03357240
sim-sess-0002-02,6000.0,0.21212986,0.06775851,1.07497513,0.23313508,0.05102743,0.06305535
sim-sess-0002-03,0.0,-0.00060512,0.01936487,0.98758541,0.43530997,0.02607784,0.05120227
sim-sess-0002-03,100.0,0.23261636,0.04389711,1.03309004,0.37943469,0.05166033,0.07419745
sim-sess-0002-03,200.0,0.40937787,0.05528114,1.09888173,0.30088101,0.06929969,0.07250482
sim-sess-0002-03,300.0,0.45561848,0.05270147,1.22755384,0.16692289,0.09027931,0.05653225
sim-sess-0002-03,400.0,0.41162781,0.04791266,1.37666822,-0.01615766,0.08113796,0.04031466
sim-sess-0002-03,500.0,0.29895346,0.02872138,1.47827794,-0.16596299,0.07006246,0.03438435
sim-sess-0002-03,600.0,0.21363325,0.00780687,1.61429726,-0.32292690,0.06932734,0.02014872
sim-sess-0002-03,700.0,0.09418339,-0.01188800,1.65852833,-0.38993896,0.05754693,0.04160860
sim-sess-0002-03,800.0,0.01228270,-0.02498528,1.74539733,-0.43338779,0.00740140,0.00521804
sim-sess-0002-03,900.0,-0.07323816,-0.03409991,1.65910955,-0.37424911,-0.05534077,0.00160787
sim-sess-0002-03,1000.0,-0.16950271,-0.06763493,1.59778811,-0.29445738,-0.07707976,-0.02204921
sim-sess-0002-03,1100.0,-0.31030558,-0.03879403,1.49889609,-0.17064090,-0.09156608,-0.06369808
sim-sess-0002-03,1200.0,-0.40372530,-0.04745846,1.38222498,-0.01611799,-0.13019835,-0.07434404
sim-sess-0002-03,1300.0,-0.43590205,-0.01048590,1.23834243,0.15413649,-0.09615698,-0.09118004
sim-sess-0002-03,1400.0,-0.42022584,-0.00296779,1.12247178,0.28117621,-0.07126833,-0.04725940
sim-sess-0002-03,1500.0,-0.23287376,0.02857204,1.03096026,0.39055738,-0.02049346,-0.07323140
sim-sess-0002-03,1600.0,-0.02891502,0.02305783,1.00321129,0.41712415,-0.00429277,-0.06242105
sim-sess-0002-03,1700.0,0.18705190,0.05206705,1.00166010,0.41273145,0.00006740,-0.05398089
sim-sess-0002-03,1800.0,0.37194139,0.06814538,1.11496692,0.29365877,0.08482147,-0.08000618
sim-sess-0002-03,1900.0,0.42213936,0.03937984,1.18579710,0.17868423,0.08333628,-0.09933620
sim-sess-0002-03,2000.0,0.45464445,0.03023826,1.34135303,0.02731641,0.06916691,-0.06216186
sim-sess-0002-03,2100.0,0.33751025,0.02819070,1.45878997,-0.13742448,0.09991950,-0.04582648
sim-sess-0002-03,2200.0,0.19906168,0.01862652,1.59113736,-0.25319052,0.08937410,-0.03667525
sim-sess-0002-03,2300.0,0.12128634,-0.01297808,1.70009018,-0.39906463,0.06086089,-0.03191472
sim-sess-0002-03,2400.0,0.02868071,-0.02761582,1.70117549,-0.45872000,0.01775244,-0.02821399
sim-sess-0002-03,2500.0,-0.06762018,-0.05701744,1.67446443,-0.43365251,-0.03065835,-0.00738547
sim-sess-0002-03,2600.0,-0.16618176,-0.05287334,1.62811059,-0.33219952,-0.07025814,0.02349642
sim-sess-0002-03,2700.0,-0.30278543,-0.05216041,1.53220051,-0.20902357,-0.09088067,0.03463511
sim-sess-0002-03,2800.0,-0.38723052,-0.03919256,1.40964153,-0.03569369,-0.06995544,0.05847578
sim-sess-0002-03,2900.0,-0.41565353,-0.03710228,1.25531832,0.09559413,-0.08988758,0.09609533
sim-sess-0002-03,3000.0,-0.39046165,-0.01778361,1.12156327,0.26364796,-0.06130561,0.08092874
sim-sess-0002-03,3100.0,-0.30209385,0.00421923,1.04320715,0.36580901,-0.03379218,0.05219736
sim-sess-0002-03,3200.0,-0.05094546,0.02397546,0.99794836,0.40825847,-0.00618483,0.07838581
sim-sess-0002-03,3300.0,0.16934010,0.05867299,1.00714171,0.42492224,0.05106612,0.08636485
sim-sess-0002-03,3400.0,0.37495136,0.06975041,1.06708594,0.36541495,0.02612210,0.09033808
sim-sess-0002-03,3500.0,0.42775507,0.05328977,1.19340632,0.20695153,0.08882688,0.06385096
sim-sess-0002-03,3600.0,0.42286055,0.04213735,1.32744471,0.05773038,0.10221520,0.04145636
sim-sess-0002-03,3700.0,0.32804217,0.02364222,1.44950432,-0.12151697,0.06616585,0.02264425
sim-sess-0002-03,3800.0,0.23010152,0.00335537,1.60661111,-0.28082171,0.05714624,0.02304817
sim-sess-0002-03,3900.0,0.13681849,-0.01080042,1.66929056,-0.37242258,0.05672873,0.01625906
sim-sess-0002-03,4000.0,0.03516475,-0.02330801,1.72042576,-0.45307745,0.01996753,-0.00133144
sim-sess-0002-03,4100.0,-0.04883806,-0.04730475,1.70887969,-0.42406232,-0.03731572,-0.03172623
sim-sess-0002-03,4200.0,-0.15961936,-0.05073998,1.63448417,-0.33500207,-0.03720062,-0.01886737
sim-sess-0002-03,4300.0,-0.29443927,-0.04969631,1.54564015,-0.25555914,-0.09034147,-0.02568080
sim-sess-0002-03,4400.0,-0.36866978,-0.04735107,1.40006485,-0.06636097,-0.08026574,-0.03459367
sim-sess-0002-03,4500.0,-0.42828726,-0.02328991,1.27363775,0.10090026,-0.10743193,-0.04337876
sim-sess-0002-03,4600.0,-0.40243728,0.00624556,1.13587841,0.26707092,-0.08034128,-0.05108128
sim-sess-0002-03,4700.0,-0.25555485,-0.00548194,1.05023649,0.36843393,-0.02836400,-0.05141939
sim-sess-0002-03,4800.0,-0.10882125,0.03643579,1.00780590,0.42993201,-0.00791542,-0.07358078
sim-sess-0002-03,4900.0,0.15530617,0.05999049,1.01115364,0.38154374,0.00864106,-0.09204153
sim-sess-0002-03,5000.0,0.33655138,0.07211414,1.07659978,0.33592623,0.05740946,-0.08759768
sim-sess-0002-03,5100.0,0.43106976,0.04170640,1.14696142,0.21985312,0.06299099,-0.07075042
sim-sess-0002-03,5200.0,0.43143709,0.05834557,1.29489372,0.06803414,0.10409365,-0.03994921
sim-sess-0002-03,5300.0,0.34081005,0.04591332,1.44492027,-0.08629603,0.10353447,-0.04054988
sim-sess-0002-03,5400.0,0.25653846,0.01136380,1.57195941,-0.26083764,0.04542838,-0.02932565
sim-sess-0002-03,5500.0,0.10959569,-0.00314357,1.62981505,-0.35694364,0.03920844,-0.02411774
sim-sess-0002-03,5600.0,0.03318095,-0.00331112,1.72800250,-0.41335893,0.00553308,0.01366509
sim-sess-0002-03,5700.0,-0.03829711,-0.02328123,1.69135446,-0.41702585,0.00955431,0.01567082
sim-sess-0002-03,5800.0,-0.12165550,-0.06700492,1.62719039,-0.32654998,-0.03729902,0.02405652
sim-sess-0002-03,5900.0,-0.24105479,-0.06951364,1.51794250,-0.22612857,-0.08174160,0.03145313
sim-sess-0002-03,6000.0,-0.37407632,-0.06890086,1.44178932,-0.07491787,-0.09869653,0.05062808
sim-sess-0002-04,0.0,0.06479650,-0.00746747,0.98263045,0.32604168,0.00085669,0.05154985
sim-sess-0002-04,100.0,0.19009653,-0.01406821,0.99275259,0.29269356,0.03521986,0.05371837
sim-sess-0002-04,200.0,0.27857668,0.01247464,1.03849950,0.27427746,0.04026590,0.05475520
sim-sess-0002-04,300.0,0.35490885,0.03869945,1.07888816,0.22290372,0.07486147,0.06240836
sim-sess-0002-04,400.0,0.39246794,0.03228396,1.15800561,0.16877396,0.06034132,0.04265250
sim-sess-0002-04,500.0,0.48996438,0.03581059,1.24017806,0.11012490,0.11744174,0.05274460
sim-sess-0002-04,600.0,0.49410897,0.06096723,1.35079856,0.03384716,0.11503973,0.06237620
sim-sess-0002-04,700.0,0.47722137,0.03409383,1.40923179,-0.01961425,0.12585541,0.03309491
sim-sess-0002-04,800.0,0.47056721,0.06173299,1.49489643,-0.08858228,0.08554565,0.06367955
sim-sess-0002-04,900.0,0.42870597,0.08594090,1.60690360,-0.16573559,0.13933002,0.01401285
sim-sess-0002-04,1000.0,0.39681352,0.09491772,1.70584336,-0.22421218,0.10579771,0.01589277
sim-sess-0002-04,1100.0,0.28140373,0.05793232,1.79640099,-0.24757160,0.08006875,0.02477691
sim-sess-0002-04,1200.0,0.19906890,0.08402903,1.85850407,-0.26391590,0.07159065,0.02112884
sim-sess-0002-04,1300.0,0.09316217,0.07481142,1.90326312,-0.31956712,0.04164059,-0.01672821
sim-sess-0002-04,1400.0,0.01130388,0.07375515,1.91305373,-0.30344679,0.04450944,0.00772285
sim-sess-0002-04,1500.0,-0.10960841,0.08447849,1.90965559,-0.30720131,0.01005017,-0.01880242
sim-sess-0002-04,1600.0,-0.19142941,0.08897318,1.91097005,-0.29681951,-0.06288559,-0.00707078
sim-sess-0002-04,1700.0,-0.29265437,0.07470008,1.83537243,-0.22662730,-0.04975244,-0.00349766
sim-sess-0002-04,1800.0,-0.37746456,0.06597952,1.77352639,-0.19844645,-0.07335413,-0.02464585
sim-sess-0002-04,1900.0,-0.45650140,0.07626007,1.76954823,-0.16797158,-0.10946168,-0.01317110
sim-sess-0002-04,2000.0,-0.48433536,0.06562254,1.62994245,-0.10382801,-0.09386531,-0.04674278
sim-sess-0002-04,2100.0,-0.51600965,0.04950129,1.59573861,-0.04832548,-0.13827870,-0.03004857
sim-sess-0002-04,2200.0,-0.48048121,0.06336515,1.46309703,0.06085309,-0.12914178,-0.04308379
sim-sess-0002-04,2300.0,-0.44501622,0.05373454,1.35464695,0.11220703,-0.12373803,-0.04865816
sim-sess-0002-04,2400.0,-0.43107753,0.06045022,1.26344040,0.17171080,-0.12576565,-0.04888800
sim-sess-0002-04,2500.0,-0.33334970,0.02184200,1.19442386,0.23756410,-0.12831516,-0.04573265
sim-sess-0002-04,2600.0,-0.25301501,0.03038041,1.13542839,0.23977137,-0.05965478,-0.06102888
sim-sess-0002-04,2700.0,-0.18665613,0.03850884,1.06780624,0.33933936,-0.06962451,-0.02429672
sim-sess-0002-04,2800.0,-0.07030124,0.01739042,1.01412847,0.31339977,-0.04915258,-0.06515150
sim-sess-0002-04,2900.0,0.01816478,0.01633093,1.01407917,0.32266043,-0.05029335,-0.07094494
sim-sess-0002-04,3000.0,0.13684475,-0.02537848,0.99675188,0.31862741,0.02743768,-0.04411958
sim-sess-0002-04,3100.0,0.24826363,-0.03060970,1.05025141,0.27143559,0.05508631,-0.07957243
sim-sess-0002-04,3200.0,0.32399799,-0.02082286,1.08590570,0.26780258,0.07833109,-0.06296777
sim-sess-0002-04,3300.0,0.40904258,-0.02423535,1.15158094,0.20147816,0.10770938,-0.02552915
sim-sess-0002-04,3400.0,0.45597390,-0.05195373,1.19549615,0.15779874,0.10147683,-0.06189322
sim-sess-0002-04,3500.0,0.51277112,-0.06822109,1.30925837,0.07621181,0.12501884,-0.03056984
sim-sess-0002-04,3600.0,0.50094093,-0.04282705,1.37872234,0.00425751,0.13685421,-0.01612705
sim-sess-0002-04,3700.0,0.50634181,-0.04019221,1.47386592,-0.07493159,0.15030100,-0.00530975
sim-sess-0002-04,3800.0,0.44382103,-0.05606162,1.58561324,-0.11732219,0.13759226,0.00808521
sim-sess-0002-04,3900.0,0.43906496,-0.07106024,1.69744267,-0.22257661,0.11786866,-0.04944199
sim-sess-0002-04,4000.0,0.33965629,-0.08556880,1.75199389,-0.23869725,0.08132444,-0.03692973
sim-sess-0002-04,4100.0,0.22784670,-0.06627706,1.80646090,-0.26313401,0.06787621,-0.01184684
sim-sess-0002-04,4200.0,0.13222979,-0.06010592,1.87274599,-0.28870213,0.04369233,-0.01449993
sim-sess-0002-04,4300.0,0.05644784,-0.08511651,1.85990522,-0.31685086,0.04147637,0.00283802
sim-sess-0002-04,4400.0,-0.06225012,-0.10125022,1.90934680,-0.31101531,0.01105880,-0.01873914
sim-sess-0002-04,4500.0,-0.16182888,-0.09518160,1.90435119,-0.29792214,-0.01803808,0.00531425
sim-sess-0002-04,4600.0,-0.26288916,-0.08892923,1.90091642,-0.29726174,-0.02768762,0.01181224
sim-sess-0002-04,4700.0,-0.33769563,-0.07252576,1.86833192,-0.25564141,-0.07881447,0.02513875
sim-sess-0002-04,4800.0,-0.40909110,-0.06014840,1.73680596,-0.17068533,-0.07737413,0.02436623
sim-sess-0002-04,4900.0,-0.46420063,-0.08031956,1.66660591,-0.11024041,-0.08742868,0.01679981
sim-sess-0002-04,5000.0,-0.49262329,-0.07720302,1.60676810,-0.03920868,-0.11673796,0.04968075
sim-sess-0002-04,5100.0,-0.53725874,-0.07510318,1.55175509,0.00916173,-0.10845001,0.04468527
sim-sess-0002-04,5200.0,-0.49485063,-0.04398780,1.41288982,0.10950064,-0.13062352,0.06032907
sim-sess-0002-04,5300.0,-0.46693714,-0.04844373,1.30256817,0.16607086,-0.12174280,0.07425474
sim-sess-0002-04,5400.0,-0.40295352,-0.04086097,1.23484396,0.21349145,-0.10468575,0.04679692
sim-sess-0002-04,5500.0,-0.32794872,-0.04314720,1.16041721,0.23948956,-0.09271635,0.07993940
sim-sess-0002-04,5600.0,-0.22019971,-0.02096495,1.09459905,0.29167928,-0.05901153,0.04127915
sim-sess-0002-04,5700.0,-0.11603579,0.01053897,1.03290027,0.32716210,-0.05397591,0.05233749
sim-sess-0002-04,5800.0,-0.02439959,-0.00755925,1.02173647,0.33310517,-0.01702211,0.04270453
sim-sess-0002-04,5900.0,0.08168050,0.00148204,0.99959167,0.29260828,-0.00542372,0.06310745
sim-sess-0002-04,6000.0,0.20351996,0.02766156,1.02469635,0.30025496,0.02189324,0.04198515
sim-sess-0002-05,0.0,-0.00959007,0.04796580,0.99740793,-0.02004800,0.02589645,0.00739526
sim-sess-0002-05,100.0,0.02794525,0.03343928,1.01880548,0.00126831,0.02194170,0.03187467
sim-sess-0002-05,200.0,0.03888789,0.05319110,1.02168965,0.00277723,0.02780159,0.01270471
sim-sess-0002-05,300.0,0.04597267,0.03763984,1.04991627,0.03697896,0.02044310,0.02796098
sim-sess-0002-05,400.0,0.05624225,0.02220792,1.01419852,0.03170652,0.02129394,0.02896689
sim-sess-0002-05,500.0,0.04985224,0.02297910,1.04943758,0.01602165,0.00839412,0.00905900
sim-sess-0002-05,600.0,0.03998896,-0.02102025,1.04969012,0.00864859,0.01878789,0.03459465
sim-sess-0002-05,700.0,0.02675937,-0.01405147,1.04129303,0.02040279,0.00552608,0.02634523
sim-sess-0002-05,800.0,0.03057898,-0.03139905,1.01057165,0.01336769,-0.02431832,0.00934069
sim-sess-0002-05,900.0,0.00189697,-0.00332316,1.02954821,0.01392147,-0.01851520,0.03828377
sim-sess-0002-05,1000.0,-0.00778909,-0.03355528,1.00839073,0.00701816,-0.02782773,0.01779171
sim-sess-0002-05,1100.0,-0.01855632,-0.05190420,0.99168544,-0.00552914,-0.02105215,0.01497149
sim-sess-0002-05,1200.0,-0.01655135,-0.02641617,0.99694686,-0.02562283,-0.01586027,-0.00148423
sim-sess-0002-05,1300.0,-0.02957966,-0.03185365,0.97368031,-0.00783366,-0.01582161,0.01005262
sim-sess-0002-05,1400.0,-0.04822680,-0.01101429,0.95424172,-0.03331478,-0.03346058,0.01376612
sim-sess-0002-05,1500.0,-0.02666922,-0.04234356,0.97089022,-0.03125371,-0.03480680,0.01447302
sim-sess-0002-05,1600.0,-0.02540547,-0.00385342,0.95739039,-0.04438675,-0.00840432,0.01582711
sim-sess-0002-05,1700.0,-0.01384047,0.01385499,0.96309169,-0.05017038,-0.00379978,0.00329956
sim-sess-0002-05,1800.0,-0.01700592,0.01113424,0.97050350,-0.01689025,-0.02632403,-0.02365396
sim-sess-0002-05,1900.0,0.02993576,0.00934762,0.98679116,-0.01036871,0.00380735,-0.00323800
sim-sess-0002-05,2000.0,0.02044203,0.02129057,1.01243151,0.02662695,0.00178239,-0.01505680
sim-sess-0002-05,2100.0,0.05246910,0.03391456,0.99503998,0.00841191,0.00162231,-0.01579568
sim-sess-0002-05,2200.0,0.01883058,0.04213896,1.01925556,0.03085636,0.02981447,-0.02471880
sim-sess-0002-05,2300.0,0.05335866,0.03553808,1.04888857,0.00770408,0.02226806,-0.01388855
sim-sess-0002-05,2400.0,0.06253165,0.05241774,1.03323690,0.03161172,0.00301987,-0.03445708
sim-sess-0002-05,2500.0,0.02353591,0.04015966,1.03189301,0.05267478,0.03549773,-0.04230325
sim-sess-0002-05,2600.0,0.01782348,0.02678495,1.05195663,0.04548457,0.01773124,-0.00617854
sim-sess-0002-05,2700.0,0.00754830,0.03410011,1.02536803,0.04723999,0.02931881,-0.02861756
sim-sess-0002-05,2800.0,-0.00824545,0.02350917,1.02103504,0.02481266,0.02344365,-0.02917946
sim-sess-0002-05,2900.0,-0.03506974,0.02370675,1.03116352,-0.00598076,0.01841609,-0.01447108
sim-sess-0002-05,3000.0,-0.04175395,0.02903719,1.02126054,-0.00089416,-0.00711169,-0.02376701
sim-sess-0002-05,3100.0,-0.04770573,-0.01021246,1.00845047,-0.02871991,-0.01666559,-0.02464238
sim-sess-0002-05,3200.0,-0.06808570,-0.00504912,0.97826475,-0.02433149,0.01991902,-0.00307063
sim-sess-0002-05,3300.0,-0.03015230,-0.02183098,0.99562483,-0.01248628,-0.01047049,0.00945410
sim-sess-0002-05,3400.0,-0.03805525,-0.05535303,0.96454455,-0.04220773,-0.02237068,0.01617179
sim-sess-0002-05,3500.0,-0.01182582,-0.02873478,0.96226987,-0.04439598,-0.01986826,-0.00673387
sim-sess-0002-05,3600.0,-0.00581839,-0.04937980,0.98039722,-0.04061773,-0.00517808,0.03470058
sim-sess-0002-05,3700.0,0.01652192,-0.03635713,0.95627387,-0.01395434,-0.04081118,0.00845112
sim-sess-0002-05,3800.0,0.01770886,-0.03629732,0.97841432,-0.01018547,-0.02350953,0.01058000
sim-sess-0002-05,3900.0,0.03162898,-0.01999706,0.98813233,-0.04202402,-0.01228726,0.03477302
sim-sess-0002-05,4000.0,0.05694999,-0.03180700,0.98886026,0.00330725,-0.03639127,-0.00753733
sim-sess-0002-05,4100.0,0.03640662,0.02231925,0.99545213,0.00947751,-0.01842891,0.05088119
sim-sess-0002-05,4200.0,0.04074605,-0.00843600,0.99551629,0.03359572,-0.03714101,0.03317769
sim-sess-0002-05,4300.0,0.05621551,0.00856252,1.01218239,0.02884796,-0.02598004,0.02944795
sim-sess-0002-05,4400.0,0.02610871,0.01444437,1.02379982,0.00699005,0.01513666,-0.00268531
sim-sess-0002-05,4500.0,0.01429573,0.02708597,1.01301060,0.03841668,-0.00739859,-0.00521777
sim-sess-0002-05,4600.0,-0.00755945,0.03622064,1.03369428,0.06104942,0.01175935,0.02957337
sim-sess-0002-05,4700.0,-0.02675703,0.04952976,1.04025567,0.03749411,0.00564923,-0.01124022
sim-sess-0002-05,4800.0,-0.03380401,0.03928991,1.04401447,0.02680919,0.05761921,-0.01136219
sim-sess-0002-05,4900.0,-0.04286286,0.04309829,1.02914708,-0.01959074,0.05380976,0.02505579
sim-sess-0002-05,5000.0,-0.05081289,0.03590283,1.01811802,0.00569065,0.01483432,0.03351711
sim-sess-0002-05,5100.0,-0.05895398,0.01477845,1.01202511,-0.05272249,0.03064864,-0.02195264
sim-sess-0002-05,5200.0,-0.03289334,0.03810323,0.98380047,-0.01211119,0.04114683,0.00261093
sim-sess-0002-05,5300.0,-0.02928424,0.00686482,0.99176198,-0.05325586,0.00527922,-0.01507118
sim-sess-0002-05,5400.0,-0.00857853,-0.02871774,0.96668106,-0.04146214,0.00379006,-0.02162855
sim-sess-0002-05,5500.0,0.00194299,-0.03677822,0.97051963,-0.02066761,0.00531136,-0.03575927
sim-sess-0002-05,5600.0,0.00208755,-0.04941640,0.97459298,-0.03898076,-0.01678350,-0.01331097
sim-sess-0002-05,5700.0,0.04030399,-0.02516726,0.94720084,-0.02761214,-0.00919748,-0.03675422
sim-sess-0002-05,5800.0,0.04624087,-0.03368234,0.93521717,-0.01722059,-0.00057982,-0.03602692
sim-sess-0002-05,5900.0,0.05686165,-0.02462241,0.96614651,-0.00650037,-0.02880752,-0.02496566
sim-sess-0002-05,6000.0,0.05607931,-0.03591284,0.98553447,-0.03190453,-0.02212439,-0.06603357
sim-sess-0003-01,0.0,0.00364780,-0.02499489,1.00652346,0.01875391,-0.01458927,0.02458340
sim-sess-0003-01,100.0,0.00720003,0.00007422,0.98807458,0.00432707,0.01951904,-0.00085208
sim-sess-0003-01,200.0,0.02272468,0.00438507,0.99803294,0.01093731,-0.00824377,-0.00699384
sim-sess-0003-01,300.0,-0.01947414,0.01629925,1.00030207,0.00641546,0.00081607,0.01756759
sim-sess-0003-01,400.0,-0.00502232,0.01522920,1.01026482,-0.00334902,0.02071380,0.00971968
sim-sess-0003-01,500.0,0.02178442,0.01400448,1.02257797,0.01148904,0.00479729,-0.00320825
sim-sess-0003-01,600.0,-0.01744572,-0.00000889,1.01079556,0.02398398,-0.00907983,-0.01568817
sim-sess-0003-01,700.0,0.02356687,0.02868393,1.00648912,0.01810204,0.01362424,0.03433266
sim-sess-0003-01,800.0,-0.00045057,-0.00687082,1.01163612,0.00545885,0.02912853,0.01772999
sim-sess-0003-01,900.0,0.01380159,0.00635468,1.00466549,0.02913298,0.01519209,-0.00463412
sim-sess-0003-01,1000.0,0.00979362,-0.00888511,1.00901286,0.00521993,0.03949929,0.01746686
sim-sess-0003-01,1100.0,0.01152070,-0.01069120,0.99859398,0.01012781,-0.00596398,-0.00490753
sim-sess-0003-01,1200.0,0.02710707,0.00688575,1.01547083,0.01574423,0.03095765,0.00943231
sim-sess-0003-01,1300.0,0.00708467,-0.01032762,0.99226932,-0.00390327,0.02068243,-0.01732937
sim-sess-0003-01,1400.0,0.01924592,-0.01689551,1.02290735,0.01826681,0.03230212,0.02406625
sim-sess-0003-01,1500.0,0.02522720,0.00711935,0.98005506,0.00227798,-0.00487979,-0.01027600
sim-sess-0003-01,1600.0,0.01839369,-0.01346597,1.00244657,0.00049882,0.01094105,0.01340887
sim-sess-0003-01,1700.0,0.00517548,-0.00993912,1.00528610,0.00539205,0.00136669,0.01565580
sim-sess-0003-01,1800.0,-0.00009372,0.01221925,0.98325572,0.00823089,0.01074867,-0.00947120
sim-sess-0003-01,1900.0,0.03106469,-0.01390392,0.99165928,-0.00031990,0.00466387,0.00484897
sim-sess-0003-01,2000.0,-0.00988959,0.00494453,1.00474909,-0.04012597,0.00722668,-0.00771120
sim-sess-0003-01,2100.0,-0.01193367,-0.00385247,0.99842390,-0.00004458,0.01316911,-0.00892972
sim-sess-0003-01,2200.0,0.01114831,-0.02332901,1.02230007,0.03373656,0.00272285,0.01178297
sim-sess-0003-01,2300.0,0.00756018,-0.00914641,0.99781699,-0.00646132,-0.00542551,0.02636989
sim-sess-0003-01,2400.0,0.01165468,-0.03460903,0.99821311,-0.00671695,-0.00110410,0.01774560
sim-sess-0003-01,2500.0,-0.00272471,-0.03279560,0.98177077,0.00404257,-0.01113996,0.00121483
sim-sess-0003-01,2600.0,-0.00032608,0.01340960,0.99074666,0.02117316,0.02194941,0.02468162
sim-sess-0003-01,2700.0,-0.00203853,-0.01624534,1.00137025,0.00087217,0.02634713,0.00573268
sim-sess-0003-01,2800.0,0.00427326,-0.05647025,1.01093583,-0.02407929,0.02384631,0.00725963
sim-sess-0003-01,2900.0,-0.01250030,-0.01004017,0.99496799,-0.00368769,0.00298034,0.01983337
sim-sess-0003-01,3000.0,-0.00866391,0.00740034,0.97986205,0.02390561,0.01484951,0.02873448
sim-sess-0003-01,3100.0,-0.00534089,-0.00836397,0.98880850,0.01643489,-0.00190229,0.01413180
sim-sess-0003-01,3200.0,-0.00836466,-0.01451848,0.99720374,0.00474175,0.00754636,-0.00065986
sim-sess-0003-01,3300.0,-0.00413657,-0.01554338,0.99476348,0.00062600,0.00689393,0.00071334
sim-sess-0003-01,3400.0,-0.02344073,-0.00332419,0.97495102,0.00689162,0.00105235,-0.00366058
sim-sess-0003-01,3500.0,-0.01783590,-0.01007220,0.99867229,0.01137775,-0.00478518,0.01548261
sim-sess-0003-01,3600.0,-0.01468421,0.00041069,0.98282206,0.02259394,0.01861664,0.01197443
sim-sess-0003-01,3700.0,-0.00363383,-0.00332052,0.97811289,0.00038125,0.01425718,0.01878571
sim-sess-0003-01,3800.0,-0.02608508,0.00942465,0.99059627,-0.01322986,0.01262940,0.00930789
sim-sess-0003-01,3900.0,-0.04485073,0.00107663,1.00918607,-0.00827146,0.01114417,0.01082228
sim-sess-0003-01,4000.0,-0.02041426,-0.00224863,1.00898734,0.03032183,0.01349482,0.01602747
sim-sess-0003-01,4100.0,0.00529690,0.00689092,1.01329033,0.00295113,0.01025023,-0.01332233
sim-sess-0003-01,4200.0,-0.01657968,0.01102873,0.98637361,0.00470304,0.02703398,0.05089726
sim-sess-0003-01,4300.0,0.00146349,0.00009082,1.00901415,-0.00801196,0.00437960,0.00618219
sim-sess-0003-01,4400.0,-0.01965375,0.00791807,1.01224809,0.00260991,0.01861538,-0.01492601
sim-sess-0003-01,4500.0,-0.01242482,0.00648775,1.01763348,0.01059205,0.01303243,-0.00157733
sim-sess-0003-01,4600.0,-0.02871444,-0.00808398,1.00177108,0.01324894,0.00442634,-0.01726683
sim-sess-0003-01,4700.0,0.01730711,0.00227329,1.01309477,0.00428121,0.02566301,-0.01040381
sim-sess-0003-01,4800.0,-0.01906985,0.03371685,1.00951181,0.02398411,-0.02196180,0.00785282
sim-sess-0003-01,4900.0,-0.00192684,-0.00468900,0.99623791,0.00700133,-0.01945498,0.02965798
sim-sess-0003-01,5000.0,-0.00842451,0.00790382,0.99850695,-0.00080868,-0.00637207,0.00314107
sim-sess-0003-01,5100.0,0.02476426,0.01093582,0.99840678,0.01116618,0.03716556,0.02265237
sim-sess-0003-01,5200.0,-0.01711428,0.00127466,1.01416259,0.02601165,0.02365066,0.00508835
sim-sess-0003-01,5300.0,-0.01379065,0.02671218,0.99098064,0.02738440,-0.01164411,0.00485058
sim-sess-0003-01,5400.0,0.01448204,0.03428157,1.02028575,-0.01554991,0.02482657,0.01641261
sim-sess-0003-01,5500.0,0.01554466,-0.02469409,1.00923816,-0.00694429,-0.02619825,0.00258485
sim-sess-0003-01,5600.0,0.00612409,-0.01042890,1.02471113,-0.00751285,0.02119948,0.01143857
sim-sess-0003-01,5700.0,0.01535759,-0.01046103,1.00538263,0.02348117,-0.01080324,-0.00600730
sim-sess-0003-01,5800.0,0.00760098,0.00163952,1.01058360,0.01413296,0.02536528,-0.00315843
sim-sess-0003-01,5900.0,0.02729111,0.00432216,1.00120009,0.03598871,0.01452288,0.02543145
sim-sess-0003-01,6000.0,0.01267906,-0.00826767,1.01289793,0.00043097,-0.02143258,0.02685922
sim-sess-0003-02,0.0,0.00085903,0.02218709,1.18251619,0.08737702,0.04075279,0.01518722
sim-sess-0003-02,100.0,0.14651437,0.04532911,1.06531537,0.18948023,0.04233402,0.04195703
sim-sess-0003-02,200.0,0.16970491,0.06525730,0.89468394,0.10668655,0.05494992,0.02282903
sim-sess-0003-02,300.0,-0.02195826,0.06634970,0.81506803,-0.10467781,-0.00316120,0.05429016
sim-sess-0003-02,400.0,-0.13994252,0.05593419,0.93175023,-0.21628500,-0.02563061,-0.00568133
sim-sess-0003-02,500.0,-0.14824241,0.02535768,1.10833592,-0.11336256,-0.08054707,-0.05092022
sim-sess-0003-02,600.0,0.04468595,-0.03496212,1.16320415,0.12172190,-0.07971874,-0.08519188
sim-sess-0003-02,700.0,0.17559585,-0.07407255,1.07888437,0.20418778,-0.06101562,-0.05207322
sim-sess-0003-02,800.0,0.16126659,-0.06830817,0.88468946,0.09558200,-0.05278524,0.01041192
sim-sess-0003-02,900.0,-0.03260492,-0.08665738,0.84505882,-0.15131376,0.01186235,0.03722579
sim-sess-0003-02,1000.0,-0.17895629,-0.04587875,0.93901333,-0.20371607,0.06275289,0.04747735
sim-sess-0003-02,1100.0,-0.13431889,0.00099347,1.12363764,-0.09377544,0.07523249,0.05624765
sim-sess-0003-02,1200.0,0.04543678,0.04463340,1.18089321,0.12426994,0.07153957,0.03140669
sim-sess-0003-02,1300.0,0.16082083,0.06012987,1.06576308,0.21777597,0.07035723,-0.02688460
sim-sess-0003-02,1400.0,0.12498591,0.08158175,0.87849913,0.06479206,0.02251511,-0.05383454
sim-sess-0003-02,1500.0,-0.05996384,0.08781343,0.84882860,-0.14091653,-0.01332247,-0.04421699
sim-sess-0003-02,1600.0,-0.19733329,0.03825634,0.94018934,-0.22649150,-0.02850897,-0.01531975
sim-sess-0003-02,1700.0,-0.15143826,0.01811306,1.09602780,-0.06918780,-0.06091160,0.01271623
sim-sess-0003-02,1800.0,0.07061824,-0.01316111,1.14618297,0.14925696,-0.05881583,0.05234189
sim-sess-0003-02,1900.0,0.17999329,-0.05431949,1.02375628,0.17024808,-0.05614321,0.05286682
sim-sess-0003-02,2000.0,0.10301225,-0.08988882,0.85085108,0.03670642,-0.01082829,0.04051203
sim-sess-0003-02,2100.0,-0.08350576,-0.07303695,0.86163376,-0.14488723,0.00887981,0.02858758
sim-sess-0003-02,2200.0,-0.19550152,-0.04274370,0.98683227,-0.20170608,0.03417211,-0.03022943
sim-sess-0003-02,2300.0,-0.08132239,0.01834274,1.14554314,-0.05241757,0.09103785,-0.05758309
sim-sess-0003-02,2400.0,0.08842523,0.04511765,1.13324534,0.16295631,0.09357945,-0.04494833
sim-sess-0003-02,2500.0,0.18357281,0.05926982,0.99833395,0.17810638,0.05081893,0.02678938
sim-sess-0003-02,2600.0,0.07597347,0.07986631,0.83885503,0.03000107,0.02933917,0.04464991
sim-sess-0003-02,2700.0,-0.11880542,0.06758765,0.82183531,-0.14123559,-0.02360471,0.05785959
sim-sess-0003-02,2800.0,-0.20197015,0.01636818,1.00419587,-0.19239542,-0.06252848,0.06757898
sim-sess-0003-02,2900.0,-0.08089322,0.00361026,1.14896136,0.00368119,-0.07421266,0.00262402
sim-sess-0003-02,3000.0,0.07846348,-0.00787792,1.10237818,0.18729331,-0.10769702,-0.05951201
sim-sess-0003-02,3100.0,0.19706988,-0.07031404,0.98743660,0.18316663,-0.05774727,-0.08498269
sim-sess-0003-02,3200.0,0.08041257,-0.08630690,0.84851707,0.01150161,-0.00045550,-0.04385567
sim-sess-0003-02,3300.0,-0.10406512,-0.06796897,0.86266935,-0.16338263,0.02627044,-0.01063045
sim-sess-0003-02,3400.0,-0.19620676,-0.03357449,1.01590489,-0.16389637,0.05066682,-0.01339193
sim-sess-0003-02,3500.0,-0.06282331,0.01547691,1.16039206,0.02208935,0.06636150,0.07338485
sim-sess-0003-02,3600.0,0.11744895,0.02911476,1.10378780,0.16170678,0.07528064,0.06061808
sim-sess-0003-02,3700.0,0.19282140,0.06092688,0.94060855,0.14695112,0.06082869,0.01058531
sim-sess-0003-02,3800.0,0.04787620,0.09388092,0.86370798,-0.03505268,0.03073899,-0.02709075
sim-sess-0003-02,3900.0,-0.13292566,0.06783476,0.85374202,-0.17980331,-0.04263994,-0.03075955
sim-sess-0003-02,4000.0,-0.18550781,0.03807099,1.05085247,-0.14209468,-0.05563153,-0.03504820
sim-sess-0003-02,4100.0,-0.02548198,0.00701857,1.17051052,0.03663059,-0.05259643,-0.05442070
sim-sess-0003-02,4200.0,0.12022802,-0.04751203,1.10937844,0.21297861,-0.10836041,0.00485935
sim-sess-0003-02,4300.0,0.16806977,-0.07867854,0.91402245,0.15424843,-0.03019480,0.05336723
sim-sess-0003-02,4400.0,0.03934564,-0.05794387,0.82877669,-0.06732537,0.00684363,0.03913251
sim-sess-0003-02,4500.0,-0.14850738,-0.06426055,0.90098818,-0.19777091,0.02928077,0.02069286
sim-sess-0003-02,4600.0,-0.16809090,-0.03446298,1.06599873,-0.12992603,0.06134273,-0.02874658
sim-sess-0003-02,4700.0,-0.02894916,0.01039885,1.14958514,0.07164660,0.07984998,-0.06365222
sim-sess-0003-02,4800.0,0.15264554,0.05593449,1.09850404,0.22645780,0.07837083,-0.05709925
sim-sess-0003-02,4900.0,0.15586592,0.07169283,0.91796834,0.15015219,0.00630513,-0.04813928
sim-sess-0003-02,5000.0,0.00836190,0.09054587,0.83148299,-0.07997640,-0.01254091,-0.00553686
sim-sess-0003-02,5100.0,-0.18719810,0.04973966,0.92266455,-0.21557831,-0.04428760,-0.00115150
sim-sess-0003-02,5200.0,-0.14660799,0.01816259,1.09650856,-0.09741864,-0.06077693,0.05604902
sim-sess-0003-02,5300.0,-0.00513119,-0.02270775,1.17026610,0.05605329,-0.06186334,0.02135171
sim-sess-0003-02,5400.0,0.17256314,-0.05235083,1.09569490,0.20027449,-0.05365652,0.01112993
sim-sess-0003-02,5500.0,0.14064046,-0.07601059,0.89119431,0.11574124,-0.03156223,-0.04483841
sim-sess-0003-02,5600.0,-0.01319186,-0.06508996,0.82280444,-0.07844013,0.01984002,-0.04718070
sim-sess-0003-02,5700.0,-0.19279418,-0.03719008,0.95712880,-0.19209313,0.03025422,-0.01582135
sim-sess-0003-02,5800.0,-0.15211519,-0.01481413,1.09420114,-0.09941278,0.04573904,-0.03251557
sim-sess-0003-02,5900.0,0.05993009,0.04177384,1.16963254,0.10562505,0.09453484,0.00440761
sim-sess-0003-02,6000.0,0.18811608,0.07236440,1.05084870,0.18779756,0.06382868,0.08802770
sim-sess-0003-03,0.0,0.01658092,0.01580873,1.01839979,0.37023410,-0.00616021,0.07917283
sim-sess-0003-03,100.0,0.17179297,0.04257156,1.02293305,0.34018003,0.02332346,0.07943088
sim-sess-0003-03,200.0,0.32776859,0.02985915,1.09236145,0.25037262,0.06296028,0.04063208
sim-sess-0003-03,300.0,0.36616293,0.01712733,1.17166598,0.13519706,0.07478388,0.07552761
sim-sess-0003-03,400.0,0.35761068,0.02897177,1.31756381,-0.02476058,0.10933648,0.04758091
sim-sess-0003-03,500.0,0.25842822,0.01896973,1.41402758,-0.14385201,0.08363576,0.03681037
sim-sess-0003-03,600.0,0.15157016,0.01117418,1.46498032,-0.25061017,0.03147733,0.02850284
sim-sess-0003-03,700.0,0.07293450,0.01614417,1.56152117,-0.33884128,0.03856146,0.01512828
sim-sess-0003-03,800.0,-0.01266414,0.00139026,1.61634524,-0.35582294,0.00985553,0.00615111
sim-sess-0003-03,900.0,-0.03969402,-0.04854487,1.55549326,-0.31031359,-0.03845574,0.00715017
sim-sess-0003-03,1000.0,-0.16110238,-0.05950196,1.54898535,-0.28743586,-0.04138685,-0.03258445
sim-sess-0003-03,1100.0,-0.24572941,-0.02802413,1.46079596,-0.16374029,-0.08731026,-0.02500129
sim-sess-0003-03,1200.0,-0.34775817,-0.06007291,1.31340780,-0.01840219,-0.08107218,-0.05368751
sim-sess-0003-03,1300.0,-0.38204490,-0.00359946,1.16748384,0.13816890,-0.06133641,-0.04735010
sim-sess-0003-03,1400.0,-0.34634108,-0.00814702,1.10087447,0.24229876,-0.07038365,-0.06587898
sim-sess-0003-03,1500.0,-0.21365603,0.01281131,1.01703023,0.33516575,-0.03290526,-0.08091737
sim-sess-0003-03,1600.0,-0.04811644,0.03367669,1.00271759,0.40027197,0.00018585,-0.06765680
sim-sess-0003-03,1700.0,0.17365342,0.05902405,1.01620157,0.36347114,0.02926574,-0.05589702
sim-sess-0003-03,1800.0,0.29891521,0.03045644,1.07740578,0.26894495,0.05790010,-0.05930598
sim-sess-0003-03,1900.0,0.38525994,0.06591295,1.17998130,0.18296159,0.08244579,-0.06327955
sim-sess-0003-03,2000.0,0.35918914,0.02758495,1.28285988,0.04817828,0.09629181,-0.06598039
sim-sess-0003-03,2100.0,0.25097602,0.03824730,1.39369468,-0.11420647,0.06486149,-0.01889465
sim-sess-0003-03,2200.0,0.18836336,-0.00402398,1.52346027,-0.22071297,0.06359167,-0.03352498
sim-sess-0003-03,2300.0,0.09563974,-0.00411757,1.53573438,-0.34576707,0.04388669,-0.01382358
sim-sess-0003-03,2400.0,0.01718108,-0.04411248,1.61328551,-0.34072359,0.00801384,0.00917155
sim-sess-0003-03,2500.0,-0.04957501,-0.01071787,1.57034869,-0.36265071,-0.00473379,-0.00961434
sim-sess-0003-03,2600.0,-0.14769633,-0.00883601,1.54341147,-0.24665379,-0.05494837,0.02352171
sim-sess-0003-03,2700.0,-0.23615699,-0.00254840,1.42746650,-0.16002066,-0.07347479,0.03316783
sim-sess-0003-03,2800.0,-0.31657447,-0.03058647,1.32881180,-0.03814450,-0.07369405,0.00870576
sim-sess-0003-03,2900.0,-0.40488466,-0.04599709,1.22608840,0.10326649,-0.07981801,0.03962818
sim-sess-0003-03,3000.0,-0.35942018,-0.02085477,1.10245936,0.23280005,-0.07406490,0.05377682
sim-sess-0003-03,3100.0,-0.22405240,0.02704233,1.04089313,0.31634068,-0.04935607,0.04623554
sim-sess-0003-03,3200.0,-0.04447843,0.00228722,0.98282286,0.36975435,0.01713274,0.05684071
sim-sess-0003-03,3300.0,0.16434851,0.05337288,0.99536529,0.35152501,0.01725631,0.06635642
sim-sess-0003-03,3400.0,0.26421273,0.04721502,1.06125711,0.26414571,0.03423178,0.05560849
sim-sess-0003-03,3500.0,0.39519824,0.05086539,1.14180278,0.15827926,0.06416462,0.05458228
sim-sess-0003-03,3600.0,0.39056240,0.03039053,1.28116951,0.04331033,0.07539480,0.05512393
sim-sess-0003-03,3700.0,0.27170199,0.01085613,1.37418058,-0.10687573,0.08209603,0.05191464
sim-sess-0003-03,3800.0,0.19005476,0.00309732,1.48501640,-0.22300886,0.07173337,0.02557563
sim-sess-0003-03,3900.0,0.09819916,-0.01366466,1.55482024,-0.32203772,0.03711792,0.02413950
sim-sess-0003-03,4000.0,0.02671767,-0.04298852,1.63053201,-0.36620314,0.01233485,0.00701487
sim-sess-0003-03,4100.0,-0.04526094,-0.03456747,1.57937184,-0.36423192,0.00817058,-0.01083918
sim-sess-0003-03,4200.0,-0.12840926,-0.05643157,1.57128818,-0.27161239,-0.06453212,-0.01528443
sim-sess-0003-03,4300.0,-0.23683486,-0.05344260,1.46410043,-0.18131567,-0.08039689,-0.03554604
sim-sess-0003-03,4400.0,-0.32378976,-0.03379731,1.32406893,-0.03896063,-0.06755392,-0.05150425
sim-sess-0003-03,4500.0,-0.39816001,-0.03141384,1.23161276,0.08425195,-0.08141476,-0.04312377
sim-sess-0003-03,4600.0,-0.38713861,-0.00386101,1.12002348,0.19630135,-0.05720188,-0.05897237
sim-sess-0003-03,4700.0,-0.27928602,0.00886583,1.05283883,0.31831462,-0.04941551,-0.08628317
sim-sess-0003-03,4800.0,-0.05029942,0.01383124,0.98919181,0.38192525,-0.01466369,-0.05680694
sim-sess-0003-03,4900.0,0.10691599,0.01808571,0.98772807,0.34254483,0.00662144,-0.08985330
sim-sess-0003-03,5000.0,0.29357252,0.05751517,1.05015540,0.30569395,0.03209667,-0.02325524
sim-sess-0003-03,5100.0,0.40473976,0.04906384,1.13935293,0.21987461,0.09380218,-0.03893033
sim-sess-0003-03,5200.0,0.38360938,0.03488312,1.23360864,0.06578705,0.05995220,-0.02709089
sim-sess-0003-03,5300.0,0.29776731,0.01623928,1.35993281,-0.09490528,0.08148440,-0.02440060
sim-sess-0003-03,5400.0,0.21432577,0.02479292,1.47532012,-0.20480996,0.07016408,-0.03691139
sim-sess-0003-03,5500.0,0.12159414,-0.00479804,1.57212761,-0.30832909,0.04243551,-0.00296966
sim-sess-0003-03,5600.0,0.04178642,-0.03608339,1.62077270,-0.36317424,-0.00529914,-0.01449072
sim-sess-0003-03,5700.0,-0.03293377,-0.02958216,1.59898417,-0.36694088,-0.01900429,-0.00318389
sim-sess-0003-03,5800.0,-0.12033671,-0.05797409,1.55140917,-0.31693861,-0.04474968,0.00296592
sim-sess-0003-03,5900.0,-0.21599065,-0.03639526,1.48376376,-0.21544641,-0.08516534,0.05090458
sim-sess-0003-03,6000.0,-0.33837327,-0.06320333,1.37250830,-0.08007406,-0.07983460,0.03856034
sim-sess-0003-04,0.0,0.05400172,0.00091492,1.00250640,0.26569274,0.02927837,0.07136767
sim-sess-0003-04,100.0,0.15053994,0.01300182,1.00964861,0.23842354,0.01660236,0.02360218
sim-sess-0003-04,200.0,0.24465517,0.01848591,1.00434278,0.23933800,0.05231072,0.05741253
sim-sess-0003-04,300.0,0.29686967,0.00025348,1.08608900,0.17875609,0.02515321,0.02298352
sim-sess-0003-04,400.0,0.38158977,0.03140620,1.11342526,0.17416035,0.06158940,0.02389143
sim-sess-0003-04,500.0,0.39254007,0.01870584,1.20176936,0.11217715,0.09385501,0.02900515
sim-sess-0003-04,600.0,0.43856368,0.03753697,1.28850562,0.01432837,0.10446685,0.02375351
sim-sess-0003-04,700.0,0.42458334,0.04242765,1.36136207,-0.03301759,0.10737305,0.05144627
sim-sess-0003-04,800.0,0.41761882,0.02853654,1.44407632,-0.07184693,0.11797550,0.02166926
sim-sess-0003-04,900.0,0.35262955,0.05496542,1.52932338,-0.14635497,0.09991626,0.02952065
sim-sess-0003-04,1000.0,0.34575330,0.07213999,1.63107912,-0.17991848,0.11124532,-0.00438042
sim-sess-0003-04,1100.0,0.27124019,0.07184202,1.66568818,-0.21746364,0.08380879,0.01396798
sim-sess-0003-04,1200.0,0.18724472,0.06418479,1.78797052,-0.25445704,0.03039405,0.02940602
sim-sess-0003-04,1300.0,0.07355721,0.09509971,1.77731166,-0.25654681,0.05494577,0.00225346
sim-sess-0003-04,1400.0,0.00463767,0.06051174,1.81316913,-0.29569843,-0.00547426,0.00322244
sim-sess-0003-04,1500.0,-0.07697791,0.07707844,1.76528568,-0.25931082,-0.01234593,0.01042714
sim-sess-0003-04,1600.0,-0.18800908,0.05641475,1.78261421,-0.27379670,-0.03399598,0.01265791
sim-sess-0003-04,1700.0,-0.26987531,0.07019484,1.76790677,-0.21852732,-0.03978183,-0.04811394
sim-sess-0003-04,1800.0,-0.32268497,0.07379280,1.66760787,-0.20492169,-0.06199011,-0.00042119
sim-sess-0003-04,1900.0,-0.36873647,0.04787654,1.67109025,-0.14445743,-0.08186918,-0.03933791
sim-sess-0003-04,2000.0,-0.39730053,0.06153910,1.56887028,-0.06514986,-0.10544394,-0.01950997
sim-sess-0003-04,2100.0,-0.44195900,0.05109033,1.50393379,-0.04081062,-0.13199286,-0.04525224
sim-sess-0003-04,2200.0,-0.45135340,0.06377947,1.38355685,0.05805523,-0.10186600,-0.02687958
sim-sess-0003-04,2300.0,-0.40285718,0.05489688,1.31767594,0.10760727,-0.12391119,-0.01461331
sim-sess-0003-04,2400.0,-0.37438492,0.02532655,1.25917688,0.15667977,-0.09891533,-0.01735105
sim-sess-0003-04,2500.0,-0.30560344,0.05334523,1.16557508,0.18670271,-0.07825753,-0.02493950
sim-sess-0003-04,2600.0,-0.23269282,0.02716216,1.08922281,0.20761366,-0.07517600,-0.05149312
sim-sess-0003-04,2700.0,-0.16432807,0.03949968,1.04395554,0.28123051,-0.04844978,-0.03806549
sim-sess-0003-04,2800.0,-0.05619209,0.00874829,1.01116741,0.28162607,-0.02882405,-0.03880859
sim-sess-0003-04,2900.0,0.02885781,0.00344947,1.00962309,0.27943753,0.00656139,-0.05965825
sim-sess-0003-04,3000.0,0.11151871,-0.01712656,1.01626902,0.26396440,0.03317074,-0.06165047
sim-sess-0003-04,3100.0,0.21624329,-0.01197031,1.02137616,0.21287543,0.03792481,-0.04425616
sim-sess-0003-04,3200.0,0.26415020,-0.01504934,1.07354804,0.21895362,0.04257800,-0.04769586
sim-sess-0003-04,3300.0,0.33828717,-0.02127734,1.11916985,0.15864271,0.09662983,-0.05214845
sim-sess-0003-04,3400.0,0.40685872,-0.03655197,1.18195222,0.11440100,0.07463010,-0.05822282
sim-sess-0003-04,3500.0,0.41446986,-0.02353198,1.26843851,0.05419185,0.10522997,-0.04603557
sim-sess-0003-04,3600.0,0.43385140,-0.04488460,1.33004131,0.00802622,0.12511844,-0.01425889
sim-sess-0003-04,3700.0,0.41470726,-0.05747698,1.41202707,-0.06867471,0.12429759,-0.03268149
sim-sess-0003-04,3800.0,0.38161005,-0.04613318,1.48778082,-0.10520422,0.10530790,-0.03606981
sim-sess-0003-04,3900.0,0.34990109,-0.06400156,1.57410457,-0.14838503,0.11714272,-0.02349813
sim-sess-0003-04,4000.0,0.30034641,-0.07638666,1.69529685,-0.20846953,0.07691276,-0.02053915
sim-sess-0003-04,4100.0,0.20611286,-0.06739096,1.67756302,-0.21526691,0.08611086,-0.04379608
sim-sess-0003-04,4200.0,0.16006650,-0.06452929,1.74900322,-0.25814294,0.04670244,-0.00564014
sim-sess-0003-04,4300.0,0.05774515,-0.08157874,1.78960482,-0.26637959,0.01460265,-0.01191862
sim-sess-0003-04,4400.0,-0.06205307,-0.09991310,1.83189060,-0.29698473,-0.00198902,0.00747646
sim-sess-0003-04,4500.0,-0.15443853,-0.09198479,1.81437866,-0.27224333,-0.02015648,-0.00197202
sim-sess-0003-04,4600.0,-0.21250509,-0.08575347,1.76331950,-0.24932527,-0.06428030,0.00875002
sim-sess-0003-04,4700.0,-0.29510377,-0.04915434,1.68155886,-0.20080794,-0.04726626,0.02493064
sim-sess-0003-04,4800.0,-0.32989218,-0.05720497,1.66200440,-0.17138528,-0.06199228,-0.00649854
sim-sess-0003-04,4900.0,-0.38699384,-0.06190676,1.55767334,-0.09054152,-0.08920573,0.03522125
sim-sess-0003-04,5000.0,-0.44956762,-0.07788696,1.51229298,-0.06284029,-0.09571550,0.02731886
sim-sess-0003-04,5100.0,-0.43172627,-0.05998966,1.45285352,0.01683294,-0.11376197,0.01783881
sim-sess-0003-04,5200.0,-0.44045501,-0.07051243,1.37917676,0.05511232,-0.11308555,0.02710352
sim-sess-0003-04,5300.0,-0.40572914,-0.03349764,1.27701488,0.09549925,-0.13572513,0.06351196
sim-sess-0003-04,5400.0,-0.35671287,-0.00639578,1.18426984,0.15824070,-0.08417875,0.03146724
sim-sess-0003-04,5500.0,-0.29142964,-0.03342452,1.13646646,0.23198129,-0.07788166,0.03252435
sim-sess-0003-04,5600.0,-0.18402556,-0.02049176,1.06453776,0.25110174,-0.07802292,0.05376987
sim-sess-0003-04,5700.0,-0.09268533,-0.02680035,1.03603472,0.27128527,-0.04219807,0.02881242
sim-sess-0003-04,5800.0,-0.02264448,-0.02569627,1.01675662,0.23576194,-0.02149944,0.04994419
sim-sess-0003-04,5900.0,0.04130181,0.00742785,1.00021326,0.26221345,-0.00516480,0.04485957
sim-sess-0003-04,6000.0,0.14657786,0.00637637,1.02088399,0.23906881,0.02558693,0.04192176
sim-sess-0003-05,0.0,0.01165257,0.02094977,0.99734789,0.02286837,0.03120055,0.02849238
sim-sess-0003-05,100.0,0.01158255,0.03643558,1.01462840,0.01586377,0.01775621,0.02130304
sim-sess-0003-05,200.0,0.04103340,0.03950928,1.03482037,0.01504218,0.00412423,0.01209827
sim-sess-0003-05,300.0,0.03662198,0.01016848,1.02307346,0.03013290,0.03911158,0.00776916
sim-sess-0003-05,400.0,0.04790189,-0.00098065,1.03235633,0.02249524,-0.01792686,0.01815411
sim-sess-0003-05,500.0,0.07043084,0.02043411,1.05227108,0.02456527,0.00322916,0.01084236
sim-sess-0003-05,600.0,0.03232104,0.00103259,1.03745167,0.01768783,0.01264841,0.02584978
sim-sess-0003-05,700.0,0.02458041,-0.00287198,1.01307869,0.03120991,-0.01201223,0.00482338
sim-sess-0003-05,800.0,-0.00064385,0.00630105,1.03140181,0.00053000,0.01125945,0.00468734
sim-sess-0003-05,900.0,-0.00619296,-0.00236457,1.00933754,0.00697243,-0.02449564,0.02807851
sim-sess-0003-05,1000.0,-0.01118796,-0.04664256,1.01706681,0.00823961,-0.01195956,0.04571121
sim-sess-0003-05,1100.0,-0.02307742,-0.02823169,0.98683821,-0.00381733,-0.01305568,0.00148897
sim-sess-0003-05,1200.0,-0.04540817,-0.03576963,0.99420614,-0.04047724,-0.01290436,0.00824052
sim-sess-0003-05,1300.0,-0.02191854,-0.05669841,0.96791322,-0.01986015,-0.01126809,-0.00572699
sim-sess-0003-05,1400.0,-0.04797564,-0.03896042,0.96004018,-0.03117182,-0.00999992,-0.01383723
sim-sess-0003-05,1500.0,-0.03670740,-0.02882926,0.97846007,-0.04588011,-0.01230644,0.04897699
sim-sess-0003-05,1600.0,-0.04592422,-0.01412357,0.97385081,-0.00064330,-0.01556990,0.01403082
sim-sess-0003-05,1700.0,-0.00393132,0.00972515,0.98501186,-0.03329485,-0.00670693,-0.00849683
sim-sess-0003-05,1800.0,0.00035731,0.00685500,0.97577910,0.00030896,-0.01176702,-0.00171443
sim-sess-0003-05,1900.0,-0.01382612,0.01453456,0.98881863,-0.00435732,0.00403851,-0.00373354
sim-sess-0003-05,2000.0,0.02519772,0.02411858,0.97718917,0.00317983,0.02176419,0.00852171
sim-sess-0003-05,2100.0,0.03236914,0.02581536,0.98906056,0.01784092,0.00866582,0.01003802
sim-sess-0003-05,2200.0,0.05975225,0.01716488,1.00817813,0.03584140,0.00572019,-0.01582442
sim-sess-0003-05,2300.0,0.01009342,0.00819169,1.01865250,0.00976230,0.02106615,-0.03121213
sim-sess-0003-05,2400.0,0.03388529,0.04642926,1.01793402,0.04679332,0.01336709,-0.01773000
sim-sess-0003-05,2500.0,0.00756335,0.04269945,1.04018017,0.05453209,0.02814165,-0.04382417
sim-sess-0003-05,2600.0,0.00446343,0.03345939,1.02276710,0.03307132,-0.00247707,-0.02799683
sim-sess-0003-05,2700.0,-0.01220682,0.02808651,1.03109322,0.04910054,0.02108192,-0.03342313
sim-sess-0003-05,2800.0,0.00461836,-0.00767474,1.02964546,0.02187601,0.01147096,-0.02679964
sim-sess-0003-05,2900.0,-0.00057603,0.00249963,1.02660865,0.01680636,0.01935794,-0.01851718
sim-sess-0003-05,3000.0,-0.04744086,-0.02073756,1.02432079,0.01422436,0.01332986,0.00414543
sim-sess-0003-05,3100.0,-0.04996712,-0.00328381,0.98550704,0.00651059,-0.00473312,-0.00526267
sim-sess-0003-05,3200.0,-0.05844090,-0.01463382,1.00298867,-0.02969032,-0.00914266,-0.00759993
sim-sess-0003-05,3300.0,-0.04744380,-0.02019059,0.96110399,-0.02125410,-0.01990180,-0.00691109
sim-sess-0003-05,3400.0,-0.01178105,-0.02875761,0.97675792,-0.03723939,-0.01337527,-0.02116982
sim-sess-0003-05,3500.0,-0.02010703,-0.03118037,0.98468927,-0.03203271,-0.02928028,0.00327060
sim-sess-0003-05,3600.0,0.02138242,-0.05185761,0.95715472,-0.01605081,-0.04092642,-0.01410576
sim-sess-0003-05,3700.0,0.00915913,-0.01769245,0.96744345,-0.03577182,-0.01969439,0.01227240
sim-sess-0003-05,3800.0,0.00560051,-0.04168100,0.97602925,0.01854744,-0.03308103,0.02714986
sim-sess-0003-05,3900.0,0.05018461,-0.02618813,0.98789579,-0.04035099,0.00354416,-0.00377457
sim-sess-0003-05,4000.0,0.03670748,-0.02069492,0.97127777,0.00494039,-0.01286804,0.02429707
sim-sess-0003-05,4100.0,0.02755439,-0.00840912,0.98359988,0.02970072,-0.00065980,0.00541697
sim-sess-0003-05,4200.0,0.02985227,-0.01262227,1.01498949,0.02705887,-0.04997564,0.04804910
sim-sess-0003-05,4300.0,0.01094509,0.03526726,1.03618405,0.00933724,-0.01248946,0.01611672
sim-sess-0003-05,4400.0,0.01859756,0.01311723,1.03946299,0.05376336,-0.00386172,0.01866143
sim-sess-0003-05,4500.0,0.00471669,0.01003601,1.03772042,0.02633948,0.00808300,0.03019572
sim-sess-0003-05,4600.0,-0.02606332,0.04486043,1.03060266,0.00941140,0.01443704,0.01491938
sim-sess-0003-05,4700.0,-0.01821655,0.02263985,1.02596155,0.04397283,0.02274829,0.03235430
sim-sess-0003-05,4800.0,-0.03672972,0.01572178,1.03437116,0.00575274,0.00296553,0.00770426
sim-sess-0003-05,4900.0,-0.02576594,0.02880301,1.01333499,0.02794666,0.03170864,-0.01192972
sim-sess-0003-05,5000.0,-0.04465858,0.01508165,1.01352948,0.01098741,0.01738116,-0.01012777
sim-sess-0003-05,5100.0,-0.05133091,0.01358587,0.99054980,0.00695865,0.03911152,-0.00128018
sim-sess-0003-05,5200.0,-0.03792118,0.00248379,1.00344502,-0.02956976,0.04648485,0.00509331
sim-sess-0003-05,5300.0,-0.01364767,0.00917526,0.97030454,-0.04730277,0.04088924,0.00259643
sim-sess-0003-05,5400.0,-0.02267464,-0.01138760,0.99130543,-0.02771251,0.01180782,-0.01695616
sim-sess-0003-05,5500.0,0.00904092,0.00018458,0.98142388,-0.05764561,-0.01474634,-0.03029932
sim-sess-0003-05,5600.0,0.02324365,-0.03935518,0.98674042,-0.04223407,0.03392281,0.00203132
sim-sess-0003-05,5700.0,0.03692654,-0.03185033,0.95446026,-0.05865730,-0.00623058,-0.00838736
sim-sess-0003-05,5800.0,0.05436955,-0.04458998,0.96233475,-0.03041103,-0.02027826,-0.02898487
sim-sess-0003-05,5900.0,0.03011490,-0.02810877,0.99388917,0.01352910,-0.01412832,-0.02326293
sim-sess-0003-05,6000.0,0.04687996,-0.04319162,0.97774224,0.00114351,-0.00563546,-0.01485568
sim-sess-0004-01,0.0,-0.00536234,-0.00612410,1.01362094,-0.00444518,0.00207103,0.01163373
sim-sess-0004-01,100.0,0.00484504,0.02819164,0.97998042,-0.00628378,0.02750842,0.01017622
sim-sess-0004-01,200.0,0.01845626,-0.01294809,1.02859543,0.01693223,0.00045114,0.01695749
sim-sess-0004-01,300.0,0.01743334,0.02520147,0.99161357,0.02966021,-0.00422446,-0.00502013
sim-sess-0004-01,400.0,-0.01729024,0.02012933,1.01001010,0.03045592,-0.01569549,-0.01538710
sim-sess-0004-01,500.0,0.00571792,0.01063160,1.01745163,-0.01398440,0.01500000,0.00333433
sim-sess-0004-01,600.0,0.02218243,0.01631288,1.01418767,0.01324379,-0.02802566,0.00860403
sim-sess-0004-01,700.0,0.02680733,0.02195339,0.99943757,0.03188412,0.02361290,0.00261911
sim-sess-0004-01,800.0,0.00901824,-0.00629692,1.01943266,0.00808441,0.05529935,-0.02912066
sim-sess-0004-01,900.0,0.00214303,0.02547903,1.02142711,0.04279251,0.00726006,0.01039017
sim-sess-0004-01,1000.0,0.02136927,0.01160487,1.01737116,-0.00300687,-0.00202016,0.02668209
sim-sess-0004-01,1100.0,0.00610468,-0.00230432,1.00410089,-0.00671914,0.01054946,-0.00085477
sim-sess-0004-01,1200.0,0.00239307,-0.01247784,0.99236301,0.00409963,-0.01357179,0.02742624
sim-sess-0004-01,1300.0,0.02189880,0.00647345,1.01701202,0.01238877,0.00564893,0.01017137
sim-sess-0004-01,1400.0,-0.00418878,-0.00598275,1.02544005,0.00842428,0.00791733,0.01649595
sim-sess-0004-01,1500.0,0.00221690,0.03462722,1.02253436,0.02599415,0.00959718,-0.01226553
sim-sess-0004-01,1600.0,0.00408353,0.00138028,1.01923691,0.02967130,-0.00192347,0.00687590
sim-sess-0004-01,1700.0,0.02982767,0.00935525,1.02434855,-0.01620533,-0.00196522,-0.01351244
sim-sess-0004-01,1800.0,0.01813406,-0.00147525,1.01946912,-0.01492914,-0.04640637,-0.01142289
sim-sess-0004-01,1900.0,0.03380502,-0.01352375,1.01550166,0.00670305,0.02026613,-0.00154302
sim-sess-0004-01,2000.0,-0.00798848,0.00208164,1.00058208,-0.01058509,0.02625476,-0.01082227
sim-sess-0004-01,2100.0,0.00561444,0.00076368,1.00417756,0.02394713,0.00956323,0.00955237
sim-sess-0004-01,2200.0,-0.01837498,-0.02846949,0.97811424,0.02206953,0.02296260,0.00996753
sim-sess-0004-01,2300.0,0.01712502,0.00132297,0.97207402,-0.00229540,0.00442212,0.00721521
sim-sess-0004-01,2400.0,-0.01340689,-0.00620080,0.99690365,0.00206386,0.01708299,0.03069947
sim-sess-0004-01,2500.0,0.01128715,-0.00517013,0.99047059,0.03113198,0.02915037,-0.00582513
sim-sess-0004-01,2600.0,0.00450259,0.00761644,0.99237924,0.00998949,0.00954938,-0.00691386
sim-sess-0004-01,2700.0,0.00258436,-0.02144678,0.97968776,0.00118714,0.01248418,-0.00128506
sim-sess-0004-01,2800.0,-0.00010055,-0.02307068,0.99471731,0.01617461,0.00737669,0.03887714
sim-sess-0004-01,2900.0,-0.01542785,-0.01713048,0.97431447,-0.00186363,0.01118784,0.02213260
sim-sess-0004-01,3000.0,-0.01895279,0.00306881,0.96679035,-0.00520285,0.02850080,0.01557682
sim-sess-0004-01,3100.0,0.00506665,-0.03135605,0.97045764,0.02009338,0.02478799,0.00040238
sim-sess-0004-01,3200.0,0.00636700,0.00166775,0.98514250,0.00393952,0.01087357,0.01937392
sim-sess-0004-01,3300.0,-0.03117328,-0.00553058,0.97107995,-0.00054947,0.01271055,-0.01841324
sim-sess-0004-01,3400.0,0.00378309,-0.00489890,0.98825850,-0.01130455,0.04485141,0.01534131
sim-sess-0004-01,3500.0,-0.01677915,-0.00611579,0.99289761,-0.01664501,0.01574914,0.02047935
sim-sess-0004-01,3600.0,-0.01278489,-0.01792571,0.96855107,-0.00271434,-0.00311464,0.02340750
sim-sess-0004-01,3700.0,-0.02785940,-0.00693812,0.98261916,-0.00062108,0.02561344,0.01485649
sim-sess-0004-01,3800.0,-0.01269123,-0.00524793,1.01039805,0.02021906,0.01717838,-0.01248775
sim-sess-0004-01,3900.0,-0.01004128,-0.01320006,1.00791202,0.01018707,0.00430638,0.00193035
sim-sess-0004-01,4000.0,-0.02282195,0.00647927,0.99229986,0.01602395,-0.01622818,0.02789821
sim-sess-0004-01,4100.0,-0.03874692,-0.00094709,0.98387331,0.01958343,-0.01478191,-0.00043289
sim-sess-0004-01,4200.0,-0.02097778,-0.01953472,0.99131154,-0.01506013,0.03717176,0.01706404
sim-sess-0004-01,4300.0,-0.00558209,0.00596092,0.99601251,-0.01414893,0.02051706,0.00488309
sim-sess-0004-01,4400.0,0.00323720,-0.00320307,0.99501798,0.01725548,0.00551503,0.02777806
sim-sess-0004-01,4500.0,-0.04277737,0.00233038,1.00353250,0.00175349,0.01934626,0.01148120
sim-sess-0004-01,4600.0,0.00566942,0.01072808,1.00989273,-0.00066162,0.02776849,0.00195698
sim-sess-0004-01,4700.0,0.00738004,0.01096639,1.01199108,0.01512860,0.03698210,0.02972062
sim-sess-0004-01,4800.0,-0.00542143,0.01542638,1.01016387,0.01643300,0.01915490,-0.00843063
sim-sess-0004-01,4900.0,0.00309161,0.01299960,1.00228678,-0.01094242,0.00711436,0.03416866
sim-sess-0004-01,5000.0,-0.00986737,-0.02382667,1.01796492,0.00555901,0.01661552,-0.00817939
sim-sess-0004-01,5100.0,0.00602002,0.01139820,1.00729144,-0.01661657,0.00424125,-0.00700507
sim-sess-0004-01,5200.0,-0.00298514,0.02363798,1.01158494,-0.01157538,0.02904592,0.00380958
sim-sess-0004-01,5300.0,0.00537105,0.01810935,1.01363200,0.01605527,0.00943129,-0.01334168
sim-sess-0004-01,5400.0,0.00081020,0.00852803,1.01434823,0.00561289,-0.00002211,0.04680676
sim-sess-0004-01,5500.0,0.01415787,0.02470181,1.01961547,0.03953504,-0.03848504,0.02592948
sim-sess-0004-01,5600.0,0.00156179,-0.00630574,1.00460846,-0.00996302,0.02086413,0.02381199
sim-sess-0004-01,5700.0,0.00348075,0.01461182,1.01896792,-0.01168237,0.03175889,0.01113065
sim-sess-0004-01,5800.0,-0.00169783,0.02152620,0.99198750,-0.01463484,-0.00585212,0.01077586
sim-sess-0004-01,5900.0,0.01818961,0.00655536,1.01267658,0.03595849,0.00708579,-0.00159889
sim-sess-0004-01,6000.0,0.02814078,-0.00034473,0.99127921,-0.00467883,-0.00518201,0.00807863
sim-sess-0004-02,0.0,0.00102186,0.02174141,1.14652226,0.10573496,0.05756053,-0.00738970
sim-sess-0004-02,100.0,0.15278747,0.05056213,1.05767033,0.21121448,0.07344493,0.03271826
sim-sess-0004-02,200.0,0.16426358,0.08415024,0.92474301,0.15113107,0.01911581,0.05559791
sim-sess-0004-02,300.0,-0.01080257,0.06779287,0.84840878,-0.12425217,0.02306187,0.04682884
sim-sess-0004-02,400.0,-0.18479032,0.06934555,0.95345326,-0.21355166,-0.06177531,0.01240807
sim-sess-0004-02,500.0,-0.16159740,0.00699389,1.10072725,-0.09626628,-0.07890016,-0.01239618
sim-sess-0004-02,600.0,0.03857458,-0.02736908,1.16743974,0.11447653,-0.06807520,-0.06740389
sim-sess-0004-02,700.0,0.14285690,-0.03878128,1.07382108,0.21170926,-0.06729336,-0.03433078
sim-sess-0004-02,800.0,0.16002619,-0.06103973,0.87675742,0.09673879,-0.02414897,-0.00549911
sim-sess-0004-02,900.0,-0.03740994,-0.06049857,0.82589561,-0.09653730,0.01603635,0.02449786
sim-sess-0004-02,1000.0,-0.16986617,-0.03095820,0.95035221,-0.18401368,0.03443538,0.05117586
sim-sess-0004-02,1100.0,-0.14725071,-0.00054471,1.10221290,-0.08514829,0.06103994,0.05672047
sim-sess-0004-02,1200.0,0.04910737,0.05034334,1.15769884,0.12810220,0.05564708,0.03124003
sim-sess-0004-02,1300.0,0.17625710,0.07762027,1.04624813,0.19118565,0.08985868,-0.02809137
sim-sess-0004-02,1400.0,0.09667874,0.07626207,0.86601566,0.08692220,0.01499056,-0.04786505
sim-sess-0004-02,1500.0,-0.05541139,0.07394861,0.84728336,-0.12624947,-0.02167725,-0.04741680
sim-sess-0004-02,1600.0,-0.20329006,0.01587506,0.98379973,-0.19220421,-0.02377948,-0.01840526
sim-sess-0004-02,1700.0,-0.12065027,0.02363577,1.14962787,-0.04731783,-0.06800119,0.00160628
sim-sess-0004-02,1800.0,0.07207084,-0.02772756,1.16514718,0.12926523,-0.08149374,0.04728744
sim-sess-0004-02,1900.0,0.17780038,-0.07401015,1.00443247,0.20609272,-0.06150134,0.05281678
sim-sess-0004-02,2000.0,0.10665434,-0.07500485,0.86016060,0.03600616,-0.02863302,-0.00377551
sim-sess-0004-02,2100.0,-0.07442508,-0.06415552,0.86051123,-0.13942866,-0.00488529,0.00157536
sim-sess-0004-02,2200.0,-0.20480040,-0.04659065,0.98001830,-0.17708665,0.06892480,-0.03066586
sim-sess-0004-02,2300.0,-0.09357729,-0.00705721,1.12859857,-0.04323843,0.05522561,-0.05909288
sim-sess-0004-02,2400.0,0.11547689,0.03394689,1.15474690,0.14252582,0.08316339,-0.05150371
sim-sess-0004-02,2500.0,0.19347395,0.08792408,1.00926861,0.17469502,0.05656551,-0.01749820
sim-sess-0004-02,2600.0,0.10690403,0.08177962,0.83762400,0.02578519,0.03128867,0.03634013
sim-sess-0004-02,2700.0,-0.10416756,0.05516367,0.86606502,-0.20607758,-0.03627644,0.03709145
sim-sess-0004-02,2800.0,-0.19789710,0.02416972,1.01221580,-0.20060886,-0.05294359,0.02262296
sim-sess-0004-02,2900.0,-0.09147780,-0.02572196,1.14137879,0.01091822,-0.06545161,0.00660193
sim-sess-0004-02,3000.0,0.11058216,-0.05601042,1.14449878,0.18935741,-0.08536160,-0.01538815
sim-sess-0004-02,3100.0,0.19868429,-0.05450876,0.97319392,0.18080372,-0.05218359,-0.06040859
sim-sess-0004-02,3200.0,0.05742832,-0.06407126,0.85878923,0.00396836,-0.01707294,-0.02072079
sim-sess-0004-02,3300.0,-0.11263265,-0.07456027,0.85018655,-0.19796533,0.03302632,0.01018311
sim-sess-0004-02,3400.0,-0.19944179,-0.01706878,1.01556263,-0.16378835,0.05184569,0.03904331
sim-sess-0004-02,3500.0,-0.03699664,0.02457848,1.15527433,0.00259235,0.06912197,0.06245954
sim-sess-0004-02,3600.0,0.12727315,0.03308413,1.11226295,0.16666893,0.05828842,0.07982833
sim-sess-0004-02,3700.0,0.19733259,0.08650254,0.94582012,0.16259603,0.04648258,0.04222121
sim-sess-0004-02,3800.0,0.03112282,0.08212346,0.82291616,-0.02517983,-0.02204562,-0.00211808
sim-sess-0004-02,3900.0,-0.14590989,0.04451989,0.90633387,-0.19424020,-0.05210104,-0.05636558
sim-sess-0004-02,4000.0,-0.19297739,0.01834310,1.05186061,-0.14118077,-0.05031791,-0.01961635
sim-sess-0004-02,4100.0,-0.03218629,-0.01882839,1.16998421,0.05584956,-0.08690470,-0.05052050
sim-sess-0004-02,4200.0,0.14895711,-0.05282261,1.12526028,0.17914497,-0.07447679,0.01163049
sim-sess-0004-02,4300.0,0.17471041,-0.07667376,0.94410731,0.14248062,-0.04063915,0.03952938
sim-sess-0004-02,4400.0,0.01657199,-0.07386143,0.82373542,-0.09104673,-0.01529562,0.07564698
sim-sess-0004-02,4500.0,-0.17315258,-0.07216393,0.88791527,-0.21595347,0.06430076,0.03216051
sim-sess-0004-02,4600.0,-0.14969094,-0.02453132,1.08835843,-0.14408660,0.05705520,-0.01889196
sim-sess-0004-02,4700.0,-0.01956347,0.03614252,1.16027054,0.07840967,0.08467353,-0.03355324
sim-sess-0004-02,4800.0,0.14990361,0.07076333,1.06612110,0.15945962,0.05985313,-0.08217874
sim-sess-0004-02,4900.0,0.15877909,0.07214858,0.93409812,0.14423339,0.01601866,-0.02137848
sim-sess-0004-02,5000.0,-0.00276510,0.06147559,0.82347977,-0.07353564,-0.01564994,0.01065140
sim-sess-0004-02,5100.0,-0.15876341,0.05549872,0.92524184,-0.20322021,-0.01699668,0.02942511
sim-sess-0004-02,5200.0,-0.15511435,-0.01126171,1.08291194,-0.10438773,-0.04591325,0.05321934
sim-sess-0004-02,5300.0,0.01159544,-0.02986439,1.18084390,0.08077961,-0.04349474,0.05656623
sim-sess-0004-02,5400.0,0.17996874,-0.05955350,1.08124571,0.19642811,-0.07253104,0.00986366
sim-sess-0004-02,5500.0,0.13505515,-0.08150636,0.88314978,0.12668924,-0.04672136,-0.01779695
sim-sess-0004-02,5600.0,-0.00319614,-0.07244622,0.84259139,-0.10042494,0.00620371,-0.03077232
sim-sess-0004-02,5700.0,-0.18332410,-0.07185664,0.93049444,-0.21959023,0.04101403,-0.06546134
sim-sess-0004-02,5800.0,-0.14319060,-0.00669078,1.11204867,-0.09146272,0.06409183,-0.02989755
sim-sess-0004-02,5900.0,0.05105787,0.01426985,1.18129553,0.10706499,0.05061606,0.03291208
sim-sess-0004-02,6000.0,0.17900255,0.05520221,1.07297508,0.21514145,0.07565613,0.03693224
sim-sess-0004-03,0.0,-0.00126067,0.02075180,1.00728077,0.36222240,-0.00561505,0.07969209
sim-sess-0004-03,100.0,0.19491861,0.03455122,1.03378003,0.34745926,0.03104458,0.09732154
sim-sess-0004-03,200.0,0.34888436,0.04865775,1.09601311,0.27839692,0.03580325,0.06584844
sim-sess-0004-03,300.0,0.40966317,0.04030292,1.21601842,0.17544038,0.06914397,0.05974444
sim-sess-0004-03,400.0,0.35419459,0.03627917,1.31739875,0.00222982,0.09640503,0.06808681
sim-sess-0004-03,500.0,0.27218432,0.02111019,1.43583929,-0.13092050,0.09643665,0.04624051
sim-sess-0004-03,600.0,0.18659113,-0.00200252,1.50814779,-0.26331729,0.08337836,0.02720057
sim-sess-0004-03,700.0,0.10129073,-0.02485387,1.59094917,-0.36070609,0.01411250,0.02210538
sim-sess-0004-03,800.0,0.00626379,-0.02915531,1.65403262,-0.40241182,0.00605157,0.00733017
sim-sess-0004-03,900.0,-0.05435156,-0.02660048,1.60348123,-0.35495151,-0.02434370,-0.02411541
sim-sess-0004-03,1000.0,-0.13683727,-0.05612553,1.53925040,-0.25694253,-0.03989423,-0.02298413
sim-sess-0004-03,1100.0,-0.25432197,-0.07104009,1.42727589,-0.13635789,-0.10577686,-0.04489366
sim-sess-0004-03,1200.0,-0.33311611,-0.05504862,1.31590954,-0.00751746,-0.07467034,-0.00834191
sim-sess-0004-03,1300.0,-0.40306816,-0.02518001,1.20216955,0.13943308,-0.10044529,-0.06919388
sim-sess-0004-03,1400.0,-0.34099971,-0.01314507,1.09357211,0.22275630,-0.04638731,-0.09166265
sim-sess-0004-03,1500.0,-0.19889415,-0.00066119,1.03032425,0.30341655,-0.04432842,-0.04320612
sim-sess-0004-03,1600.0,-0.03101634,0.02763234,0.99321903,0.39678357,-0.01055660,-0.07145493
sim-sess-0004-03,1700.0,0.15891994,0.03677885,1.02020648,0.33001395,0.02934722,-0.06511165
sim-sess-0004-03,1800.0,0.33183848,0.04408250,1.08351389,0.29754425,0.04183297,-0.05199455
sim-sess-0004-03,1900.0,0.40191440,0.04059099,1.16038221,0.17703774,0.08341671,-0.03907171
sim-sess-0004-03,2000.0,0.37683913,0.01575593,1.28932877,0.00680480,0.07214488,-0.06567308
sim-sess-0004-03,2100.0,0.27196028,0.00037040,1.39720195,-0.11550424,0.08902377,-0.06933692
sim-sess-0004-03,2200.0,0.19241387,0.00129488,1.52752255,-0.23977924,0.03105431,-0.01031076
sim-sess-0004-03,2300.0,0.08617543,-0.00377216,1.56922774,-0.33748103,0.03066401,-0.00014818
sim-sess-0004-03,2400.0,0.00631109,-0.02144890,1.63313877,-0.42323683,0.01841740,-0.00519842
sim-sess-0004-03,2500.0,-0.05099248,-0.04180816,1.62347509,-0.37035856,-0.03205701,0.01548320
sim-sess-0004-03,2600.0,-0.13352567,-0.07245057,1.55330167,-0.28154804,-0.05212041,0.00274193
sim-sess-0004-03,2700.0,-0.24732350,-0.03013305,1.44558103,-0.16877163,-0.06548279,0.06469119
sim-sess-0004-03,2800.0,-0.33043580,-0.04787696,1.31343970,-0.06511536,-0.06379801,0.03293876
sim-sess-0004-03,2900.0,-0.38914268,-0.03415073,1.23471986,0.10805711,-0.06355431,0.06348840
sim-sess-0004-03,3000.0,-0.35830491,-0.00633266,1.11788359,0.22087125,-0.07353114,0.02342748
sim-sess-0004-03,3100.0,-0.23017621,0.01356190,1.04321285,0.34019654,-0.02987949,0.05764300
sim-sess-0004-03,3200.0,-0.06658089,0.00639412,1.00158049,0.36190395,0.02330143,0.08739084
sim-sess-0004-03,3300.0,0.14289471,0.03268309,1.02648882,0.32815699,0.02120583,0.04849902
sim-sess-0004-03,3400.0,0.29153336,0.04440790,1.09519729,0.26135996,0.05402068,0.06464668
sim-sess-0004-03,3500.0,0.40617454,0.02557119,1.16888334,0.21284307,0.05648229,0.03386577
sim-sess-0004-03,3600.0,0.37564677,0.04028122,1.25554583,0.02675111,0.07161365,0.04161523
sim-sess-0004-03,3700.0,0.30724355,0.04474596,1.36691695,-0.09524367,0.05820687,0.04587190
sim-sess-0004-03,3800.0,0.17973419,0.02566568,1.49898562,-0.21377231,0.08402713,0.01498873
sim-sess-0004-03,3900.0,0.10909513,-0.01458212,1.57781036,-0.32415612,0.04005069,0.02467065
sim-sess-0004-03,4000.0,0.02649013,-0.02317508,1.59624932,-0.36201782,0.01393016,0.03190968
sim-sess-0004-03,4100.0,-0.05382837,-0.04317157,1.62951621,-0.35495046,-0.02688721,-0.04958717
sim-sess-0004-03,4200.0,-0.13822284,-0.00944162,1.54197761,-0.26905263,-0.04649907,-0.03193958
sim-sess-0004-03,4300.0,-0.24876509,-0.04603210,1.45466353,-0.19345225,-0.07010269,-0.00776753
sim-sess-0004-03,4400.0,-0.31982871,-0.05057871,1.34076481,-0.04714882,-0.07142961,-0.04748559
sim-sess-0004-03,4500.0,-0.38617233,-0.01278935,1.22584491,0.06862704,-0.11134642,-0.02402105
sim-sess-0004-03,4600.0,-0.34937353,-0.01561093,1.12223380,0.20812090,-0.04910160,-0.05400612
sim-sess-0004-03,4700.0,-0.29095690,-0.01051716,1.05082803,0.34157147,-0.04346735,-0.05277334
sim-sess-0004-03,4800.0,-0.05964618,0.03015646,1.00722471,0.38733443,0.00733813,-0.05459252
sim-sess-0004-03,4900.0,0.12711871,0.06094982,1.01175847,0.37472292,0.00849044,-0.05186946
sim-sess-0004-03,5000.0,0.30910171,0.03899995,1.05937177,0.30571925,0.05873430,-0.06453708
sim-sess-0004-03,5100.0,0.37628169,0.03073555,1.16403296,0.22842742,0.08605840,-0.05297850
sim-sess-0004-03,5200.0,0.39664841,0.03257264,1.26595774,0.05785965,0.09984846,-0.05367697
sim-sess-0004-03,5300.0,0.32651390,0.01030993,1.37707095,-0.09660731,0.07460719,-0.04147449
sim-sess-0004-03,5400.0,0.24335112,0.00362986,1.48969552,-0.22565180,0.06139854,-0.04296024
sim-sess-0004-03,5500.0,0.11467484,-0.01240543,1.61719862,-0.32264533,0.04807101,0.00768761
sim-sess-0004-03,5600.0,0.04001675,-0.03449007,1.64955024,-0.38000222,0.04525617,-0.03186131
sim-sess-0004-03,5700.0,-0.03466359,-0.04719317,1.57292520,-0.39781725,-0.01088449,-0.01408164
sim-sess-0004-03,5800.0,-0.10729905,-0.03612155,1.56531271,-0.31096105,-0.05006090,0.01974237
sim-sess-0004-03,5900.0,-0.19885503,-0.03405931,1.45096103,-0.21052514,-0.06382994,0.02625835
sim-sess-0004-03,6000.0,-0.34280641,-0.03532796,1.37017621,-0.09999322,-0.08700431,0.03367742
sim-sess-0004-04,0.0,0.04551851,0.01154730,1.00285498,0.28916792,-0.00440233,0.06246941
sim-sess-0004-04,100.0,0.14734580,0.02101398,1.01245226,0.26693959,0.02694606,0.06584495
sim-sess-0004-04,200.0,0.23898159,0.01552919,1.01606232,0.23288932,0.03526616,0.05002759
sim-sess-0004-04,300.0,0.29894080,0.02474773,1.08820878,0.18128898,0.04311904,0.04305016
sim-sess-0004-04,400.0,0.37414852,0.02386388,1.13036113,0.16284942,0.08276891,0.04859963
sim-sess-0004-04,500.0,0.44327451,0.03418148,1.20645809,0.11114452,0.12232479,0.06738047
sim-sess-0004-04,600.0,0.42074128,0.06128652,1.29056451,0.01791548,0.11419675,0.03866121
sim-sess-0004-04,700.0,0.45475545,0.07329802,1.40357164,-0.00796909,0.12336020,0.01961228
sim-sess-0004-04,800.0,0.43372663,0.05405822,1.44554906,-0.07324479,0.10333668,0.02041218
sim-sess-0004-04,900.0,0.38989302,0.07589943,1.58390023,-0.14323151,0.11457227,-0.00231830
sim-sess-0004-04,1000.0,0.31829560,0.07293414,1.63905003,-0.18997663,0.09490567,0.01375904
sim-sess-0004-04,1100.0,0.25926701,0.04877457,1.69260603,-0.20600057,0.07931877,0.02313389
sim-sess-0004-04,1200.0,0.18097101,0.06353409,1.72910741,-0.25093781,0.08189931,0.00194050
sim-sess-0004-04,1300.0,0.10648762,0.08667135,1.79295497,-0.26414963,0.05254330,0.02134460
sim-sess-0004-04,1400.0,0.00415924,0.08175802,1.84033729,-0.27457015,0.01188423,0.00825385
sim-sess-0004-04,1500.0,-0.09704260,0.07781105,1.80064807,-0.28490059,-0.03056829,-0.01714606
sim-sess-0004-04,1600.0,-0.18603343,0.06453438,1.80863413,-0.28138113,-0.04207748,0.01353048
sim-sess-0004-04,1700.0,-0.26322004,0.07640294,1.78736215,-0.23777882,-0.08968664,-0.01321956
sim-sess-0004-04,1800.0,-0.32088925,0.08427953,1.71584509,-0.19978337,-0.07597214,0.00613893
sim-sess-0004-04,1900.0,-0.37144612,0.07658349,1.63475837,-0.11071301,-0.11675933,-0.03521492
sim-sess-0004-04,2000.0,-0.40328984,0.05636094,1.57297647,-0.09493060,-0.10202831,-0.04165377
sim-sess-0004-04,2100.0,-0.46314295,0.06006100,1.50470843,-0.04596712,-0.08868313,-0.03252083
sim-sess-0004-04,2200.0,-0.41903329,0.04193808,1.38831237,0.02332603,-0.09904866,-0.04050053
sim-sess-0004-04,2300.0,-0.42689558,0.06003460,1.33171448,0.09509654,-0.12852757,-0.03133405
sim-sess-0004-04,2400.0,-0.36769793,0.02763021,1.24092598,0.13419601,-0.10782248,-0.03860202
sim-sess-0004-04,2500.0,-0.31034416,0.02550776,1.17020391,0.20635437,-0.12044591,-0.04440189
sim-sess-0004-04,2600.0,-0.23061571,0.04284424,1.11607112,0.24711972,-0.07437724,-0.04248558
sim-sess-0004-04,2700.0,-0.17451858,0.02215590,1.04946556,0.25806752,-0.07922679,-0.05821190
sim-sess-0004-04,2800.0,-0.04999596,0.00984111,1.00398394,0.23260615,-0.00954014,-0.04088107
sim-sess-0004-04,2900.0,0.03514067,0.01381230,1.02025173,0.26500392,0.00668484,-0.05464082
sim-sess-0004-04,3000.0,0.11486499,0.00424901,1.00306413,0.28119569,0.01520834,-0.03897642
sim-sess-0004-04,3100.0,0.19032765,-0.00628609,1.01862145,0.26511520,0.05979943,-0.02608218
sim-sess-0004-04,3200.0,0.28875415,-0.01996127,1.06697800,0.22301543,0.06894600,-0.04070943
sim-sess-0004-04,3300.0,0.37551241,-0.01415404,1.10433111,0.17784802,0.08270403,-0.05597257
sim-sess-0004-04,3400.0,0.40964531,-0.03499984,1.17683063,0.10085757,0.09938735,-0.01865243
sim-sess-0004-04,3500.0,0.41489813,-0.02443039,1.26514105,0.03720202,0.10363455,-0.04321862
sim-sess-0004-04,3600.0,0.43807364,-0.03415797,1.35893325,-0.00945009,0.12065462,-0.02123154
sim-sess-0004-04,3700.0,0.41777321,-0.03994463,1.42962629,-0.04446772,0.09338571,-0.03501518
sim-sess-0004-04,3800.0,0.37713345,-0.05858774,1.50387349,-0.11367025,0.11329559,-0.03875938
sim-sess-0004-04,3900.0,0.36886686,-0.05848945,1.59669466,-0.15728338,0.07504029,-0.02694088
sim-sess-0004-04,4000.0,0.28147882,-0.05935692,1.64800772,-0.19398204,0.07195232,-0.00693109
sim-sess-0004-04,4100.0,0.23248535,-0.08776855,1.69955772,-0.24263188,0.07592328,-0.01561811
sim-sess-0004-04,4200.0,0.12599408,-0.07127608,1.72353259,-0.26469516,0.03069413,-0.00417153
sim-sess-0004-04,4300.0,0.04574797,-0.07145965,1.77816104,-0.27872036,0.05636115,-0.01227349
sim-sess-0004-04,4400.0,-0.05156718,-0.08579881,1.79266741,-0.26675908,-0.03062852,0.01455624
sim-sess-0004-04,4500.0,-0.14528406,-0.07815172,1.82755625,-0.26398023,-0.01666709,0.02311376
sim-sess-0004-04,4600.0,-0.24620506,-0.07583160,1.80408658,-0.24456465,-0.03747853,0.01798045
sim-sess-0004-04,4700.0,-0.30201335,-0.05401064,1.71988035,-0.20310133,-0.06988297,0.03088449
sim-sess-0004-04,4800.0,-0.36460949,-0.07486278,1.68782557,-0.14382895,-0.08548471,0.03090021
sim-sess-0004-04,4900.0,-0.41814618,-0.07209569,1.63143233,-0.12112749,-0.09844462,0.02508909
sim-sess-0004-04,5000.0,-0.43500618,-0.08459335,1.53535595,-0.05023785,-0.08979168,0.02810880
sim-sess-0004-04,5100.0,-0.45432171,-0.05454675,1.43939911,0.00402853,-0.12624342,0.03043684
sim-sess-0004-04,5200.0,-0.44363347,-0.03328593,1.37567388,0.10594600,-0.10848879,0.03816844
sim-sess-0004-04,5300.0,-0.38877444,-0.04815985,1.27452391,0.13195193,-0.09833006,0.03411919
sim-sess-0004-04,5400.0,-0.33906245,-0.06101250,1.20172437,0.20346213,-0.11564396,0.06139706
sim-sess-0004-04,5500.0,-0.27941936,-0.01367069,1.14808715,0.22678870,-0.10638984,0.03272294
sim-sess-0004-04,5600.0,-0.20629913,-0.01984784,1.05655210,0.23341511,-0.06718690,0.05219300
sim-sess-0004-04,5700.0,-0.08732739,-0.01261391,1.03502663,0.28621555,-0.03226886,0.04684390
sim-sess-0004-04,5800.0,0.01896363,-0.01237369,1.00430440,0.28059394,-0.03156421,0.05431586
sim-sess-0004-04,5900.0,0.07011440,0.01456405,0.98826901,0.27519404,0.01170997,0.04647490
sim-sess-0004-04,6000.0,0.16743844,0.01922174,1.02214155,0.26310688,0.01219454,0.06472309
sim-sess-0004-05,0.0,0.00841692,0.03075817,0.98268316,0.00287180,0.00693916,-0.00222757
sim-sess-0004-05,100.0,0.00565286,0.02719098,1.02549662,0.00507802,0.05192822,-0.01911877
sim-sess-0004-05,200.0,0.02876175,0.01465679,1.01295385,0.02542822,0.04486556,0.01451537
sim-sess-0004-05,300.0,0.03098200,0.01321658,1.01415547,0.02340337,0.01483382,0.00715951
sim-sess-0004-05,400.0,0.05437898,0.01086480,1.03175566,0.03842263,0.02909162,0.03005408
sim-sess-0004-05,500.0,0.05234774,-0.00026197,1.04702428,0.03219656,0.00579794,0.00178884
sim-sess-0004-05,600.0,0.03591016,0.01503684,1.04365203,0.01818259,-0.00761463,0.00709949
sim-sess-0004-05,700.0,0.01565047,-0.00195734,1.02880003,0.05501889,0.01526513,0.01777650
sim-sess-0004-05,800.0,0.01247053,0.00087837,1.01884969,0.03564181,0.00449094,0.02343288
sim-sess-0004-05,900.0,-0.01007828,-0.03597456,1.02473614,0.03410062,-0.01932556,0.02078943
sim-sess-0004-05,1000.0,-0.00385246,-0.04584375,1.01491823,-0.01952643,0.00540597,0.02254129
sim-sess-0004-05,1100.0,-0.01471517,-0.02798037,0.99060651,-0.01677503,-0.01018818,0.00494013
sim-sess-0004-05,1200.0,-0.06919293,-0.01620016,0.99182880,-0.03201158,-0.03935095,0.00947404
sim-sess-0004-05,1300.0,-0.03866508,-0.02648480,0.97505783,-0.06001178,-0.00021191,0.00465627
sim-sess-0004-05,1400.0,-0.05488603,-0.06082916,0.97250081,-0.02768441,-0.00133504,0.04113849
sim-sess-0004-05,1500.0,-0.04624564,-0.02210810,0.95761757,-0.02150319,0.01016969,0.00420392
sim-sess-0004-05,1600.0,-0.03886675,0.01251181,0.96886574,-0.03133439,-0.01744959,0.00942706
sim-sess-0004-05,1700.0,-0.02177143,-0.02478954,0.96527622,-0.01872601,-0.01398983,-0.00350195
sim-sess-0004-05,1800.0,-0.00067903,0.01573450,0.98934261,-0.01080695,-0.01461766,0.01232511
sim-sess-0004-05,1900.0,0.01366727,0.02109653,0.98932135,-0.03033522,-0.00030712,-0.02578625
sim-sess-0004-05,2000.0,0.02728916,0.03018872,0.99865557,0.01275720,-0.02118420,-0.02560297
sim-sess-0004-05,2100.0,0.04029875,0.02320543,1.00743865,-0.02106358,-0.00574416,-0.03074806
sim-sess-0004-05,2200.0,0.02317643,0.03715505,1.01228428,0.00536819,0.04083214,-0.01350832
sim-sess-0004-05,2300.0,0.02682421,0.04516119,1.01804854,0.03523580,0.03252575,-0.03307331
sim-sess-0004-05,2400.0,0.03495144,0.03268056,1.02468941,0.03745843,0.03347156,-0.00744585
sim-sess-0004-05,2500.0,0.02126272,0.02375320,1.03869546,0.04276152,0.00650401,-0.03031177
sim-sess-0004-05,2600.0,0.03662177,0.01951885,1.02651611,0.02942757,0.01853529,-0.03836942
sim-sess-0004-05,2700.0,-0.00162776,0.01448066,1.02721055,0.04474035,0.00856627,-0.01711843
sim-sess-0004-05,2800.0,-0.00759198,0.02081479,1.02269742,0.01270566,0.01962378,-0.02126669
sim-sess-0004-05,2900.0,-0.01965969,-0.00596884,1.04634548,-0.00438490,0.00294471,-0.02417532
sim-sess-0004-05,3000.0,-0.04821771,-0.00089476,1.01399745,0.00317597,-0.00298514,-0.00780766
sim-sess-0004-05,3100.0,-0.06105973,0.03083736,1.00863239,-0.02065054,0.02499285,-0.03316702
sim-sess-0004-05,3200.0,-0.03206550,-0.01610982,0.99607678,-0.01293556,0.00052784,0.01748589
sim-sess-0004-05,3300.0,-0.04494156,-0.00632814,0.98351975,-0.02585703,0.01770027,-0.00670426
sim-sess-0004-05,3400.0,-0.02993505,-0.02153870,0.96378068,-0.04424718,-0.03214151,-0.02158563
sim-sess-0004-05,3500.0,-0.04143962,-0.02536380,0.97151099,-0.03499928,-0.01764557,-0.00750131
sim-sess-0004-05,3600.0,-0.00431458,-0.02121469,0.95330290,-0.02783611,-0.02914802,-0.00513045
sim-sess-0004-05,3700.0,0.00067179,-0.00775349,0.97463414,-0.02903961,-0.01751372,0.01236642
sim-sess-0004-05,3800.0,0.02500204,-0.02245874,0.96522090,-0.02588445,-0.00965285,0.01742046
sim-sess-0004-05,3900.0,0.04490101,-0.02363068,0.96934720,-0.00022410,-0.02363147,0.00052953
sim-sess-0004-05,4000.0,0.03424721,0.00464841,1.00179499,0.03202358,-0.03503982,0.00631334
sim-sess-0004-05,4100.0,0.01435450,0.00146467,0.99516787,0.02499237,-0.02786598,0.03018812
sim-sess-0004-05,4200.0,0.03136500,-0.00408056,1.01624422,0.02258561,-0.00789853,0.01843140
sim-sess-0004-05,4300.0,0.04382621,0.01456502,1.01326658,0.01397657,0.00440276,0.01192522
sim-sess-0004-05,4400.0,0.02304193,0.02072371,1.02182413,0.03173868,0.02506974,0.04738985
sim-sess-0004-05,4500.0,-0.00080067,0.04058241,1.01932863,0.04601849,0.02761845,-0.00979579
sim-sess-0004-05,4600.0,-0.00315425,0.03499386,1.03611124,0.03914187,0.00990283,-0.00850746
sim-sess-0004-05,4700.0,-0.01886226,0.04405022,1.00937070,0.02414587,0.00770173,0.00484602
sim-sess-0004-05,4800.0,-0.05595240,0.04604090,1.03704307,0.01328351,0.00369219,0.00011834
sim-sess-0004-05,4900.0,-0.04331816,0.02459219,1.03509928,-0.00860882,0.00088819,-0.00560187
sim-sess-0004-05,5000.0,-0.03308840,0.02100953,0.98498141,0.01756567,0.00850340,-0.02505943
sim-sess-0004-05,5100.0,-0.02510848,0.01463913,1.00005438,-0.02328789,0.01534376,0.00850305
sim-sess-0004-05,5200.0,-0.01919609,0.02168968,1.00316338,-0.03952348,-0.00619030,-0.01211248
sim-sess-0004-05,5300.0,-0.01698251,0.00897305,1.01447660,-0.04919701,0.02922445,-0.00618995
sim-sess-0004-05,5400.0,-0.01322785,-0.01100130,0.97790102,-0.01766725,0.03575255,-0.01020076
sim-sess-0004-05,5500.0,0.01252915,-0.02601900,0.98533158,-0.00859407,0.01625170,-0.02406824
sim-sess-0004-05,5600.0,0.03409735,0.00391318,0.98486759,-0.04897337,-0.01034571,-0.01118818
sim-sess-0004-05,5700.0,0.02366601,-0.02258667,0.97394319,-0.01130543,-0.00084111,-0.01753045
sim-sess-0004-05,5800.0,0.05180067,-0.01398628,0.93523125,-0.01189581,0.00440548,-0.01761489
sim-sess-0004-05,5900.0,0.03795660,-0.01872418,0.98272063,-0.00845327,-0.01816013,-0.01484057
sim-sess-0004-05,6000.0,0.04927557,-0.04466206,0.99483850,-0.00214101,-0.01040861,-0.01653572
sim-sess-0005-01,0.0,-0.00950459,0.01497195,1.00612235,-0.02476931,0.00746076,0.02472053
sim-sess-0005-01,100.0,0.00576839,0.00457871,1.00445954,0.01609689,0.00731762,-0.00189264
sim-sess-0005-01,200.0,0.00258249,0.00437243,1.01035796,0.01544871,-0.01143983,-0.00319955
sim-sess-0005-01,300.0,0.00356317,0.00645085,1.00332671,0.01798710,-0.02501296,0.01780503
sim-sess-0005-01,400.0,-0.00001537,0.01065804,1.01607860,0.02744745,0.00654292,0.00230930
sim-sess-0005-01,500.0,0.00031522,0.02929314,1.02211969,0.03211644,-0.00785196,0.00379803
sim-sess-0005-01,600.0,0.01614617,0.01567742,1.00308709,0.01709826,-0.00459029,0.01935952
sim-sess-0005-01,700.0,0.01491406,0.00714549,0.99926765,0.00653900,0.01559407,-0.02256626
sim-sess-0005-01,800.0,0.02039693,0.02104073,1.03694687,0.02061535,-0.00203637,0.02435326
sim-sess-0005-01,900.0,-0.00207699,0.01083119,1.00467076,-0.01305248,0.01814667,0.03618414
sim-sess-0005-01,1000.0,-0.00301909,0.02660795,1.02454461,0.01487696,0.01698531,0.01796707
sim-sess-0005-01,1100.0,0.02814324,0.00070392,1.00433483,0.01519328,0.01332729,0.01257129
sim-sess-0005-01,1200.0,-0.00187827,0.00796997,0.99330686,0.00790083,0.00293425,0.00812546
sim-sess-0005-01,1300.0,0.00478078,-0.00183013,0.99305674,0.02143042,-0.00424960,0.02062388
sim-sess-0005-01,1400.0,0.01800099,0.02657498,1.01009776,-0.01469120,0.00169654,0.02305052
sim-sess-0005-01,1500.0,0.02208454,0.01685372,1.01309264,0.02536706,0.00294495,-0.00614905
sim-sess-0005-01,1600.0,0.00521328,0.02445176,1.03815083,0.03732537,0.02265222,0.01439164
sim-sess-0005-01,1700.0,0.01003155,-0.01241530,1.03883214,-0.00169651,0.01637608,0.00787056
sim-sess-0005-01,1800.0,0.01680543,-0.01758674,0.99931078,0.00019599,0.02232646,0.00421355
sim-sess-0005-01,1900.0,0.00905884,-0.00484045,1.02958411,0.02802659,0.01257356,-0.02285926
sim-sess-0005-01,2000.0,0.00509374,-0.00625114,1.03563643,-0.00249569,0.02530112,0.00736986
sim-sess-0005-01,2100.0,0.00829873,-0.00684883,0.98484202,0.01851688,0.02396309,0.02993155
sim-sess-0005-01,2200.0,0.01239940,0.00639976,1.00786166,-0.00248679,0.00936808,0.02330774
sim-sess-0005-01,2300.0,0.00994407,-0.00987955,0.98716823,0.02366687,0.00621946,-0.01763072
sim-sess-0005-01,2400.0,0.01395830,-0.01579664,0.99977866,-0.00132679,0.00064300,0.03054739
sim-sess-0005-01,2500.0,0.01625820,-0.00131593,0.98650040,0.00768309,0.01127827,0.01260486
sim-sess-0005-01,2600.0,-0.00972814,-0.01231774,0.98272470,0.02061962,-0.00099232,0.01007441
sim-sess-0005-01,2700.0,-0.00058367,-0.01958734,0.97769073,0.01393361,0.03097542,0.00700033
sim-sess-0005-01,2800.0,-0.00836852,-0.00958519,0.97683364,0.00503793,0.02469787,0.01123506
sim-sess-0005-01,2900.0,0.00925572,-0.00884992,0.98978677,-0.01368960,0.00467252,0.00524088
sim-sess-0005-01,3000.0,-0.01114509,-0.02554012,0.95850862,0.01437422,0.02018070,0.01874383
sim-sess-0005-01,3100.0,-0.01018026,-0.02074550,1.00147937,0.02596065,-0.00006994,0.02297483
sim-sess-0005-01,3200.0,-0.01953190,-0.02732757,0.98039610,0.00092574,0.01469601,0.00408307
sim-sess-0005-01,3300.0,-0.00317555,-0.01981505,0.98197416,0.00931926,0.02336584,-0.00510570
sim-sess-0005-01,3400.0,-0.00880220,0.00328532,1.00161855,0.00940400,-0.00874759,-0.01244162
sim-sess-0005-01,3500.0,-0.03194447,-0.00291768,0.97018318,0.01377364,0.02922046,0.00684776
sim-sess-0005-01,3600.0,-0.02103669,0.01063397,0.97328152,-0.00218692,-0.00124929,-0.00567154
sim-sess-0005-01,3700.0,-0.00669630,-0.01888221,0.99101421,-0.00708233,0.03428065,-0.00870715
sim-sess-0005-01,3800.0,-0.01461482,0.00731777,0.97720406,0.00614053,0.01349854,0.01087425
sim-sess-0005-01,3900.0,-0.01226419,-0.01543897,0.98520028,0.00469459,-0.00362574,0.00950528
sim-sess-0005-01,4000.0,-0.01143813,-0.00428418,0.97888108,0.02747137,-0.00845155,0.03838721
sim-sess-0005-01,4100.0,-0.01253957,-0.00067217,1.01196134,0.03139571,0.00430779,0.02467774
sim-sess-0005-01,4200.0,-0.00982570,0.00577408,0.99894424,0.01022568,0.00109518,0.01174552
sim-sess-0005-01,4300.0,-0.01175108,-0.00383748,1.01151390,0.01220416,0.05228647,0.01579270
sim-sess-0005-01,4400.0,-0.01678880,-0.00535806,0.99865652,0.00823325,0.02466289,0.00689411
sim-sess-0005-01,4500.0,-0.03105593,-0.00668369,1.02666685,0.01393715,0.00725730,0.00462173
sim-sess-0005-01,4600.0,-0.00297371,0.02094792,0.99722351,0.03786341,0.02316852,0.00549346
sim-sess-0005-01,4700.0,-0.00335416,-0.00379377,1.01672696,-0.00982318,0.03259662,0.00248811
sim-sess-0005-01,4800.0,-0.02277097,0.00912747,1.01717264,0.01173161,-0.00716137,0.00525553
sim-sess-0005-01,4900.0,-0.00657346,-0.00528691,1.01416842,0.00951270,0.03263394,-0.01934950
sim-sess-0005-01,5000.0,-0.00773560,0.00231474,1.00893632,0.02218027,0.01710223,0.00072137
sim-sess-0005-01,5100.0,-0.00287765,0.01192629,1.00976686,0.02915379,0.00223313,-0.00256009
sim-sess-0005-01,5200.0,0.01197318,0.00859442,1.01959093,0.00444014,0.00932510,-0.00341361
sim-sess-0005-01,5300.0,-0.02278581,0.02204434,0.99903259,0.00773332,0.01580214,0.01981893
sim-sess-0005-01,5400.0,0.00757974,0.01054695,1.02111681,-0.00819351,-0.00492863,0.00434096
sim-sess-0005-01,5500.0,0.01401236,0.02056578,1.01241434,0.03244039,-0.00765792,0.00743812
sim-sess-0005-01,5600.0,0.00749478,0.02122923,1.00384083,-0.01926706,-0.00587405,0.05329691
sim-sess-0005-01,5700.0,-0.00552905,0.01230093,1.03066606,0.00308717,0.01738884,0.01437647
sim-sess-0005-01,5800.0,0.01928086,0.02019725,1.01245817,0.01038930,0.00650575,0.02958921
sim-sess-0005-01,5900.0,0.01021402,-0.00281420,1.01844900,0.01752729,0.02857501,0.01198391
sim-sess-0005-01,6000.0,0.02511860,0.01670794,1.03050630,0.02061107,-0.01393850,-0.00276577
sim-sess-0005-02,0.0,0.00718332,0.01741754,1.19371931,0.09638330,0.07015126,0.01739765
sim-sess-0005-02,100.0,0.20019308,0.07072259,1.08754809,0.20839516,0.08434335,0.07207516
sim-sess-0005-02,200.0,0.15810206,0.06643981,0.90446677,0.13517405,0.05004476,0.06503702
sim-sess-0005-02,300.0,-0.00803805,0.06964452,0.80473873,-0.08757214,0.01444916,0.02418872
sim-sess-0005-02,400.0,-0.18881146,0.04847346,0.93767324,-0.22957109,-0.03911823,0.01877527
sim-sess-0005-02,500.0,-0.18153370,0.02037744,1.09394237,-0.13597790,-0.06064129,-0.00747731
sim-sess-0005-02,600.0,0.00307253,-0.02705800,1.18741599,0.09063337,-0.09282658,-0.03439008
sim-sess-0005-02,700.0,0.18758694,-0.06879469,1.06444484,0.20288236,-0.05946905,-0.06661026
sim-sess-0005-02,800.0,0.14305075,-0.05945698,0.89242722,0.09395789,-0.02797995,-0.00344779
sim-sess-0005-02,900.0,-0.01380172,-0.06668236,0.82190230,-0.14719036,0.00943506,0.02500379
sim-sess-0005-02,1000.0,-0.20350763,-0.04915923,0.93610268,-0.23884096,0.04274822,0.05852897
sim-sess-0005-02,1100.0,-0.15321949,-0.01330165,1.14161414,-0.08192550,0.09745239,0.08566791
sim-sess-0005-02,1200.0,0.04444397,0.01792153,1.16540249,0.13590791,0.06980605,0.01408893
sim-sess-0005-02,1300.0,0.19044851,0.06230215,1.03757901,0.23120605,0.07429421,-0.04341044
sim-sess-0005-02,1400.0,0.14003230,0.09653426,0.85749001,0.06982123,0.02041577,-0.04894193
sim-sess-0005-02,1500.0,-0.07825533,0.08032748,0.81671330,-0.13380212,-0.02757540,-0.04353300
sim-sess-0005-02,1600.0,-0.19257192,0.06264083,0.94970433,-0.23199626,-0.04556734,-0.03040807
sim-sess-0005-02,1700.0,-0.10612389,0.00720853,1.13778177,-0.07403090,-0.07213275,0.00423689
sim-sess-0005-02,1800.0,0.06437090,-0.04269644,1.17266502,0.15847667,-0.09402246,0.04891633
sim-sess-0005-02,1900.0,0.20267512,-0.07457522,1.02764021,0.22172501,-0.07835282,0.07247666
sim-sess-0005-02,2000.0,0.12122823,-0.10799094,0.84481706,0.03385182,-0.00961025,0.03248057
sim-sess-0005-02,2100.0,-0.09271091,-0.09853930,0.81736114,-0.17517614,0.02077665,-0.00821203
sim-sess-0005-02,2200.0,-0.21375905,-0.05760934,0.97361942,-0.22365166,0.05217308,-0.04005710
sim-sess-0005-02,2300.0,-0.11075901,0.00950949,1.13477920,-0.02303600,0.07475472,-0.06900992
sim-sess-0005-02,2400.0,0.11300021,0.03990025,1.15217081,0.18219565,0.06901390,-0.02244011
sim-sess-0005-02,2500.0,0.19242758,0.07459667,1.00813545,0.23305510,0.06007783,0.02398776
sim-sess-0005-02,2600.0,0.11884501,0.09214064,0.82779687,0.03212430,0.00380289,0.05305124
sim-sess-0005-02,2700.0,-0.12071505,0.08602283,0.83718998,-0.20719290,0.00860294,0.02992070
sim-sess-0005-02,2800.0,-0.18142336,0.04075942,1.00835610,-0.20145879,-0.04860092,0.03319023
sim-sess-0005-02,2900.0,-0.08794121,-0.00925774,1.15807174,-0.02043905,-0.04286446,0.00739008
sim-sess-0005-02,3000.0,0.10740026,-0.05290180,1.12322298,0.18380307,-0.04530435,-0.03832042
sim-sess-0005-02,3100.0,0.20759416,-0.08001566,0.97319608,0.17022162,-0.07066947,-0.05713152
sim-sess-0005-02,3200.0,0.07438043,-0.06926069,0.84675876,0.01447842,-0.02452001,-0.06747789
sim-sess-0005-02,3300.0,-0.13135834,-0.08390218,0.84651804,-0.15928842,0.02394981,-0.01520087
sim-sess-0005-02,3400.0,-0.19686064,-0.01728760,1.02757792,-0.18812445,0.02869860,-0.00797770
sim-sess-0005-02,3500.0,-0.05221207,0.01294390,1.21226729,0.02585048,0.09951387,0.02648342
sim-sess-0005-02,3600.0,0.14973700,0.04749281,1.11344843,0.22904096,0.11413231,0.05132792
sim-sess-0005-02,3700.0,0.21249290,0.07078639,0.94155172,0.18749439,0.06747021,0.01909786
sim-sess-0005-02,3800.0,0.04684806,0.07746263,0.81726736,-0.03943699,-0.03912933,-0.00935860
sim-sess-0005-02,3900.0,-0.14558900,0.06140085,0.87706846,-0.21028832,-0.02954301,-0.07063176
sim-sess-0005-02,4000.0,-0.17282595,0.03796878,1.04840172,-0.16703256,-0.04296615,-0.03237819
sim-sess-0005-02,4100.0,-0.02760370,-0.02701427,1.16266719,0.06455596,-0.09646663,0.01162632
sim-sess-0005-02,4200.0,0.16146980,-0.05917095,1.10587087,0.18705852,-0.06418042,0.01498815
sim-sess-0005-02,4300.0,0.19155951,-0.07611785,0.93513446,0.13755477,-0.03928276,0.06722281
sim-sess-0005-02,4400.0,0.01288183,-0.08237549,0.81999518,-0.03801543,0.00457107,0.06457679
sim-sess-0005-02,4500.0,-0.17186097,-0.06040570,0.89431808,-0.24502244,0.05545001,0.05180415
sim-sess-0005-02,4600.0,-0.17159421,-0.03126682,1.06291941,-0.13126289,0.06708901,0.01792747
sim-sess-0005-02,4700.0,-0.00032927,0.04820057,1.16904861,0.06944851,0.08968057,-0.07187629
sim-sess-0005-02,4800.0,0.19040188,0.05668272,1.10946922,0.21430000,0.07591409,-0.01709563
sim-sess-0005-02,4900.0,0.17507497,0.06543125,0.92106551,0.14244859,0.02970383,-0.05506824
sim-sess-0005-02,5000.0,-0.00601988,0.08556773,0.80782077,-0.07962678,0.00135885,0.02121083
sim-sess-0005-02,5100.0,-0.16383021,0.06375023,0.91474389,-0.21917005,-0.05184413,0.05154047
sim-sess-0005-02,5200.0,-0.15131026,0.00258381,1.08371031,-0.10117942,-0.09470620,0.03139353
sim-sess-0005-02,5300.0,0.03207170,-0.04663577,1.18256219,0.11947174,-0.09674648,0.03686991
sim-sess-0005-02,5400.0,0.16049695,-0.05621417,1.08103056,0.21016352,-0.05871269,-0.01622887
sim-sess-0005-02,5500.0,0.16050652,-0.07697261,0.88500227,0.09268339,-0.05625125,-0.04239940
sim-sess-0005-02,5600.0,-0.00878716,-0.10467339,0.82553082,-0.10192590,0.01674378,-0.04149628
sim-sess-0005-02,5700.0,-0.20181993,-0.04098203,0.92176894,-0.22258662,0.05773804,-0.05952132
sim-sess-0005-02,5800.0,-0.16225970,-0.00276399,1.11702259,-0.09806784,0.08491433,-0.02430090
sim-sess-0005-02,5900.0,0.04234133,0.03562029,1.18726761,0.14293086,0.05684120,0.03118968
sim-sess-0005-02,6000.0,0.18363794,0.06467269,1.05570211,0.19476741,0.07366453,0.05772611
sim-sess-0005-03,0.0,-0.00534551,0.03312143,1.00821858,0.38827839,0.00827224,0.10076884
sim-sess-0005-03,100.0,0.22138568,0.04199521,1.02860068,0.35409465,0.01725201,0.08763419
sim-sess-0005-03,200.0,0.37660668,0.05033241,1.08712814,0.28619782,0.06896260,0.08717552
sim-sess-0005-03,300.0,0.44626629,0.05523741,1.23177949,0.17661321,0.07685077,0.05058174
sim-sess-0005-03,400.0,0.38367025,0.03082781,1.32744788,0.01436845,0.07574141,0.06060229
sim-sess-0005-03,500.0,0.27865877,0.01264488,1.44878356,-0.12694515,0.08097816,0.01542340
sim-sess-0005-03,600.0,0.17308691,-0.01624310,1.56738846,-0.28449703,0.08086339,0.02412466
sim-sess-0005-03,700.0,0.09155625,-0.01506700,1.65686005,-0.37209638,0.04518933,0.00538412
sim-sess-0005-03,800.0,-0.00487963,-0.02326852,1.68083529,-0.40709861,0.00927418,-0.00309875
sim-sess-0005-03,900.0,-0.09154681,-0.01276138,1.64993386,-0.38657228,-0.02820466,-0.04888578
sim-sess-0005-03,1000.0,-0.16475342,-0.04349719,1.57295053,-0.28035094,-0.06441475,-0.00709314
sim-sess-0005-03,1100.0,-0.27887201,-0.05516282,1.47573713,-0.18350386,-0.07272307,-0.02550439
sim-sess-0005-03,1200.0,-0.37083788,-0.02758963,1.32987803,-0.03074554,-0.06804793,-0.03007410
sim-sess-0005-03,1300.0,-0.42466830,-0.04469307,1.20466035,0.13529220,-0.08201931,-0.06472965
sim-sess-0005-03,1400.0,-0.36738665,0.00682576,1.11212739,0.28400379,-0.09683962,-0.06720557
sim-sess-0005-03,1500.0,-0.23891958,-0.01418633,1.04095751,0.34545321,-0.04956088,-0.06692881
sim-sess-0005-03,1600.0,-0.04840666,0.03153941,1.00115196,0.42484584,-0.01305541,-0.05743948
sim-sess-0005-03,1700.0,0.20698204,0.04632632,1.01379631,0.38832500,0.01113443,-0.09191674
sim-sess-0005-03,1800.0,0.31801100,0.05054349,1.07175332,0.30127197,0.07174379,-0.06157302
sim-sess-0005-03,1900.0,0.38914238,0.04998162,1.17935374,0.16237942,0.07451434,-0.03188041
sim-sess-0005-03,2000.0,0.38828917,0.02089511,1.30833290,0.00836116,0.06924347,-0.08458266
sim-sess-0005-03,2100.0,0.30456718,0.01400104,1.44865051,-0.16669982,0.07736591,-0.04502675
sim-sess-0005-03,2200.0,0.20875751,0.02000070,1.57238507,-0.27299493,0.08358660,-0.05743286
sim-sess-0005-03,2300.0,0.08567127,0.00269198,1.62659647,-0.35030186,0.05637881,-0.02496672
sim-sess-0005-03,2400.0,0.00202503,-0.02855531,1.67529171,-0.37257737,0.01563816,-0.00387097
sim-sess-0005-03,2500.0,-0.05972068,-0.01875758,1.64103047,-0.37068321,-0.03809462,0.00576444
sim-sess-0005-03,2600.0,-0.16539047,-0.04830078,1.60584441,-0.32170081,-0.04610833,0.02706823
sim-sess-0005-03,2700.0,-0.26167496,-0.04940511,1.44657355,-0.18779059,-0.06913467,0.02643051
sim-sess-0005-03,2800.0,-0.34803481,-0.04686422,1.35063100,-0.04885207,-0.09894511,0.06800485
sim-sess-0005-03,2900.0,-0.42817106,-0.04617912,1.23836677,0.08885893,-0.09251292,0.05927674
sim-sess-0005-03,3000.0,-0.40394737,-0.00631425,1.09998695,0.27546464,-0.11190282,0.05661141
sim-sess-0005-03,3100.0,-0.27314686,0.02858508,1.04260079,0.33902045,-0.03657667,0.07353476
sim-sess-0005-03,3200.0,-0.06241133,0.03845304,1.00124112,0.39655848,-0.00037607,0.08313851
sim-sess-0005-03,3300.0,0.16154037,0.03974384,1.02135011,0.39684526,0.02196426,0.06177661
sim-sess-0005-03,3400.0,0.33159895,0.06852857,1.06302633,0.30520304,0.05783158,0.05755311
sim-sess-0005-03,3500.0,0.42506745,0.04648609,1.16366978,0.19853480,0.06263078,0.06476348
sim-sess-0005-03,3600.0,0.40352418,0.03565569,1.30087092,0.05875622,0.07105858,0.04749438
sim-sess-0005-03,3700.0,0.32349809,0.03292949,1.41081203,-0.12981802,0.08168054,0.04778874
sim-sess-0005-03,3800.0,0.23772534,0.01545777,1.55419761,-0.23811753,0.07198748,0.00909342
sim-sess-0005-03,3900.0,0.11379354,-0.01295037,1.61365377,-0.35539604,0.07168456,0.04219184
sim-sess-0005-03,4000.0,0.02276423,-0.02389166,1.64560718,-0.41879194,0.01188540,0.00136844
sim-sess-0005-03,4100.0,-0.04029312,-0.02213354,1.64497169,-0.35209670,-0.01749023,-0.03347702
sim-sess-0005-03,4200.0,-0.15398942,-0.03793109,1.61022049,-0.33593825,-0.01443994,-0.02736556
sim-sess-0005-03,4300.0,-0.24705368,-0.04807358,1.49378834,-0.19347837,-0.07630776,-0.03107063
sim-sess-0005-03,4400.0,-0.34415616,-0.05403988,1.37067985,-0.06579866,-0.12005661,-0.02893144
sim-sess-0005-03,4500.0,-0.42840539,-0.03180522,1.23862863,0.08692513,-0.10523083,-0.03357529
sim-sess-0005-03,4600.0,-0.38030140,-0.00898513,1.12883747,0.25530823,-0.06730996,-0.05674182
sim-sess-0005-03,4700.0,-0.30031432,0.00616493,1.06938962,0.39133765,-0.05560572,-0.07886640
sim-sess-0005-03,4800.0,-0.07361523,0.03666082,0.99824420,0.39578646,-0.02730279,-0.08153811
sim-sess-0005-03,4900.0,0.15618973,0.03599209,1.01235740,0.40343658,0.00235023,-0.07485451
sim-sess-0005-03,5000.0,0.30805254,0.03913333,1.06065583,0.32331289,0.04920968,-0.07808324
sim-sess-0005-03,5100.0,0.40429633,0.04855035,1.17613865,0.20320973,0.08806298,-0.05672912
sim-sess-0005-03,5200.0,0.40479721,0.02552404,1.27050799,0.07625445,0.08037927,-0.02786100
sim-sess-0005-03,5300.0,0.32508003,0.02427844,1.40393697,-0.12008193,0.09427618,-0.02935948
sim-sess-0005-03,5400.0,0.24265068,0.00593919,1.52467704,-0.24750587,0.05041645,-0.06360434
sim-sess-0005-03,5500.0,0.11917209,0.00070685,1.60256009,-0.32450323,0.03541583,-0.02585783
sim-sess-0005-03,5600.0,0.05015712,-0.02971354,1.65892327,-0.41918755,0.02751536,-0.03559064
sim-sess-0005-03,5700.0,-0.04837341,-0.05326248,1.67760945,-0.41103903,-0.01810021,-0.00171946
sim-sess-0005-03,5800.0,-0.13428336,-0.05153821,1.64018876,-0.33680875,-0.05618839,0.07503811
sim-sess-0005-03,5900.0,-0.27400484,-0.05401041,1.54160565,-0.23531829,-0.09093403,0.05368206
sim-sess-0005-03,6000.0,-0.34906647,-0.06852996,1.41481044,-0.08136304,-0.11279969,0.04024085
sim-sess-0005-04,0.0,0.08593614,-0.01300736,0.99399758,0.30193446,-0.00616866,0.05380566
sim-sess-0005-04,100.0,0.17074433,0.00472304,0.99424888,0.28984945,0.01898285,0.04737864
sim-sess-0005-04,200.0,0.24251697,0.03239713,1.03579819,0.29342745,0.05989167,0.07323275
sim-sess-0005-04,300.0,0.33260542,0.02704021,1.07787813,0.22580130,0.05814055,0.07287473
sim-sess-0005-04,400.0,0.41155924,0.02838072,1.15314962,0.13755098,0.08430348,0.04281879
sim-sess-0005-04,500.0,0.44574439,0.02372909,1.22158364,0.08623466,0.13024054,0.04960064
sim-sess-0005-04,600.0,0.45315154,0.03747485,1.28963875,0.05541904,0.09407314,0.02974212
sim-sess-0005-04,700.0,0.49043993,0.07041015,1.42813696,-0.02959491,0.09952558,0.03093299
sim-sess-0005-04,800.0,0.45755588,0.05354775,1.49542087,-0.08658269,0.11353666,0.03066489
sim-sess-0005-04,900.0,0.42953663,0.05744714,1.57955241,-0.13081389,0.11189910,0.03462017
sim-sess-0005-04,1000.0,0.36709000,0.07518611,1.68031874,-0.19711192,0.12442527,0.03890436
sim-sess-0005-04,1100.0,0.26955349,0.08142117,1.73141961,-0.23198255,0.07503172,0.04495156
sim-sess-0005-04,1200.0,0.16768800,0.05574798,1.77538403,-0.25398279,0.02766475,-0.00147828
sim-sess-0005-04,1300.0,0.11955563,0.07832991,1.85132050,-0.27743372,0.03682924,0.01462079
sim-sess-0005-04,1400.0,0.00958156,0.10230887,1.82945812,-0.28114554,0.00485509,0.01997055
sim-sess-0005-04,1500.0,-0.06544271,0.08833446,1.87011429,-0.31858529,-0.02627219,0.00707724
sim-sess-0005-04,1600.0,-0.18635255,0.08949496,1.87825532,-0.28244820,-0.02925521,-0.02919050
sim-sess-0005-04,1700.0,-0.28036365,0.08817176,1.78637789,-0.23307026,-0.05994693,-0.02614876
sim-sess-0005-04,1800.0,-0.38942383,0.07452835,1.75193826,-0.18261923,-0.08364964,-0.04285800
sim-sess-0005-04,1900.0,-0.41735914,0.09547895,1.72621604,-0.13983083,-0.10478197,-0.05065704
sim-sess-0005-04,2000.0,-0.47101655,0.09520579,1.63168055,-0.08793066,-0.12353175,-0.01425508
sim-sess-0005-04,2100.0,-0.49006459,0.05624663,1.54849821,-0.02528599,-0.08945986,-0.02957467
sim-sess-0005-04,2200.0,-0.49102726,0.06899355,1.44088965,0.02271951,-0.12259227,-0.03230397
sim-sess-0005-04,2300.0,-0.45854769,0.03555260,1.33353552,0.10772189,-0.10635518,-0.04749116
sim-sess-0005-04,2400.0,-0.42437506,0.04707989,1.25991256,0.16206555,-0.10549693,-0.02728947
sim-sess-0005-04,2500.0,-0.35893642,0.03801289,1.17639044,0.22324381,-0.11123391,-0.05955501
sim-sess-0005-04,2600.0,-0.24097524,0.04243379,1.12039853,0.25704087,-0.08129035,-0.04823665
sim-sess-0005-04,2700.0,-0.19029833,0.00961310,1.06988855,0.26130633,-0.07189945,-0.03755237
sim-sess-0005-04,2800.0,-0.07851629,0.01887602,1.00941514,0.30960316,-0.04123324,-0.05707303
sim-sess-0005-04,2900.0,0.03299728,0.00435563,0.99858974,0.30379659,-0.00799197,-0.05028683
sim-sess-0005-04,3000.0,0.10784823,-0.00617352,1.02183964,0.30932169,0.00891698,-0.05352657
sim-sess-0005-04,3100.0,0.22960421,-0.02471691,1.03023314,0.26701165,0.06252186,-0.03820061
sim-sess-0005-04,3200.0,0.32124169,-0.02822689,1.06636332,0.25124941,0.05515125,-0.05462021
sim-sess-0005-04,3300.0,0.35199943,-0.03615961,1.11569810,0.21550798,0.11836025,-0.04130123
sim-sess-0005-04,3400.0,0.42479541,-0.04543110,1.17982714,0.16040525,0.10115447,-0.04188212
sim-sess-0005-04,3500.0,0.43963621,-0.03973860,1.26972434,0.05740380,0.10484207,-0.04302946
sim-sess-0005-04,3600.0,0.44337032,-0.04384685,1.35062049,0.00685898,0.11997870,-0.04823941
sim-sess-0005-04,3700.0,0.46354752,-0.06519287,1.45190557,-0.05565540,0.12332584,-0.04457827
sim-sess-0005-04,3800.0,0.43328921,-0.06045961,1.57358145,-0.13501794,0.09244027,-0.05169613
sim-sess-0005-04,3900.0,0.41409874,-0.08170279,1.64689019,-0.18067809,0.11208836,-0.04655338
sim-sess-0005-04,4000.0,0.31300768,-0.06170722,1.69649313,-0.22469124,0.06574259,-0.02720862
sim-sess-0005-04,4100.0,0.23468236,-0.08346369,1.74807665,-0.25206762,0.07537509,-0.01181407
sim-sess-0005-04,4200.0,0.13388399,-0.07496245,1.81798180,-0.29576241,0.06043864,-0.00665525
sim-sess-0005-04,4300.0,0.02694264,-0.07168532,1.85324666,-0.26542949,0.02734890,-0.02732987
sim-sess-0005-04,4400.0,-0.06769565,-0.10738330,1.88490507,-0.29503591,0.01974538,-0.00882720
sim-sess-0005-04,4500.0,-0.17898870,-0.06594231,1.86072826,-0.27957024,-0.02463732,0.03237956
sim-sess-0005-04,4600.0,-0.25980155,-0.09894880,1.84862976,-0.24460518,-0.04793216,0.00014349
sim-sess-0005-04,4700.0,-0.33002487,-0.05859984,1.79401038,-0.23159269,-0.08065823,0.01525177
sim-sess-0005-04,4800.0,-0.38276926,-0.08170004,1.69693833,-0.16895186,-0.10766052,0.03646589
sim-sess-0005-04,4900.0,-0.45822911,-0.06779870,1.64929898,-0.13735794,-0.13385285,0.01834760
sim-sess-0005-04,5000.0,-0.45781138,-0.05367115,1.55034370,-0.02455071,-0.09379557,0.00651297
sim-sess-0005-04,5100.0,-0.49010560,-0.07058901,1.48510076,0.01736945,-0.10967486,0.02409211
sim-sess-0005-04,5200.0,-0.45628783,-0.08495050,1.39981123,0.09200650,-0.14251786,0.01573752
sim-sess-0005-04,5300.0,-0.42049422,-0.05852745,1.30372954,0.16625567,-0.11397338,0.01716446
sim-sess-0005-04,5400.0,-0.36319842,-0.02059759,1.21312819,0.19002805,-0.09208762,0.03168947
sim-sess-0005-04,5500.0,-0.30474583,-0.04799895,1.11421515,0.25314169,-0.10492248,0.05438335
sim-sess-0005-04,5600.0,-0.21208573,-0.02259051,1.06834085,0.28021260,-0.05494735,0.02710642
sim-sess-0005-04,5700.0,-0.10752344,-0.03226172,1.04549537,0.28606572,-0.02901425,0.02534800
sim-sess-0005-04,5800.0,-0.01303822,-0.01405973,1.00988977,0.28405858,-0.01201941,0.06409745
sim-sess-0005-04,5900.0,0.09743450,0.02619733,0.99571559,0.31467334,0.01235477,0.02736645
sim-sess-0005-04,6000.0,0.18357774,0.00089744,1.01949180,0.26956732,-0.00377336,0.06576917
sim-sess-0005-05,0.0,-0.01225539,0.02920798,1.00129340,0.00413966,0.01697070,-0.00237833
sim-sess-0005-05,100.0,0.02120503,0.02695267,1.01357026,0.00511800,0.03720314,0.00584572
sim-sess-0005-05,200.0,0.02876794,0.02669051,1.01671064,0.02114316,0.01673717,0.00087238
sim-sess-0005-05,300.0,0.05194413,0.03508370,1.03651901,0.02135150,0.02182291,0.00821465
sim-sess-0005-05,400.0,0.05565054,0.01391128,1.03036431,0.03488394,0.00557895,0.02546454
sim-sess-0005-05,500.0,0.04223649,0.00804375,1.01776811,0.03146359,0.00347782,0.02680665
sim-sess-0005-05,600.0,0.03681682,-0.01494877,1.03373262,0.04318861,0.01416647,0.00144853
sim-sess-0005-05,700.0,0.03627333,-0.00510701,1.00175269,0.02270206,-0.01701982,0.03403903
sim-sess-0005-05,800.0,0.02003946,-0.03297617,1.02643911,0.01648540,0.00044825,0.02268882
sim-sess-0005-05,900.0,0.01622202,-0.03820813,1.01402073,0.00143820,-0.01599980,0.04720902
sim-sess-0005-05,1000.0,-0.02253655,-0.03900832,0.98428581,0.01093432,-0.01363289,0.02557288
sim-sess-0005-05,1100.0,-0.02556305,-0.03230440,0.98858206,0.00227138,-0.05784795,0.01682848
sim-sess-0005-05,1200.0,-0.04689748,-0.04863177,0.97629729,-0.01697053,-0.03079241,-0.00410305
sim-sess-0005-05,1300.0,-0.03103511,-0.03463652,0.97329717,-0.04451106,-0.01990598,0.02826880
sim-sess-0005-05,1400.0,-0.06728694,-0.04739321,0.95687081,-0.01860051,-0.02862039,0.02488620
sim-sess-0005-05,1500.0,-0.04360944,-0.02136082,0.97089688,-0.04102280,-0.02779362,-0.02434051
sim-sess-0005-05,1600.0,-0.02939249,-0.02692060,0.96119186,-0.03199500,-0.04338162,-0.01166671
sim-sess-0005-05,1700.0,-0.02553300,0.01341506,0.99577250,0.00338431,-0.01250492,0.00171472
sim-sess-0005-05,1800.0,0.00179855,-0.01877991,0.97526136,-0.00973868,0.00472903,-0.01903918
sim-sess-0005-05,1900.0,0.01303936,0.03046182,0.99563214,-0.02353685,-0.01265819,-0.01749431
sim-sess-0005-05,2000.0,0.04918298,0.01684434,1.00619648,0.01961595,-0.00254591,-0.01961344
sim-sess-0005-05,2100.0,0.03723918,0.02187132,1.00742434,0.01730428,0.00250912,-0.02447017
sim-sess-0005-05,2200.0,0.04470168,0.04313998,1.00561193,0.02271039,0.00179070,-0.00949301
sim-sess-0005-05,2300.0,0.03573023,0.03930168,1.00859764,0.03298057,0.00078427,-0.00100018
sim-sess-0005-05,2400.0,0.04756735,0.02716249,1.01494136,0.03511974,0.03566360,-0.01878201
sim-sess-0005-05,2500.0,0.02623638,0.04116987,1.02534359,0.06234839,0.02486819,-0.02011827
sim-sess-0005-05,2600.0,0.02742278,0.03075294,1.03738639,0.03665171,0.01270229,-0.01609587
sim-sess-0005-05,2700.0,0.00566461,0.05098937,1.04416616,0.02529846,0.01611042,-0.05605401
sim-sess-0005-05,2800.0,-0.02351736,0.03692294,1.01328895,0.01299021,0.01693532,-0.02465698
sim-sess-0005-05,2900.0,-0.02856469,0.00196653,1.00158269,0.02528232,0.01894579,-0.02248966
sim-sess-0005-05,3000.0,-0.05354131,-0.00703448,0.99851746,-0.00700684,-0.01959035,-0.02491361
sim-sess-0005-05,3100.0,-0.05544862,0.00301129,1.01054169,0.00793131,-0.02433681,-0.03030838
sim-sess-0005-05,3200.0,-0.04453217,-0.03711769,0.99034894,0.00247248,-0.02165285,-0.00028951
sim-sess-0005-05,3300.0,-0.04131010,0.00018971,0.99371590,-0.03467441,0.02727465,0.01345390
sim-sess-0005-05,3400.0,-0.05736129,-0.02551923,0.98942212,-0.05160487,-0.00211952,0.00823295
sim-sess-0005-05,3500.0,-0.02254357,-0.03916634,0.97517722,-0.02560451,-0.03297543,0.01588795
sim-sess-0005-05,3600.0,0.01222529,-0.02992394,0.97370913,0.00003736,-0.02055403,0.00869228
sim-sess-0005-05,3700.0,0.02558394,-0.01992070,0.93327348,-0.01762829,-0.05673273,-0.00081810
sim-sess-0005-05,3800.0,0.03379189,-0.01872151,0.95586211,-0.02969660,-0.00500250,0.03597056
sim-sess-0005-05,3900.0,0.02535552,-0.01700862,0.98552194,0.00884921,-0.00178281,0.01354503
sim-sess-0005-05,4000.0,0.05036014,-0.01097293,0.95336897,0.01516301,-0.03590638,0.02775762
sim-sess-0005-05,4100.0,0.03515699,-0.01801814,0.99747528,-0.00888438,-0.01385073,0.01923576
sim-sess-0005-05,4200.0,0.05404496,0.00802450,0.99133592,0.01692822,-0.00980155,0.02284268
sim-sess-0005-05,4300.0,0.03712122,0.03091779,1.00751583,0.04890864,-0.00984012,0.02015604
sim-sess-0005-05,4400.0,0.02675718,0.04008748,1.03211178,0.03563366,-0.00916617,0.02925634
sim-sess-0005-05,4500.0,0.00676146,0.01978203,1.02221242,0.02952400,0.01598198,0.00278496
sim-sess-0005-05,4600.0,-0.00498160,0.03710453,1.04539339,0.05722120,-0.00238326,0.00887506
sim-sess-0005-05,4700.0,-0.00028710,0.02497566,1.04150406,0.02004916,0.03397669,0.00851085
sim-sess-0005-05,4800.0,-0.03617481,0.04412971,1.03705551,-0.00250184,0.00959680,0.01760423
sim-sess-0005-05,4900.0,-0.03436347,0.02533962,1.04641513,0.00002390,0.02082971,0.00224797
sim-sess-0005-05,5000.0,-0.06724714,0.04292432,0.99186808,0.01020897,0.02449641,0.00132901
sim-sess-0005-05,5100.0,-0.04256298,0.02449751,1.01515902,0.00290273,0.02455988,0.01947279
sim-sess-0005-05,5200.0,-0.05947388,0.02809425,1.00752081,-0.02166035,0.05612278,0.01590377
sim-sess-0005-05,5300.0,-0.00510739,0.00457552,0.98701115,-0.01795237,0.00924903,0.00115581
sim-sess-0005-05,5400.0,-0.01359901,0.01537338,0.98353986,-0.02840072,0.03399177,-0.05689161
sim-sess-0005-05,5500.0,-0.00246097,0.00847664,0.97904295,-0.03886501,-0.01270082,0.02059290
sim-sess-0005-05,5600.0,0.03147734,-0.02801286,0.95060466,-0.05723243,-0.00437898,-0.01590302
sim-sess-0005-05,5700.0,0.05386994,-0.03603755,0.96076948,-0.00908654,0.00958870,-0.04001035
sim-sess-0005-05,5800.0,0.04428312,-0.02143172,0.97410826,-0.01694001,-0.01556803,-0.02224501
sim-sess-0005-05,5900.0,0.05517849,-0.04589234,0.96930705,-0.03539818,-0.01475690,-0.01064149
sim-sess-0005-05,6000.0,0.04014643,-0.04579434,0.98194391,0.01775274,-0.04274562,-0.00930369
sim-sess-0006-01,0.0,-0.01075907,0.00175240,1.00852676,-0.02651570,-0.02141979,-0.00122661
sim-sess-0006-01,100.0,-0.00859873,0.01898272,0.99596446,-0.00833525,0.00265777,-0.01125939
sim-sess-0006-01,200.0,0.00503308,0.02210220,1.00902146,-0.01439748,0.03722255,-0.00546356
sim-sess-0006-01,300.0,0.00900413,-0.00117788,1.02175929,-0.02377417,0.01669829,-0.01861507
sim-sess-0006-01,400.0,0.01404663,-0.00701465,0.96925795,0.00241868,0.01013820,0.00095545
sim-sess-0006-01,500.0,0.00999168,0.02333884,1.02251855,0.01311283,0.00498504,0.01023668
sim-sess-0006-01,600.0,0.00948066,0.00193786,1.02242958,0.01845820,0.00634803,-0.00828044
sim-sess-0006-01,700.0,0.01284997,0.01119951,1.01390423,-0.00343912,0.00108688,0.00931610
sim-sess-0006-01,800.0,0.01180612,0.00114841,1.02271220,-0.00388975,-0.01675655,-0.00242369
sim-sess-0006-01,900.0,0.01579856,0.00896004,1.00973338,0.00057733,-0.00679203,0.01297795
sim-sess-0006-01,1000.0,0.01151714,0.01204648,1.02017642,0.01515219,-0.01000220,0.01702263
sim-sess-0006-01,1100.0,-0.00201715,0.01322970,0.98931383,0.00255511,-0.01160929,0.02374109
sim-sess-0006-01,1200.0,0.02727463,0.00863518,1.02803536,-0.01073476,0.01051803,0.02210151
sim-sess-0006-01,1300.0,0.01624249,-0.00171931,0.97982469,-0.01596259,-0.00213451,0.00082242
sim-sess-0006-01,1400.0,0.01618700,0.01316158,1.00377203,0.00557881,-0.01192268,0.00641416
sim-sess-0006-01,1500.0,0.01899649,-0.01001142,1.00257525,0.01798244,-0.00117018,0.01860763
sim-sess-0006-01,1600.0,0.00496369,-0.00677434,1.00922502,0.01114126,0.01459404,0.00075744
sim-sess-0006-01,1700.0,0.00591345,-0.02287089,1.01547006,0.00647949,-0.00078799,0.00741196
sim-sess-0006-01,1800.0,0.00568578,-0.00714532,1.00605845,-0.01477970,0.02375912,0.04419423
sim-sess-0006-01,1900.0,0.00148793,-0.00918736,1.02182499,0.00112254,-0.01220637,0.00118450
sim-sess-0006-01,2000.0,-0.00429480,-0.00156272,1.00432028,-0.00058303,0.00195354,-0.00887730
sim-sess-0006-01,2100.0,0.01501389,-0.01173371,0.99634473,0.00426569,0.00584484,-0.02049082
sim-sess-0006-01,2200.0,0.01514725,-0.00453692,0.99336775,-0.00145961,0.01399874,0.00935482
sim-sess-0006-01,2300.0,0.01487212,-0.01910855,0.99688694,0.04743372,-0.00409822,0.01342206
sim-sess-0006-01,2400.0,0.00642409,-0.01674240,0.99309251,-0.00007534,0.01861824,0.01941139
sim-sess-0006-01,2500.0,-0.01463407,0.01527862,1.01426548,-0.01113915,-0.00972079,-0.00224985
sim-sess-0006-01,2600.0,-0.01083848,-0.03526209,0.99210329,-0.02416501,0.01894369,0.00912290
sim-sess-0006-01,2700.0,-0.01113379,0.00348632,1.00820576,-0.00451676,-0.01597190,0.02304760
sim-sess-0006-01,2800.0,-0.02373346,0.00192248,0.99882766,-0.03074135,0.00516357,-0.01865287
sim-sess-0006-01,2900.0,-0.01973680,-0.01741075,0.99690399,0.00213139,0.00478052,0.00930587
sim-sess-0006-01,3000.0,-0.01065379,0.00688621,0.99893816,-0.00812028,0.03607655,0.00945754
sim-sess-0006-01,3100.0,0.00561982,-0.01737776,0.98443260,-0.00408276,-0.00792154,-0.03625209
sim-sess-0006-01,3200.0,-0.00862872,-0.00878350,0.99287723,0.01056080,0.01416611,-0.00641744
sim-sess-0006-01,3300.0,0.00730949,-0.01815670,0.96730823,0.01147445,-0.01059957,-0.00552131
sim-sess-0006-01,3400.0,0.02199641,-0.01015769,0.98384397,-0.01116139,0.00177843,-0.00450630
sim-sess-0006-01,3500.0,-0.01153944,0.01608656,0.98734954,-0.01340080,0.00206733,0.00431311
sim-sess-0006-01,3600.0,0.00853774,-0.01074398,0.99581796,0.00242846,0.00212711,0.00839574
sim-sess-0006-01,3700.0,-0.02721215,0.00861909,0.99497330,-0.01365008,-0.01016944,0.00896455
sim-sess-0006-01,3800.0,-0.00843777,-0.00712740,0.98852085,0.00386453,0.00001799,0.00786170
sim-sess-0006-01,3900.0,-0.00933184,0.01882945,1.01061921,0.04989416,-0.01008179,0.02222416
sim-sess-0006-01,4000.0,-0.00313012,-0.00468609,1.00995296,0.00780961,0.03636709,0.00634546
sim-sess-0006-01,4100.0,-0.01248412,0.00438791,0.99441743,-0.00774390,0.00324132,0.00104245
sim-sess-0006-01,4200.0,-0.00839460,-0.00373301,0.99717869,0.00437430,0.01114289,0.03502255
sim-sess-0006-01,4300.0,-0.00184796,-0.00712156,0.99626740,0.01131542,0.00750075,-0.01451826
sim-sess-0006-01,4400.0,-0.01327825,0.00812183,1.00144339,0.00843294,0.00058421,0.01697989
sim-sess-0006-01,4500.0,-0.01637288,-0.01520267,1.00650992,-0.02277693,0.00387678,-0.00489896
sim-sess-0006-01,4600.0,-0.00572182,0.02175730,0.99632223,0.00933787,-0.00198946,-0.00430947
sim-sess-0006-01,4700.0,-0.02177966,0.00468571,1.01498574,-0.01166771,-0.00272713,-0.00068977
sim-sess-0006-01,4800.0,0.00725398,0.01641521,1.01126984,0.00157231,0.02431555,0.00381311
sim-sess-0006-01,4900.0,-0.01677075,0.00799332,1.00713796,-0.00108804,-0.00309544,0.00794733
sim-sess-0006-01,5000.0,0.00300808,0.02253882,1.03281533,0.03010902,-0.01529199,0.00980536
sim-sess-0006-01,5100.0,0.00360357,-0.00124509,0.99532244,0.00933700,-0.00290232,-0.00377623
sim-sess-0006-01,5200.0,0.02279434,-0.01227502,1.01076735,0.00685456,0.01975288,0.01903224
sim-sess-0006-01,5300.0,0.02904852,0.00592085,1.03034251,0.00490297,0.02723038,0.03537753
sim-sess-0006-01,5400.0,0.00964812,0.01131127,1.01513929,-0.00508985,0.01269120,0.02116144
sim-sess-0006-01,5500.0,-0.02100580,0.01614036,1.03642968,-0.01492913,0.01258902,0.00892730
sim-sess-0006-01,5600.0,0.02968068,0.00284738,1.02907892,0.01937688,-0.00404102,0.00075405
sim-sess-0006-01,5700.0,0.01604682,0.01116390,1.00121887,0.01683982,0.00734709,0.02348154
sim-sess-0006-01,5800.0,0.00195298,0.00516557,1.01219277,-0.01849435,0.01126543,0.01473415
sim-sess-0006-01,5900.0,0.00655509,0.01741156,1.01021630,0.01897693,0.00452341,0.00517151
sim-sess-0006-01,6000.0,0.01638343,0.01070687,1.01139105,0.03071239,0.00212067,-0.00556755
sim-sess-0006-02,0.0,0.00296613,0.01550811,1.17237720,0.08231268,0.08205660,0.00310712
sim-sess-0006-02,100.0,0.13289180,0.04720099,1.06755890,0.19044406,0.03733454,0.03797638
sim-sess-0006-02,200.0,0.15482360,0.06881293,0.93489549,0.10833097,0.06181747,0.06388020
sim-sess-0006-02,300.0,0.01130734,0.07482291,0.83961178,-0.06847748,-0.01495193,0.02948368
sim-sess-0006-02,400.0,-0.17623802,0.04702273,0.92417721,-0.18671760,-0.05070550,-0.00859448
sim-sess-0006-02,500.0,-0.15427397,0.01873455,1.10596137,-0.12504533,-0.09011531,-0.04584317
sim-sess-0006-02,600.0,0.03162136,-0.03037158,1.17125244,0.12602947,-0.07389684,-0.04328490
sim-sess-0006-02,700.0,0.17911238,-0.08909655,1.04274033,0.22580520,-0.08179063,-0.03897129
sim-sess-0006-02,800.0,0.14739345,-0.07713582,0.89883152,0.09070055,-0.03930652,-0.02244530
sim-sess-0006-02,900.0,-0.02776987,-0.05372432,0.82710537,-0.11544235,0.01999265,0.04375573
sim-sess-0006-02,1000.0,-0.16430781,-0.05207813,0.94479925,-0.21876323,0.04186330,0.05491464
sim-sess-0006-02,1100.0,-0.16033757,-0.00080101,1.12959620,-0.08452298,0.07560268,0.05540564
sim-sess-0006-02,1200.0,0.04829227,0.03260113,1.16437464,0.13853172,0.05888028,0.02403438
sim-sess-0006-02,1300.0,0.19515992,0.06298643,1.06525614,0.18148930,0.04903680,-0.00665890
sim-sess-0006-02,1400.0,0.11578498,0.06292006,0.87238638,0.06152720,0.06753300,-0.07025996
sim-sess-0006-02,1500.0,-0.06154568,0.05990021,0.82545153,-0.13873201,-0.00672446,-0.06056070
sim-sess-0006-02,1600.0,-0.17850875,0.02548682,0.97585082,-0.21023547,-0.05301510,-0.02931979
sim-sess-0006-02,1700.0,-0.12500349,-0.00507522,1.11209297,-0.06059129,-0.04693026,0.02454061
sim-sess-0006-02,1800.0,0.07788873,-0.02564671,1.14006666,0.13488047,-0.06552212,0.03271515
sim-sess-0006-02,1900.0,0.17766559,-0.06081961,1.02589259,0.22427048,-0.06417907,0.08163030
sim-sess-0006-02,2000.0,0.12173186,-0.07011427,0.86841837,0.06830720,-0.03422947,0.04107938
sim-sess-0006-02,2100.0,-0.05565223,-0.07538078,0.84899503,-0.17450905,0.01324276,-0.01392886
sim-sess-0006-02,2200.0,-0.17492394,-0.04067433,0.98418550,-0.22169330,0.05544500,-0.03262331
sim-sess-0006-02,2300.0,-0.08524726,-0.01909277,1.15613271,-0.06310122,0.05046611,-0.07081104
sim-sess-0006-02,2400.0,0.09717041,0.05535003,1.14438386,0.16724865,0.05143654,-0.04035273
sim-sess-0006-02,2500.0,0.19127302,0.06811048,1.00954259,0.17260979,0.04162414,-0.00984815
sim-sess-0006-02,2600.0,0.09691156,0.09131993,0.83904124,0.01055301,0.02688662,0.02400214
sim-sess-0006-02,2700.0,-0.14076870,0.06553964,0.86527994,-0.16390476,-0.03845431,0.05950737
sim-sess-0006-02,2800.0,-0.18338126,0.04379255,1.01558130,-0.15614535,-0.05481293,0.06533050
sim-sess-0006-02,2900.0,-0.06499253,0.00291809,1.15337807,0.00267927,-0.08048376,0.00463176
sim-sess-0006-02,3000.0,0.10060212,-0.03569755,1.14965225,0.15439735,-0.06091721,-0.05074636
sim-sess-0006-02,3100.0,0.18095287,-0.07263444,1.00432068,0.18554788,-0.07712876,-0.03009388
sim-sess-0006-02,3200.0,0.08175408,-0.08236087,0.84348499,-0.02804166,-0.01414887,-0.04542285
sim-sess-0006-02,3300.0,-0.11285837,-0.07157160,0.84453953,-0.18691197,0.01476272,0.00399735
sim-sess-0006-02,3400.0,-0.19066238,-0.01551473,1.05402961,-0.19576777,0.05659055,0.01345202
sim-sess-0006-02,3500.0,-0.06409462,0.01249161,1.15496340,0.02635655,0.06407846,0.03490702
sim-sess-0006-02,3600.0,0.13575714,0.03689138,1.11194561,0.19811554,0.05908647,0.02686865
sim-sess-0006-02,3700.0,0.19265519,0.04571720,0.95254989,0.16329943,0.03625875,0.01787271
sim-sess-0006-02,3800.0,0.06457589,0.07908662,0.81930998,-0.01737279,0.02217320,-0.02539741
sim-sess-0006-02,3900.0,-0.13588971,0.07021194,0.86994801,-0.19825962,-0.05457255,-0.07805108
sim-sess-0006-02,4000.0,-0.19333969,0.01899121,1.05016743,-0.15190085,-0.07195643,-0.06062093
sim-sess-0006-02,4100.0,-0.03199870,-0.00795759,1.17617676,0.04122631,-0.05997747,-0.00837227
sim-sess-0006-02,4200.0,0.13897561,-0.04202170,1.09517392,0.21229536,-0.05050768,0.00673498
sim-sess-0006-02,4300.0,0.19615724,-0.06472538,0.95440703,0.14895810,-0.07004373,0.05229829
sim-sess-0006-02,4400.0,0.03673666,-0.05023596,0.84090679,-0.07099522,0.04049719,0.04093745
sim-sess-0006-02,4500.0,-0.15292029,-0.06923659,0.89522490,-0.18930035,0.05802370,0.03007845
sim-sess-0006-02,4600.0,-0.15118267,-0.01027185,1.09487441,-0.11882470,0.06631789,-0.00970350
sim-sess-0006-02,4700.0,-0.03365863,0.06075361,1.16057694,0.08351224,0.07832945,-0.05565663
sim-sess-0006-02,4800.0,0.14134453,0.05853370,1.08577468,0.18078443,0.07734196,-0.06899152
sim-sess-0006-02,4900.0,0.14505940,0.08359737,0.91813872,0.12532872,0.02219773,-0.06315429
sim-sess-0006-02,5000.0,-0.00997125,0.06582592,0.84078944,-0.04714375,0.01480618,0.01655278
sim-sess-0006-02,5100.0,-0.13970844,0.04585550,0.93563074,-0.20661205,-0.05556199,0.03863170
sim-sess-0006-02,5200.0,-0.15399470,0.01310165,1.07061850,-0.12417349,-0.08332906,0.06564040
sim-sess-0006-02,5300.0,0.01829411,-0.03067529,1.17376761,0.06933343,-0.06807092,0.03051943
sim-sess-0006-02,5400.0,0.16101915,-0.06460403,1.07602847,0.18875399,-0.08396015,-0.00351401
sim-sess-0006-02,5500.0,0.16957626,-0.05532202,0.90175631,0.10989303,-0.01655402,-0.02537017
sim-sess-0006-02,5600.0,-0.00633185,-0.08940631,0.83152441,-0.09453640,-0.00408291,-0.07132466
sim-sess-0006-02,5700.0,-0.17372361,-0.05557453,0.93791619,-0.19564917,0.06669045,-0.06196630
sim-sess-0006-02,5800.0,-0.13351464,-0.02582205,1.10846080,-0.06338278,0.09097447,-0.01666379
sim-sess-0006-02,5900.0,0.06485191,0.02425808,1.16958827,0.12094995,0.07633601,0.01589450
sim-sess-0006-02,6000.0,0.18986527,0.07061561,1.05399571,0.23178083,0.06288436,0.07328931
sim-sess-0006-03,0.0,-0.01167677,0.01315801,0.98038026,0.36659523,0.00712474,0.06567504
sim-sess-0006-03,100.0,0.20025844,0.03841886,1.02764917,0.36289885,0.03641184,0.05192408
sim-sess-0006-03,200.0,0.33955251,0.05422815,1.12378686,0.27332688,0.05984179,0.05804669
sim-sess-0006-03,300.0,0.38848501,0.06376005,1.18817629,0.18347292,0.08016906,0.05523161
sim-sess-0006-03,400.0,0.35638126,0.03434814,1.30193348,0.04723745,0.08291126,0.02295199
sim-sess-0006-03,500.0,0.27819415,0.01376968,1.45257230,-0.13056763,0.09847567,0.03801447
sim-sess-0006-03,600.0,0.15911068,-0.00490227,1.51152551,-0.27945407,0.07477554,0.01573744
sim-sess-0006-03,700.0,0.08252861,-0.02250314,1.59970740,-0.35338184,0.02816699,0.02105440
sim-sess-0006-03,800.0,0.01095086,-0.03384866,1.63702157,-0.35912884,0.01594644,0.00303788
sim-sess-0006-03,900.0,-0.07821612,-0.05286281,1.59702143,-0.34543198,-0.03762724,0.00853334
sim-sess-0006-03,1000.0,-0.14789796,-0.04062441,1.56292386,-0.26863911,-0.06634604,-0.04452876
sim-sess-0006-03,1100.0,-0.24400233,-0.04937723,1.46467102,-0.17141332,-0.08098250,-0.01338089
sim-sess-0006-03,1200.0,-0.33755824,-0.02690760,1.30078113,-0.00971729,-0.11801062,-0.03604660
sim-sess-0006-03,1300.0,-0.40240237,-0.02018396,1.19755167,0.11925579,-0.06223088,-0.03675287
sim-sess-0006-03,1400.0,-0.32971624,-0.00294999,1.07511218,0.24119833,-0.06320402,-0.05015395
sim-sess-0006-03,1500.0,-0.22064226,0.00296807,1.02891244,0.36172333,-0.03333007,-0.05518470
sim-sess-0006-03,1600.0,-0.02975290,0.02469767,0.99256171,0.37781668,-0.01323817,-0.05958227
sim-sess-0006-03,1700.0,0.16014146,0.02442169,1.01342228,0.33226076,0.02231880,-0.05785453
sim-sess-0006-03,1800.0,0.32428761,0.01573153,1.09176853,0.30295310,0.08439332,-0.05905436
sim-sess-0006-03,1900.0,0.38453009,0.05957365,1.17269664,0.16157624,0.09720778,-0.04623306
sim-sess-0006-03,2000.0,0.37257970,0.04638960,1.29479877,0.02151240,0.10495764,-0.04129829
sim-sess-0006-03,2100.0,0.28374103,0.00107562,1.39642959,-0.10542738,0.07120725,-0.02533051
sim-sess-0006-03,2200.0,0.16249657,0.01678713,1.51470558,-0.22979090,0.03867875,-0.03354130
sim-sess-0006-03,2300.0,0.08769068,-0.00164471,1.56674841,-0.32002590,0.03480519,-0.02684595
sim-sess-0006-03,2400.0,0.00804569,-0.02364657,1.59934297,-0.36047189,-0.03028566,-0.05255008
sim-sess-0006-03,2500.0,-0.07186992,-0.04422638,1.61186914,-0.37324807,-0.02897255,-0.00609852
sim-sess-0006-03,2600.0,-0.15547713,-0.04401877,1.52283691,-0.29565463,-0.05105315,0.00742850
sim-sess-0006-03,2700.0,-0.24406941,-0.03739517,1.44557369,-0.16408498,-0.06226969,0.04379574
sim-sess-0006-03,2800.0,-0.30473146,-0.05608666,1.31958453,-0.04878834,-0.07744782,0.04989506
sim-sess-0006-03,2900.0,-0.37778695,-0.01173835,1.22345003,0.10743940,-0.06306307,0.07480416
sim-sess-0006-03,3000.0,-0.36405601,-0.00258881,1.12374710,0.22726770,-0.05964372,0.05222340
sim-sess-0006-03,3100.0,-0.24237789,0.02105490,1.07106060,0.32384311,-0.03614066,0.07110273
sim-sess-0006-03,3200.0,-0.05487666,0.05646881,0.99140212,0.34457859,-0.00856447,0.06551112
sim-sess-0006-03,3300.0,0.14290473,0.02870354,1.01670768,0.36524023,-0.00616248,0.06451898
sim-sess-0006-03,3400.0,0.29758069,0.04649833,1.06216174,0.31634836,0.05937795,0.05452792
sim-sess-0006-03,3500.0,0.39648878,0.04721145,1.17779347,0.17542438,0.06207347,0.04361552
sim-sess-0006-03,3600.0,0.37477128,0.02163439,1.26344814,0.05927488,0.06547482,0.05102826
sim-sess-0006-03,3700.0,0.28117990,0.01492132,1.37902750,-0.07890541,0.08886298,0.04011193
sim-sess-0006-03,3800.0,0.19274907,0.00200614,1.51537864,-0.24759194,0.07434707,0.04997250
sim-sess-0006-03,3900.0,0.10907103,-0.01477413,1.59551392,-0.35569357,0.03472563,0.00470389
sim-sess-0006-03,4000.0,0.02607090,-0.00928913,1.63098094,-0.34933159,0.00161757,-0.00636888
sim-sess-0006-03,4100.0,-0.03879884,-0.03473152,1.59500275,-0.37990846,-0.03532730,0.00620891
sim-sess-0006-03,4200.0,-0.15900838,-0.03985686,1.56434666,-0.28900278,-0.01432492,-0.03224304
sim-sess-0006-03,4300.0,-0.22318068,-0.03906203,1.45034820,-0.18263836,-0.06427405,-0.02383449
sim-sess-0006-03,4400.0,-0.33693007,-0.04074121,1.35763802,-0.05543496,-0.10277470,-0.03757541
sim-sess-0006-03,4500.0,-0.37498661,-0.03371855,1.23588585,0.08732236,-0.10530116,-0.06052885
sim-sess-0006-03,4600.0,-0.33921857,-0.01684197,1.12101489,0.19881031,-0.07456786,-0.04979459
sim-sess-0006-03,4700.0,-0.26074835,0.00486918,1.02688736,0.30684679,-0.06054800,-0.04473341
sim-sess-0006-03,4800.0,-0.08942186,0.02611341,1.02240203,0.35995226,-0.01293291,-0.07108059
sim-sess-0006-03,4900.0,0.12042127,0.02857232,0.99178270,0.35886660,0.02388081,-0.05892272
sim-sess-0006-03,5000.0,0.29976352,0.05109382,1.04879718,0.30885542,0.04690684,-0.05026403
sim-sess-0006-03,5100.0,0.40715067,0.03827750,1.15916817,0.20563514,0.07769115,-0.05905039
sim-sess-0006-03,5200.0,0.38517544,0.05062628,1.24522389,0.04341037,0.08424064,-0.02792904
sim-sess-0006-03,5300.0,0.30814376,0.02427402,1.37513756,-0.08017948,0.09938475,-0.05847907
sim-sess-0006-03,5400.0,0.20764618,0.00670572,1.49634817,-0.20490647,0.07268097,-0.05074808
sim-sess-0006-03,5500.0,0.12131969,-0.01805522,1.59485795,-0.31961966,0.03541288,-0.04181166
sim-sess-0006-03,5600.0,0.01751000,-0.01694116,1.62867708,-0.35943749,0.01607517,0.01828293
sim-sess-0006-03,5700.0,-0.02647656,-0.04263178,1.60683817,-0.37042283,-0.01963950,0.01779473
sim-sess-0006-03,5800.0,-0.10582294,-0.03703863,1.58026634,-0.29659056,-0.06676918,0.03121495
sim-sess-0006-03,5900.0,-0.21233783,-0.03260890,1.47733494,-0.18893477,-0.06126858,0.04140522
sim-sess-0006-03,6000.0,-0.31812734,-0.07068388,1.36404522,-0.05592638,-0.11300170,0.02480625
sim-sess-0006-04,0.0,0.04818723,0.01586557,1.00518393,0.29443250,-0.00081971,0.06142929
sim-sess-0006-04,100.0,0.15816830,0.01068185,0.99048288,0.27519900,0.03771380,0.03114946
sim-sess-0006-04,200.0,0.24719973,-0.00424410,1.02690068,0.21114760,0.02254397,0.02979321
sim-sess-0006-04,300.0,0.31272229,0.01462840,1.09282608,0.18913069,0.07962202,0.05742455
sim-sess-0006-04,400.0,0.35537487,0.03247809,1.14269654,0.16446784,0.09747279,0.01924469
sim-sess-0006-04,500.0,0.40058368,0.05372108,1.18942917,0.08115141,0.07322329,0.03516182
sim-sess-0006-04,600.0,0.45019019,0.04984357,1.28148597,0.01586205,0.10195671,0.04293087
sim-sess-0006-04,700.0,0.42544929,0.03076438,1.37465774,-0.01121891,0.12464832,0.03732420
sim-sess-0006-04,800.0,0.45156105,0.04464438,1.46795225,-0.07818824,0.09865332,0.02639669
sim-sess-0006-04,900.0,0.36287522,0.05310740,1.53656038,-0.11279003,0.08577098,0.04097325
sim-sess-0006-04,1000.0,0.31805566,0.04173689,1.57955881,-0.16779015,0.07834156,0.03110999
sim-sess-0006-04,1100.0,0.26495747,0.05249851,1.67269289,-0.19549239,0.07800552,0.00151933
sim-sess-0006-04,1200.0,0.16121514,0.07340993,1.72397198,-0.23106395,0.07756565,0.01362835
sim-sess-0006-04,1300.0,0.10391360,0.08180793,1.74626439,-0.26299681,0.02975132,0.03364443
sim-sess-0006-04,1400.0,0.00951785,0.06656684,1.80482504,-0.28018064,0.01402333,0.00516449
sim-sess-0006-04,1500.0,-0.11405773,0.05926251,1.84098440,-0.29661604,-0.00862799,-0.00162820
sim-sess-0006-04,1600.0,-0.20557368,0.06289506,1.80171672,-0.25794246,-0.05611153,0.00244172
sim-sess-0006-04,1700.0,-0.29120699,0.05368237,1.72941101,-0.23418796,-0.04792633,-0.00015319
sim-sess-0006-04,1800.0,-0.31693974,0.08990285,1.71215535,-0.19641938,-0.06773452,-0.04580393
sim-sess-0006-04,1900.0,-0.36803743,0.05316196,1.62575555,-0.12601503,-0.08820648,-0.01480219
sim-sess-0006-04,2000.0,-0.42005188,0.06006984,1.55547955,-0.07053066,-0.10304302,-0.02073039
sim-sess-0006-04,2100.0,-0.44349392,0.06473774,1.49321191,-0.00015315,-0.13521411,-0.04682587
sim-sess-0006-04,2200.0,-0.43701214,0.04938565,1.42236387,0.03146969,-0.10710128,-0.02491291
sim-sess-0006-04,2300.0,-0.42063196,0.06482359,1.31715464,0.09222851,-0.12957903,-0.03977585
sim-sess-0006-04,2400.0,-0.34421033,0.03371778,1.21760716,0.14442509,-0.08133149,-0.03017601
sim-sess-0006-04,2500.0,-0.30853820,0.01573904,1.15471421,0.21738689,-0.09871235,-0.05979216
sim-sess-0006-04,2600.0,-0.24842912,0.02788168,1.07456094,0.23934801,-0.09443571,-0.01554087
sim-sess-0006-04,2700.0,-0.14910227,0.01930929,1.04621380,0.26166426,-0.06488094,-0.06659197
sim-sess-0006-04,2800.0,-0.06211967,-0.00091752,1.03122414,0.29058394,-0.04889306,-0.06163355
sim-sess-0006-04,2900.0,0.04104109,-0.00160848,1.00893707,0.27486106,-0.00382220,-0.06777771
sim-sess-0006-04,3000.0,0.12856396,0.03511817,1.01647903,0.26002716,0.01029944,-0.04929798
sim-sess-0006-04,3100.0,0.19919727,-0.00759964,1.01920949,0.26080495,0.02187188,-0.04954304
sim-sess-0006-04,3200.0,0.29940895,-0.02718831,1.05990674,0.20114011,0.06134807,-0.06132878
sim-sess-0006-04,3300.0,0.35574660,-0.02441844,1.12456366,0.20300855,0.06549073,-0.02538160
sim-sess-0006-04,3400.0,0.38465821,-0.04797054,1.17131371,0.13125595,0.09025899,-0.03540297
sim-sess-0006-04,3500.0,0.43183356,-0.04734906,1.25437788,0.06042187,0.09137976,-0.03638720
sim-sess-0006-04,3600.0,0.42894778,-0.05241914,1.32439431,0.01782775,0.12264679,-0.03065758
sim-sess-0006-04,3700.0,0.44225597,-0.04182264,1.44125962,-0.05849201,0.13712112,-0.00713035
sim-sess-0006-04,3800.0,0.41468823,-0.06225869,1.51099167,-0.13252083,0.12490123,-0.02060646
sim-sess-0006-04,3900.0,0.34696898,-0.05126463,1.57092592,-0.16864516,0.09457384,-0.01165605
sim-sess-0006-04,4000.0,0.27718637,-0.06089041,1.65542259,-0.18194907,0.09774863,-0.03198357
sim-sess-0006-04,4100.0,0.24472480,-0.08874674,1.76051400,-0.22925437,0.07258289,-0.02464247
sim-sess-0006-04,4200.0,0.13101563,-0.10418324,1.74137779,-0.23240529,0.04007239,-0.02284345
sim-sess-0006-04,4300.0,0.04087117,-0.07194729,1.78626406,-0.27855507,0.03238972,0.01815125
sim-sess-0006-04,4400.0,-0.03707252,-0.06380834,1.77219079,-0.23895051,-0.02035389,-0.00380676
sim-sess-0006-04,4500.0,-0.16171137,-0.10632252,1.81180495,-0.26727916,-0.01321490,0.01732752
sim-sess-0006-04,4600.0,-0.19746327,-0.08761152,1.72806724,-0.23860482,-0.04054048,-0.01981327
sim-sess-0006-04,4700.0,-0.30813153,-0.06731505,1.71652408,-0.19803767,-0.07538754,0.00543606
sim-sess-0006-04,4800.0,-0.37379629,-0.06821377,1.70011494,-0.15967030,-0.06603826,0.03181550
sim-sess-0006-04,4900.0,-0.39430761,-0.04037166,1.60847031,-0.08672263,-0.09909785,0.00287079
sim-sess-0006-04,5000.0,-0.45497322,-0.06153607,1.55341333,-0.06194654,-0.10841155,0.04752205
sim-sess-0006-04,5100.0,-0.47485303,-0.05581055,1.45502121,-0.00881117,-0.09136244,0.03744203
sim-sess-0006-04,5200.0,-0.41333620,-0.03684191,1.34108396,0.07046110,-0.06982772,0.04425593
sim-sess-0006-04,5300.0,-0.39454094,-0.04102094,1.28624467,0.14421318,-0.11782293,0.05018979
sim-sess-0006-04,5400.0,-0.37584867,-0.03950860,1.18812757,0.17994261,-0.10389059,0.03740645
sim-sess-0006-04,5500.0,-0.27002573,-0.04030934,1.13792329,0.21337790,-0.06270261,0.03823744
sim-sess-0006-04,5600.0,-0.19286259,-0.03875961,1.08906743,0.26710757,-0.08122290,0.05505260
sim-sess-0006-04,5700.0,-0.10722820,-0.01581936,1.03030648,0.28097143,-0.02420057,0.05164215
sim-sess-0006-04,5800.0,-0.03150438,0.00809765,1.01022160,0.26449045,0.00909782,0.06197892
sim-sess-0006-04,5900.0,0.09683643,-0.00696346,1.01211574,0.25980135,0.01219961,0.02311107
sim-sess-0006-04,6000.0,0.18040622,0.00571218,1.03107688,0.26567509,0.04949248,0.02692202
sim-sess-0006-05,0.0,-0.00550344,0.03482762,1.00812058,-0.02090557,0.03535972,-0.01412020
sim-sess-0006-05,100.0,0.00305089,0.02443192,1.00411155,0.00954768,0.03558528,-0.00735329
sim-sess-0006-05,200.0,0.02926146,0.02100421,1.03877967,0.00110065,0.00222586,0.00517017
sim-sess-0006-05,300.0,0.03509539,0.04050259,1.02767931,0.01940534,0.02821354,0.01311973
sim-sess-0006-05,400.0,0.04817234,0.00706017,1.01563644,0.03946535,-0.01296792,-0.00002628
sim-sess-0006-05,500.0,0.04088210,0.01768846,1.02627801,0.01582257,0.02722384,0.00437556
sim-sess-0006-05,600.0,0.03141324,0.01723984,1.01833220,0.01478666,0.02994035,0.01551300
sim-sess-0006-05,700.0,0.05227944,-0.00075993,1.03507462,0.03321778,-0.00365068,0.01933320
sim-sess-0006-05,800.0,-0.00010784,-0.03122926,1.01394005,0.02407923,-0.01294364,0.03414994
sim-sess-0006-05,900.0,0.02318489,-0.04482781,0.99130443,-0.00710299,-0.02545772,0.00814043
sim-sess-0006-05,1000.0,-0.01776255,-0.00869517,0.99624686,0.00139694,-0.02911712,-0.00328821
sim-sess-0006-05,1100.0,-0.01477233,-0.00840627,0.99101475,-0.05400153,-0.02371156,-0.00395950
sim-sess-0006-05,1200.0,-0.02637708,-0.03385008,0.99449422,-0.01163619,-0.04163592,0.00665586
sim-sess-0006-05,1300.0,-0.03279096,-0.02861833,0.97576028,-0.02583576,-0.05448453,-0.00692482
sim-sess-0006-05,1400.0,-0.04017743,-0.01401751,0.97357235,-0.06630508,-0.02251924,0.00843051
sim-sess-0006-05,1500.0,-0.04396973,-0.00971952,0.96399659,-0.01759754,-0.04670252,-0.01356752
sim-sess-0006-05,1600.0,-0.02641636,-0.00078266,0.95002465,-0.02272542,-0.03147064,0.00275716
sim-sess-0006-05,1700.0,-0.01365369,-0.00729794,0.95542521,-0.04687439,-0.03304610,0.02202911
sim-sess-0006-05,1800.0,-0.01081446,-0.00980701,0.96150610,0.00091332,0.00737242,-0.02144083
sim-sess-0006-05,1900.0,0.00775843,0.00051967,1.00066546,0.02167726,-0.00559837,0.00596670
sim-sess-0006-05,2000.0,0.05110909,0.02076464,0.99463595,0.01086727,0.01464306,-0.01058589
sim-sess-0006-05,2100.0,0.00979663,0.02614013,0.99397650,0.01352866,0.02261085,-0.02073300
sim-sess-0006-05,2200.0,0.03272242,0.01727555,1.02723491,0.03797544,0.01066760,-0.01998902
sim-sess-0006-05,2300.0,0.04735670,0.00908763,1.01612368,0.02941650,0.00415148,-0.03167529
sim-sess-0006-05,2400.0,0.02910052,0.04675533,1.00869158,0.04008097,0.01326048,0.00480400
sim-sess-0006-05,2500.0,0.01197401,0.03859040,1.01616873,0.02563419,0.04561187,-0.01867899
sim-sess-0006-05,2600.0,0.02358148,0.03224190,1.02689030,0.06082069,0.03441791,-0.02396368
sim-sess-0006-05,2700.0,0.01654192,0.01476742,1.03301953,0.02114735,0.02058137,-0.01081001
sim-sess-0006-05,2800.0,-0.00254248,0.01288134,1.01781061,0.01308102,-0.00193662,-0.02486499
sim-sess-0006-05,2900.0,-0.01892962,0.00793756,1.00659513,0.02111524,0.01760964,0.00046134
sim-sess-0006-05,3000.0,-0.05804842,-0.00489170,1.02688015,0.00601230,-0.00972655,-0.04865396
sim-sess-0006-05,3100.0,-0.03090200,-0.02845606,1.01929083,0.00575738,-0.02650521,-0.01537348
sim-sess-0006-05,3200.0,-0.03489932,-0.00768950,0.98692333,-0.04266037,-0.01075951,-0.02019235
sim-sess-0006-05,3300.0,-0.05113053,-0.02489137,0.98318593,-0.04202216,0.00279945,-0.01096839
sim-sess-0006-05,3400.0,-0.02557298,-0.00457876,0.99026379,-0.04326929,-0.01950759,-0.00911461
sim-sess-0006-05,3500.0,-0.01948559,-0.04024131,0.99841325,-0.04599449,-0.02985196,-0.01807257
sim-sess-0006-05,3600.0,0.00802257,-0.03376426,0.95826616,-0.05454300,-0.02208676,0.01024918
sim-sess-0006-05,3700.0,-0.01843351,-0.04856059,0.95677810,-0.02236120,-0.03098161,-0.00012011
sim-sess-0006-05,3800.0,0.01726752,-0.00584001,0.97486536,0.01785831,-0.02869693,-0.00476159
sim-sess-0006-05,3900.0,0.04269199,-0.01716327,0.97726724,-0.02105198,-0.03479918,0.01161475
sim-sess-0006-05,4000.0,0.07157261,-0.00948764,0.98661860,-0.02031184,-0.01484057,0.04411732
sim-sess-0006-05,4100.0,0.03172957,0.00016833,0.96614342,0.01644920,-0.01033623,0.01869226
sim-sess-0006-05,4200.0,0.04531795,-0.00495090,0.98902782,0.01787293,0.01365097,0.03317024
sim-sess-0006-05,4300.0,0.05177368,0.01065162,1.01232118,0.04900724,0.00262585,0.01590859
sim-sess-0006-05,4400.0,0.01333241,0.00712208,1.03993115,0.05201999,0.00414663,0.01466756
sim-sess-0006-05,4500.0,0.01129019,0.04655297,1.01084082,0.01031049,0.00177063,0.03203138
sim-sess-0006-05,4600.0,-0.03136071,0.04902500,1.03168503,0.04766846,0.03488058,-0.01992617
sim-sess-0006-05,4700.0,-0.02986722,0.04140079,1.02406819,0.01822619,0.03422136,-0.01253177
sim-sess-0006-05,4800.0,-0.04282285,0.03465754,1.02641668,0.02499226,0.02372698,0.03490098
sim-sess-0006-05,4900.0,-0.02983140,0.02736517,1.02338229,0.01686185,0.03236594,-0.02192694
sim-sess-0006-05,5000.0,-0.03864639,0.02738089,1.02095735,-0.01659725,0.02300948,0.00470372
sim-sess-0006-05,5100.0,-0.04122941,0.00434703,0.99202535,0.03142257,0.02266738,0.00005068
sim-sess-0006-05,5200.0,-0.04195256,-0.00681978,1.00265924,0.00338082,0.05715489,-0.00114400
sim-sess-0006-05,5300.0,-0.02090543,0.03852768,0.99620240,-0.02049714,0.03111187,-0.01480530
sim-sess-0006-05,5400.0,-0.00580085,0.00938242,0.99496540,-0.01172301,0.01557895,-0.02604843
sim-sess-0006-05,5500.0,-0.01168371,-0.00498941,0.95964200,-0.01691852,0.01768929,-0.00990294
sim-sess-0006-05,5600.0,0.02753590,-0.01648805,0.97139720,-0.04136438,0.01489071,-0.01289557
sim-sess-0006-05,5700.0,0.03317910,-0.03602631,0.97556611,-0.03955674,0.01501668,-0.02323212
sim-sess-0006-05,5800.0,0.05050697,-0.00593943,0.97135023,-0.02104722,-0.00131935,-0.02549202
sim-sess-0006-05,5900.0,0.04074006,-0.02526210,0.95331123,0.01264601,0.00896415,-0.03023530
sim-sess-0006-05,6000.0,0.03759507,-0.04883547,0.97679234,0.00838049,0.00835543,-0.02594217
sim-sess-0007-01,0.0,-0.01102299,0.02730771,0.99680606,-0.00865572,0.00443930,0.03358537
sim-sess-0007-01,100.0,0.00841685,-0.00161588,0.99575001,0.00684085,0.01170131,0.01760006
sim-sess-0007-01,200.0,0.01018669,0.00979337,1.03154981,0.02453985,0.03003545,-0.00814277
sim-sess-0007-01,300.0,0.01743628,0.00253308,1.03011800,-0.00147479,0.00345564,0.00021055
sim-sess-0007-01,400.0,-0.00568589,0.02590110,0.98993083,0.00279520,0.03094457,-0.00552928
sim-sess-0007-01,500.0,0.00288216,0.01872524,1.00130032,0.01567903,0.00671050,-0.02439826
sim-sess-0007-01,600.0,-0.00999355,-0.00287414,1.01806220,0.01157780,0.00145219,0.00824885
sim-sess-0007-01,700.0,-0.00601461,0.01118542,1.00635944,-0.00872315,-0.01125392,0.01283772
sim-sess-0007-01,800.0,0.01431854,0.00411342,1.02045782,0.03742262,-0.00299412,-0.00117123
sim-sess-0007-01,900.0,0.01072665,0.01299797,1.01736148,0.02078521,0.03703267,0.02561724
sim-sess-0007-01,1000.0,0.01211921,0.01841313,1.02698841,0.00384586,0.00069190,0.01786138
sim-sess-0007-01,1100.0,0.01147335,0.00305571,1.02794669,-0.00076449,0.01729290,-0.00181708
sim-sess-0007-01,1200.0,0.02437100,0.00913657,1.00709622,0.00276645,-0.00638895,0.00568553
sim-sess-0007-01,1300.0,0.04617188,0.00763560,1.01716798,0.00830755,0.01447806,-0.00126731
sim-sess-0007-01,1400.0,-0.00680489,0.00107870,1.02913277,0.00593303,0.03406474,-0.00204291
sim-sess-0007-01,1500.0,0.00624008,-0.00556117,1.01619906,-0.00068870,0.00290603,-0.01573486
sim-sess-0007-01,1600.0,-0.00116383,-0.00662561,1.02370265,0.00510118,-0.00037761,-0.00851369
sim-sess-0007-01,1700.0,0.01353590,0.02497188,1.01028666,0.01854245,0.01315325,-0.02361723
sim-sess-0007-01,1800.0,0.01494422,-0.02076077,1.02071799,-0.00586527,-0.00194374,-0.00108510
sim-sess-0007-01,1900.0,0.02783058,-0.00218189,0.97593940,-0.00060293,0.00772834,-0.00770658
sim-sess-0007-01,2000.0,0.03368887,-0.00046782,1.01384545,0.02106142,-0.00864408,0.02051682
sim-sess-0007-01,2100.0,0.02088610,-0.03644905,1.04973019,0.01644179,0.00338288,0.02451051
sim-sess-0007-01,2200.0,0.01455973,-0.02832018,0.99916347,-0.00822251,0.00949778,0.00139836
sim-sess-0007-01,2300.0,0.01221796,-0.01544105,1.01561156,0.03415074,0.01099727,0.00447501
sim-sess-0007-01,2400.0,0.00063344,0.00338063,0.99954215,-0.00495529,-0.00304822,0.02146454
sim-sess-0007-01,2500.0,0.00769605,-0.00500519,1.01090145,0.02651074,0.01375174,0.01122074
sim-sess-0007-01,2600.0,0.00640050,-0.00148883,1.00289157,0.00964859,-0.00147581,0.00572702
sim-sess-0007-01,2700.0,-0.00561692,-0.02185350,1.00291635,0.00183075,0.01546082,0.01021247
sim-sess-0007-01,2800.0,-0.03763450,-0.02835566,0.98583691,0.00200047,0.00443465,-0.00497936
sim-sess-0007-01,2900.0,0.00962099,-0.01149551,0.99379924,0.02357526,0.02475618,-0.01758350
sim-sess-0007-01,3000.0,-0.00446371,-0.00398099,0.99432655,0.02334763,0.02462329,-0.00600282
sim-sess-0007-01,3100.0,-0.02437585,-0.03154075,0.98486373,0.00772132,0.02459131,-0.00303924
sim-sess-0007-01,3200.0,-0.01663196,-0.01289345,0.99122399,-0.01918152,0.00242587,0.01626929
sim-sess-0007-01,3300.0,-0.00982193,-0.01468349,0.96324730,0.00953971,-0.00205864,0.01878128
sim-sess-0007-01,3400.0,-0.00166931,-0.01796341,1.00511494,0.00123899,0.02029129,0.01532228
sim-sess-0007-01,3500.0,0.00361056,0.00261116,0.97696774,0.01441028,0.02706323,-0.00513428
sim-sess-0007-01,3600.0,-0.02114887,-0.01447904,0.99748000,0.01462002,0.00503467,0.01287780
sim-sess-0007-01,3700.0,-0.02127922,-0.01477763,0.97102175,-0.01662913,-0.00027001,0.02443232
sim-sess-0007-01,3800.0,-0.00384235,-0.00200541,0.99878208,0.00987353,-0.00737810,0.01825951
sim-sess-0007-01,3900.0,-0.01184219,-0.00823675,0.98032359,0.03984109,0.00081450,0.01784006
sim-sess-0007-01,4000.0,0.00237397,-0.01353901,0.96944536,-0.00198281,-0.00955556,0.01225868
sim-sess-0007-01,4100.0,0.00222874,-0.00647456,0.99340811,0.01885691,-0.00910986,0.02251734
sim-sess-0007-01,4200.0,-0.01706991,-0.00219804,1.00372135,0.00137946,0.02189777,-0.01617199
sim-sess-0007-01,4300.0,-0.02774999,0.00102581,0.98515599,0.00908812,-0.00633329,-0.01284377
sim-sess-0007-01,4400.0,-0.00743126,0.00065082,1.00331620,-0.01236129,0.01456558,0.00716981
sim-sess-0007-01,4500.0,-0.00371843,0.00110039,0.98650171,0.03403425,0.00139463,0.00310554
sim-sess-0007-01,4600.0,0.00456429,-0.00066717,0.99878439,0.00221880,0.02417785,0.00549263
sim-sess-0007-01,4700.0,0.00347345,0.00535292,0.99271284,0.01393963,0.01648015,-0.00416310
sim-sess-0007-01,4800.0,0.00132914,0.01793456,1.01701972,0.00748126,0.00979572,-0.01692509
sim-sess-0007-01,4900.0,-0.00273482,0.00176267,1.01620157,0.01608573,0.02509632,0.02170192
sim-sess-0007-01,5000.0,0.01707712,0.01307479,1.00435935,-0.00111976,-0.00264591,-0.00934096
sim-sess-0007-01,5100.0,0.00059766,0.00555852,1.00969235,-0.01639992,-0.00812767,0.02571583
sim-sess-0007-01,5200.0,0.01333171,0.01162600,1.01416190,0.02312829,0.00546640,0.02276048
sim-sess-0007-01,5300.0,0.01659191,0.00364509,1.01482521,0.02840906,0.03780772,-0.00453223
sim-sess-0007-01,5400.0,-0.01675974,0.00642770,1.00943973,0.02273974,0.01040245,0.01066277
sim-sess-0007-01,5500.0,0.01731706,0.01039187,1.01936456,-0.01789346,0.00629937,0.01821352
sim-sess-0007-01,5600.0,0.00486994,0.01603395,1.01232579,0.00407607,0.00990798,0.01193021
sim-sess-0007-01,5700.0,0.01972202,0.00501807,0.99973842,-0.00447283,0.02893082,0.01431518
sim-sess-0007-01,5800.0,0.00650214,0.02484511,1.02118690,-0.01506182,-0.01920875,0.02233538
sim-sess-0007-01,5900.0,0.01397910,0.02536498,1.00523832,0.00772525,-0.00256560,0.03504157
sim-sess-0007-01,6000.0,0.01637106,0.00465301,1.00430202,0.00344432,0.04454136,0.01107049
sim-sess-0007-02,0.0,-0.01208041,0.02381291,1.18631205,0.06953368,0.08559406,0.00776143
sim-sess-0007-02,100.0,0.16613148,0.05796516,1.07355365,0.23378769,0.05619748,0.01982570
sim-sess-0007-02,200.0,0.17968961,0.09761448,0.89553593,0.13004661,0.03534522,0.06176149
sim-sess-0007-02,300.0,-0.02769449,0.05678032,0.82001492,-0.09492388,0.00638931,0.05415806
sim-sess-0007-02,400.0,-0.16122718,0.05346172,0.92387766,-0.21653024,-0.04008930,0.00930148
sim-sess-0007-02,500.0,-0.15810625,-0.00420394,1.09827796,-0.12136828,-0.03602512,-0.04117532
sim-sess-0007-02,600.0,0.01857469,-0.01297952,1.17232098,0.10653003,-0.07920744,-0.07288340
sim-sess-0007-02,700.0,0.20050044,-0.06367996,1.08711503,0.19788812,-0.04766257,-0.05877277
sim-sess-0007-02,800.0,0.15088661,-0.08732904,0.88660695,0.10261871,-0.02963209,-0.01527617
sim-sess-0007-02,900.0,-0.01289828,-0.08887921,0.84658851,-0.10256272,0.00760692,-0.00656774
sim-sess-0007-02,1000.0,-0.18230534,-0.03166533,0.92994355,-0.19372740,0.03851252,0.05854207
sim-sess-0007-02,1100.0,-0.13968953,-0.01643500,1.09917283,-0.09109476,0.06680340,0.04067867
sim-sess-0007-02,1200.0,0.05372856,0.03068656,1.18687085,0.12972689,0.10019866,0.02341997
sim-sess-0007-02,1300.0,0.20345920,0.07012863,1.05965386,0.19802747,0.06411019,-0.03678192
sim-sess-0007-02,1400.0,0.15199106,0.09216816,0.87095100,0.05976926,0.03742235,-0.04270980
sim-sess-0007-02,1500.0,-0.06809438,0.07780468,0.82788431,-0.12081676,-0.03080941,-0.02746521
sim-sess-0007-02,1600.0,-0.20602526,0.03225058,0.97733638,-0.20988800,-0.06158644,0.01038539
sim-sess-0007-02,1700.0,-0.11894016,0.00016518,1.13865757,-0.07036406,-0.07822729,0.01960256
sim-sess-0007-02,1800.0,0.06086786,-0.03631925,1.17034933,0.14941379,-0.09090042,0.04574050
sim-sess-0007-02,1900.0,0.16221315,-0.06277427,1.01581418,0.19359290,-0.05880715,0.05305222
sim-sess-0007-02,2000.0,0.11695599,-0.09054421,0.86116994,0.03648610,-0.03343151,0.06594858
sim-sess-0007-02,2100.0,-0.09448479,-0.06862013,0.85757028,-0.17211098,-0.02019771,-0.00789249
sim-sess-0007-02,2200.0,-0.20213821,-0.03894197,0.99547351,-0.20717176,0.05019854,-0.02762630
sim-sess-0007-02,2300.0,-0.09370966,-0.00656231,1.16054028,-0.05791409,0.04254171,-0.06128302
sim-sess-0007-02,2400.0,0.12011722,0.04157462,1.15412754,0.16298212,0.06005434,-0.04743654
sim-sess-0007-02,2500.0,0.21553790,0.08053913,0.99947901,0.18595988,0.04943430,-0.00522104
sim-sess-0007-02,2600.0,0.08511376,0.07824861,0.85381884,0.02194783,0.05820027,0.04018472
sim-sess-0007-02,2700.0,-0.07153825,0.06825255,0.85272728,-0.16603886,-0.03822925,0.05582010
sim-sess-0007-02,2800.0,-0.18442436,0.03528503,1.00897251,-0.16374556,-0.04998819,0.06767618
sim-sess-0007-02,2900.0,-0.08787305,-0.01074670,1.17552313,-0.02810085,-0.08360442,0.03240661
sim-sess-0007-02,3000.0,0.11598113,-0.05900064,1.17648550,0.18975427,-0.05501860,-0.02302407
sim-sess-0007-02,3100.0,0.19691858,-0.08870632,0.98028073,0.20667953,-0.06122432,-0.04139206
sim-sess-0007-02,3200.0,0.10373855,-0.07686028,0.83190435,-0.01150593,0.00337930,-0.06454302
sim-sess-0007-02,3300.0,-0.11657796,-0.05512595,0.85828777,-0.19563986,-0.00246347,-0.00641074
sim-sess-0007-02,3400.0,-0.19159144,-0.04955591,1.04675283,-0.16393992,0.07661772,0.05783139
sim-sess-0007-02,3500.0,-0.07264250,-0.02379211,1.17454065,0.04141397,0.07005962,0.06039183
sim-sess-0007-02,3600.0,0.12320204,0.05020959,1.12371852,0.20075025,0.03770220,0.05857896
sim-sess-0007-02,3700.0,0.18468231,0.07180262,0.97232681,0.16464639,0.04280136,0.00877969
sim-sess-0007-02,3800.0,0.06037184,0.05385540,0.81419248,-0.03220217,0.01906067,-0.04260559
sim-sess-0007-02,3900.0,-0.14138475,0.08583107,0.85772526,-0.21250517,-0.05274189,-0.05519418
sim-sess-0007-02,4000.0,-0.16798113,0.03690042,1.06537903,-0.19641281,-0.08086282,-0.08316087
sim-sess-0007-02,4100.0,-0.02948786,-0.00169054,1.16833979,0.05388535,-0.10471283,-0.03207963
sim-sess-0007-02,4200.0,0.16138227,-0.06123723,1.12271084,0.21882723,-0.05862290,-0.00535176
sim-sess-0007-02,4300.0,0.19627921,-0.06969263,0.96482353,0.15588701,-0.03596912,0.05490232
sim-sess-0007-02,4400.0,0.03322086,-0.08161223,0.84706228,-0.06267045,-0.02275092,0.04887478
sim-sess-0007-02,4500.0,-0.14500550,-0.08248585,0.89377613,-0.19508499,0.04908628,0.01667744
sim-sess-0007-02,4600.0,-0.16362190,-0.03095974,1.07804025,-0.16310137,0.08242578,0.02070942
sim-sess-0007-02,4700.0,0.01071452,0.04469298,1.16632735,0.05189376,0.07561424,-0.01662245
sim-sess-0007-02,4800.0,0.13984345,0.06432861,1.09560394,0.23924351,0.04808393,-0.03557374
sim-sess-0007-02,4900.0,0.17810179,0.06940374,0.89891543,0.11446903,0.02872403,-0.00565967
sim-sess-0007-02,5000.0,-0.01672092,0.06792748,0.82001563,-0.08938681,-0.00930546,-0.00947349
sim-sess-0007-02,5100.0,-0.16648243,0.05050921,0.90551797,-0.20422032,-0.05204525,0.04148337
sim-sess-0007-02,5200.0,-0.16430357,0.00424662,1.09601404,-0.12451187,-0.05709905,0.04264784
sim-sess-0007-02,5300.0,0.01239892,-0.04148908,1.20240534,0.07434603,-0.07400855,0.07837725
sim-sess-0007-02,5400.0,0.18923265,-0.05429566,1.07493931,0.20087599,-0.07866320,0.03309883
sim-sess-0007-02,5500.0,0.15209068,-0.08569201,0.87704543,0.09325710,-0.03526364,-0.05361327
sim-sess-0007-02,5600.0,-0.03515171,-0.05301170,0.85481453,-0.10785475,0.01904603,-0.06942966
sim-sess-0007-02,5700.0,-0.19721517,-0.04375416,0.92826163,-0.23277610,0.03881377,-0.02962459
sim-sess-0007-02,5800.0,-0.12922121,-0.00863143,1.10868903,-0.09218620,0.06459805,-0.02216734
sim-sess-0007-02,5900.0,0.04438016,0.01786673,1.18018690,0.13959172,0.05828409,0.03286149
sim-sess-0007-02,6000.0,0.17176572,0.06090571,1.05844413,0.19922605,0.03078830,0.04721499
sim-sess-0007-03,0.0,0.00381974,0.01685812,1.03283480,0.36899359,-0.00086071,0.05247595
sim-sess-0007-03,100.0,0.20600032,0.04649869,1.02518773,0.36726463,0.05494707,0.09052515
sim-sess-0007-03,200.0,0.36441800,0.02791152,1.09159929,0.29044152,0.04852626,0.06988018
sim-sess-0007-03,300.0,0.38828083,0.04902613,1.19449682,0.15829834,0.07702702,0.03462461
sim-sess-0007-03,400.0,0.36898431,0.02684995,1.32385558,0.00148863,0.12252510,0.07267188
sim-sess-0007-03,500.0,0.30656437,0.00682546,1.42809726,-0.15121481,0.08705628,0.03902956
sim-sess-0007-03,600.0,0.17558709,0.00325744,1.56639052,-0.28908720,0.07132216,0.02274706
sim-sess-0007-03,700.0,0.09631612,-0.01630368,1.61677609,-0.34667942,0.03233290,0.04012312
sim-sess-0007-03,800.0,-0.00040556,-0.01767286,1.64761895,-0.38973879,0.02348220,-0.00478047
sim-sess-0007-03,900.0,-0.09188304,-0.06648501,1.63495474,-0.35967230,-0.02031541,-0.00893769
sim-sess-0007-03,1000.0,-0.15662664,-0.05692391,1.57731927,-0.30148874,-0.05166233,-0.03885271
sim-sess-0007-03,1100.0,-0.26213514,-0.04773003,1.44700408,-0.16407528,-0.06982469,-0.03742281
sim-sess-0007-03,1200.0,-0.38361637,-0.05517308,1.32134999,-0.00514178,-0.09706661,-0.05482086
sim-sess-0007-03,1300.0,-0.43423398,-0.02661275,1.21432197,0.14849454,-0.09107972,-0.07315417
sim-sess-0007-03,1400.0,-0.37221111,0.00572518,1.08092225,0.24834582,-0.05078526,-0.08100490
sim-sess-0007-03,1500.0,-0.21108663,0.00286786,1.01821207,0.33888964,-0.03479939,-0.04612128
sim-sess-0007-03,1600.0,-0.02481560,0.02267936,1.00306661,0.39560469,0.00553714,-0.07950410
sim-sess-0007-03,1700.0,0.18754063,0.01975551,1.01814345,0.35032235,0.02430808,-0.08372077
sim-sess-0007-03,1800.0,0.34966152,0.04758571,1.08926422,0.29008617,0.07170644,-0.05124198
sim-sess-0007-03,1900.0,0.37895338,0.03409145,1.18351290,0.17866595,0.06521190,-0.06688966
sim-sess-0007-03,2000.0,0.41481996,0.03471789,1.30528432,0.00988689,0.08111692,-0.05178325
sim-sess-0007-03,2100.0,0.30064364,0.00440654,1.42670656,-0.11104774,0.08118813,-0.05016869
sim-sess-0007-03,2200.0,0.21680932,0.02217313,1.53576851,-0.26994036,0.07028433,-0.00766319
sim-sess-0007-03,2300.0,0.10709449,-0.00922307,1.60853888,-0.35355788,0.05299372,-0.00339928
sim-sess-0007-03,2400.0,0.02619114,-0.02546634,1.65084388,-0.40773841,0.00275976,-0.00254757
sim-sess-0007-03,2500.0,-0.07199945,-0.02901991,1.62491412,-0.37165598,-0.02193359,0.01020430
sim-sess-0007-03,2600.0,-0.15068090,-0.04507594,1.55476456,-0.30148548,-0.06468730,0.02154498
sim-sess-0007-03,2700.0,-0.26227787,-0.06233997,1.45834601,-0.16273686,-0.07593076,0.05488009
sim-sess-0007-03,2800.0,-0.34634161,-0.03091980,1.36242422,-0.04651882,-0.08747598,0.03554679
sim-sess-0007-03,2900.0,-0.37544015,-0.02031937,1.22571094,0.12798348,-0.07685821,0.07570916
sim-sess-0007-03,3000.0,-0.38360612,-0.00738196,1.09082467,0.24171010,-0.06465569,0.08946543
sim-sess-0007-03,3100.0,-0.23899262,0.00801893,1.05874086,0.32934760,-0.05417503,0.05940334
sim-sess-0007-03,3200.0,-0.07024468,0.01577557,0.99650526,0.40515773,-0.03309261,0.05586372
sim-sess-0007-03,3300.0,0.15324991,0.04485922,0.99801118,0.37904093,0.04789072,0.05442088
sim-sess-0007-03,3400.0,0.33259071,0.07738352,1.06531736,0.32165153,0.04640495,0.04388053
sim-sess-0007-03,3500.0,0.40608301,0.04322998,1.17785764,0.18569799,0.07475861,0.05651838
sim-sess-0007-03,3600.0,0.38005214,0.03041060,1.30498915,0.06644508,0.08429365,0.05304014
sim-sess-0007-03,3700.0,0.31820856,0.02024014,1.41174432,-0.10840801,0.08456237,0.03949655
sim-sess-0007-03,3800.0,0.18919473,0.02208149,1.51036587,-0.21635553,0.07155946,0.00928560
sim-sess-0007-03,3900.0,0.07946432,-0.02316489,1.62373426,-0.32180968,0.03701247,0.02815071
sim-sess-0007-03,4000.0,0.01573547,-0.01839576,1.65914962,-0.40155817,0.01430493,-0.01820115
sim-sess-0007-03,4100.0,-0.06467550,-0.04087101,1.59873124,-0.37130315,-0.01217281,0.00787601
sim-sess-0007-03,4200.0,-0.16144469,-0.05783817,1.57475885,-0.29471582,-0.04529331,-0.03584538
sim-sess-0007-03,4300.0,-0.25615801,-0.04299599,1.46950536,-0.18948642,-0.10974063,-0.03936533
sim-sess-0007-03,4400.0,-0.34331529,-0.03554116,1.38620817,-0.02119950,-0.06655075,-0.06199654
sim-sess-0007-03,4500.0,-0.39191186,-0.01400063,1.24479867,0.09375747,-0.07827356,-0.04192625
sim-sess-0007-03,4600.0,-0.36630981,-0.01005914,1.14546405,0.21727776,-0.05935851,-0.04379084
sim-sess-0007-03,4700.0,-0.26300957,0.00046857,1.06783382,0.34770427,-0.03601468,-0.06113938
sim-sess-0007-03,4800.0,-0.08724196,0.02195443,0.98874634,0.35428098,-0.02213504,-0.06120249
sim-sess-0007-03,4900.0,0.14977043,0.05245965,0.98520564,0.37143100,0.04202562,-0.09426054
sim-sess-0007-03,5000.0,0.31588034,0.03412140,1.05837065,0.30585162,0.04553070,-0.05723647
sim-sess-0007-03,5100.0,0.38743997,0.03511856,1.15960335,0.21394761,0.06390417,-0.04635914
sim-sess-0007-03,5200.0,0.40590916,0.04038178,1.28289070,0.04346658,0.08856920,-0.05503246
sim-sess-0007-03,5300.0,0.32679242,0.05195927,1.40593350,-0.10388167,0.09389114,-0.03666539
sim-sess-0007-03,5400.0,0.24081700,0.00875211,1.49076395,-0.21979263,0.08666584,-0.04143199
sim-sess-0007-03,5500.0,0.13839815,-0.01927065,1.58078961,-0.31157170,0.04889225,-0.03158783
sim-sess-0007-03,5600.0,0.03552519,-0.03670407,1.65487281,-0.37978527,0.02047075,0.01012754
sim-sess-0007-03,5700.0,-0.02658771,-0.04499682,1.63849209,-0.39108402,0.00323115,0.03219935
sim-sess-0007-03,5800.0,-0.13168868,-0.03447095,1.59896694,-0.34554993,-0.05391171,0.00969543
sim-sess-0007-03,5900.0,-0.24519516,-0.05722976,1.49215260,-0.24207828,-0.06579669,0.01949164
sim-sess-0007-03,6000.0,-0.33911491,-0.01495533,1.37028189,-0.08957830,-0.10545238,0.04998434
sim-sess-0007-04,0.0,0.05966923,-0.00688326,1.00091675,0.27080994,0.00538305,0.02240300
sim-sess-0007-04,100.0,0.17616230,0.01409937,0.99455346,0.27845290,0.02812236,0.05343375
sim-sess-0007-04,200.0,0.26518652,0.00840271,1.04315728,0.24098743,0.05716141,0.07489385
sim-sess-0007-04,300.0,0.30523923,0.01620492,1.04652221,0.21120469,0.05972476,0.03368838
sim-sess-0007-04,400.0,0.40530826,0.01614115,1.15477936,0.16210583,0.07773014,0.04313267
sim-sess-0007-04,500.0,0.40424625,0.04192672,1.19435809,0.10055642,0.09690300,0.01774373
sim-sess-0007-04,600.0,0.46023202,0.05158302,1.29467904,0.02357086,0.10250656,0.03782648
sim-sess-0007-04,700.0,0.47148603,0.05662979,1.38554943,-0.05390277,0.11159604,0.04628436
sim-sess-0007-04,800.0,0.41881136,0.06221132,1.46865078,-0.09093213,0.12748760,0.05646520
sim-sess-0007-04,900.0,0.41568253,0.06128803,1.54982740,-0.14048500,0.08940249,0.02154774
sim-sess-0007-04,1000.0,0.34715997,0.07502208,1.69448312,-0.20989418,0.10526563,0.01026279
sim-sess-0007-04,1100.0,0.27299406,0.08430560,1.67831978,-0.24324731,0.05838104,0.01598291
sim-sess-0007-04,1200.0,0.20633099,0.07047678,1.78029728,-0.24092828,0.08287503,-0.02726278
sim-sess-0007-04,1300.0,0.09592576,0.07445480,1.76346040,-0.29236281,0.03468745,0.01501032
sim-sess-0007-04,1400.0,-0.00977703,0.08163534,1.83494122,-0.29844331,0.01157615,0.00563304
sim-sess-0007-04,1500.0,-0.08406418,0.08806202,1.78362870,-0.24815841,-0.01624692,-0.02893578
sim-sess-0007-04,1600.0,-0.21092281,0.06511290,1.81011345,-0.26102022,-0.02155888,-0.00479258
sim-sess-0007-04,1700.0,-0.27206847,0.07563256,1.75178528,-0.23356771,-0.06552753,-0.00398405
sim-sess-0007-04,1800.0,-0.36557888,0.07739703,1.74293655,-0.20789037,-0.07488394,-0.01861659
sim-sess-0007-04,1900.0,-0.39983104,0.06116452,1.67936373,-0.14509866,-0.08987885,-0.03346777
sim-sess-0007-04,2000.0,-0.41513190,0.08174159,1.56911396,-0.08300160,-0.12206221,-0.02603708
sim-sess-0007-04,2100.0,-0.45999188,0.07686042,1.53172924,-0.02354504,-0.11625032,-0.02995365
sim-sess-0007-04,2200.0,-0.45798713,0.06101514,1.41010610,0.03021040,-0.13958356,-0.06625281
sim-sess-0007-04,2300.0,-0.45098404,0.03343797,1.36253163,0.10089352,-0.11090375,-0.05800590
sim-sess-0007-04,2400.0,-0.39597881,0.03087099,1.26210531,0.15031460,-0.08200187,-0.02809936
sim-sess-0007-04,2500.0,-0.36310681,0.03082045,1.16906749,0.21883638,-0.10521494,-0.04600644
sim-sess-0007-04,2600.0,-0.27164588,0.01844125,1.10891632,0.25529651,-0.09220194,-0.05202514
sim-sess-0007-04,2700.0,-0.13689191,0.02425791,1.06332095,0.29228655,-0.06813005,-0.06539425
sim-sess-0007-04,2800.0,-0.06095253,0.01422429,1.01439448,0.29341964,-0.03687564,-0.05543692
sim-sess-0007-04,2900.0,0.01314509,0.01575693,0.99779503,0.30578023,0.01520870,-0.03583347
sim-sess-0007-04,3000.0,0.13012517,-0.00832962,1.00793123,0.27169254,0.02858206,-0.05690083
sim-sess-0007-04,3100.0,0.22709401,-0.02706452,1.01724551,0.24463057,-0.00253803,-0.04361997
sim-sess-0007-04,3200.0,0.28196019,-0.02641811,1.05774483,0.23409553,0.05339398,-0.03627492
sim-sess-0007-04,3300.0,0.35529450,-0.03695054,1.12535200,0.14138060,0.07249845,-0.05933973
sim-sess-0007-04,3400.0,0.41137746,-0.02069839,1.17214478,0.12541266,0.10412637,-0.04257971
sim-sess-0007-04,3500.0,0.40962017,-0.03923120,1.26949422,0.05278566,0.11511258,-0.02690560
sim-sess-0007-04,3600.0,0.43071512,-0.05511038,1.33462257,0.02192907,0.08309408,-0.03507563
sim-sess-0007-04,3700.0,0.46607139,-0.07400568,1.46135488,-0.06310476,0.11741516,-0.03304065
sim-sess-0007-04,3800.0,0.41122958,-0.08007873,1.52671112,-0.10980808,0.12272941,-0.04096214
sim-sess-0007-04,3900.0,0.35084257,-0.06210298,1.57494129,-0.17983784,0.08697700,-0.04290701
sim-sess-0007-04,4000.0,0.32587206,-0.08544580,1.68508178,-0.23613870,0.10728230,-0.01069011
sim-sess-0007-04,4100.0,0.22378848,-0.04943321,1.76494438,-0.22669883,0.06085236,-0.03036825
sim-sess-0007-04,4200.0,0.14437176,-0.06131149,1.82743774,-0.27794247,0.06766588,-0.01473792
sim-sess-0007-04,4300.0,0.04835515,-0.07683917,1.83085285,-0.29295942,-0.00345884,0.00367314
sim-sess-0007-04,4400.0,-0.05899613,-0.07448448,1.83867919,-0.30969970,0.00302052,-0.02063233
sim-sess-0007-04,4500.0,-0.12594098,-0.09297147,1.81908973,-0.24995818,-0.01512905,0.00401789
sim-sess-0007-04,4600.0,-0.23381389,-0.05466226,1.77831966,-0.27104058,-0.03498368,0.02234561
sim-sess-0007-04,4700.0,-0.31958739,-0.07997304,1.79445986,-0.20665024,-0.07079856,0.00914451
sim-sess-0007-04,4800.0,-0.35884105,-0.06156424,1.68825090,-0.17271947,-0.10670972,-0.00618649
sim-sess-0007-04,4900.0,-0.41851743,-0.08719787,1.62123985,-0.13655423,-0.13172485,0.01840907
sim-sess-0007-04,5000.0,-0.46293548,-0.03080392,1.58139764,-0.04685556,-0.12041131,0.03769344
sim-sess-0007-04,5100.0,-0.46627998,-0.06885574,1.47153378,0.04728785,-0.10837870,0.04853349
sim-sess-0007-04,5200.0,-0.42979277,-0.04272649,1.37051426,0.07270071,-0.09812458,0.07235195
sim-sess-0007-04,5300.0,-0.37663538,0.00375662,1.29862028,0.13005265,-0.12145352,0.04530546
sim-sess-0007-04,5400.0,-0.35550333,-0.03317021,1.20518581,0.16637659,-0.12348382,0.00938769
sim-sess-0007-04,5500.0,-0.30397470,-0.03052079,1.13850442,0.25077598,-0.08885269,0.04220472
sim-sess-0007-04,5600.0,-0.19317016,-0.00717518,1.08425467,0.28064226,-0.05873581,0.03111624
sim-sess-0007-04,5700.0,-0.12056300,-0.03764868,1.03038897,0.29888102,-0.00645484,0.04925472
sim-sess-0007-04,5800.0,0.00472404,-0.01169551,1.01832255,0.27721876,-0.04046935,0.03656614
sim-sess-0007-04,5900.0,0.06899529,-0.00453248,0.99784761,0.30635753,0.01098249,0.05802927
sim-sess-0007-04,6000.0,0.15754810,0.02016912,1.01436243,0.26565967,0.00469777,0.04474560
sim-sess-0007-05,0.0,0.01787344,0.03221574,0.98785284,0.01206643,0.03831463,-0.00098975
sim-sess-0007-05,100.0,-0.00425876,0.04051668,1.01865309,-0.00617743,0.03837792,0.01817782
sim-sess-0007-05,200.0,0.02203645,0.02303550,1.00678171,0.02833178,0.02732813,-0.00423224
sim-sess-0007-05,300.0,0.04749855,0.02243881,0.99385786,0.05458043,-0.00265991,0.00431281
sim-sess-0007-05,400.0,0.03631672,0.01792954,1.03827927,0.01584274,0.01791200,0.01376192
sim-sess-0007-05,500.0,0.05335020,0.01195400,1.05711835,0.04796749,0.01283637,0.02257681
sim-sess-0007-05,600.0,0.03026536,-0.03112620,1.03902410,0.03677004,0.02044700,0.03221488
sim-sess-0007-05,700.0,0.02943427,-0.01715957,1.03624930,0.03474974,-0.00820189,0.03893883
sim-sess-0007-05,800.0,0.01310126,-0.02943732,1.01337434,0.01201666,-0.00239159,0.00671392
sim-sess-0007-05,900.0,0.00514222,-0.02445684,1.00838592,-0.01246651,-0.03163258,0.01296911
sim-sess-0007-05,1000.0,-0.00795766,-0.03038569,0.99971814,-0.03241701,-0.04358216,-0.00040368
sim-sess-0007-05,1100.0,-0.03702684,-0.01334005,0.99673601,-0.03066958,-0.02804372,0.01634358
sim-sess-0007-05,1200.0,-0.06144682,-0.03580142,0.96167836,-0.02558655,-0.02073993,0.02459708
sim-sess-0007-05,1300.0,-0.05302951,-0.02308862,0.98136571,0.00169161,-0.02435306,0.01276436
sim-sess-0007-05,1400.0,-0.04020575,-0.03873717,0.97445417,-0.02763821,-0.03225095,0.00992155
sim-sess-0007-05,1500.0,-0.03088586,-0.01932131,0.97175661,-0.04856984,0.00171617,0.03184963
sim-sess-0007-05,1600.0,-0.04646408,-0.01691602,0.96341044,-0.03338308,-0.02632320,0.02613801
sim-sess-0007-05,1700.0,-0.02951985,-0.00529655,0.95813842,-0.02153480,-0.02955694,0.02436021
sim-sess-0007-05,1800.0,-0.01412774,-0.00464615,0.95702416,-0.01433064,-0.01084078,0.00531044
sim-sess-0007-05,1900.0,0.01572432,0.01243877,0.97562501,-0.01635515,-0.00133674,-0.02536354
sim-sess-0007-05,2000.0,0.02995417,0.02487106,1.00381674,0.00826382,0.02180129,0.00987256
sim-sess-0007-05,2100.0,0.03272156,0.03181665,1.00180994,0.00618537,0.00112829,-0.00504717
sim-sess-0007-05,2200.0,0.04542289,0.02645882,1.01824819,0.03981755,0.02271706,0.00093777
sim-sess-0007-05,2300.0,0.03863819,0.04126423,1.01831709,0.01992748,0.02793496,-0.02745883
sim-sess-0007-05,2400.0,0.03162620,0.02367452,1.03066011,0.04844097,0.02871218,-0.00983469
sim-sess-0007-05,2500.0,0.03659414,0.04911774,1.03029604,0.04412391,0.01390410,-0.02369338
sim-sess-0007-05,2600.0,0.02291489,0.04984728,1.03641718,0.01595986,0.00842204,-0.01657180
sim-sess-0007-05,2700.0,-0.02729218,0.03884375,1.05381716,0.01802468,0.03548421,-0.02440448
sim-sess-0007-05,2800.0,-0.02414306,0.03146520,1.03471589,0.02491137,-0.00358195,0.01961435
sim-sess-0007-05,2900.0,-0.03392689,0.02161590,1.03689728,0.01319972,0.01686229,-0.03109204
sim-sess-0007-05,3000.0,-0.02011803,0.01165682,1.00753565,-0.00272436,0.01019003,0.00488552
sim-sess-0007-05,3100.0,-0.03499122,-0.01117359,0.99397859,-0.02166383,0.00755206,0.00352483
sim-sess-0007-05,3200.0,-0.03930306,-0.01513949,0.96833902,-0.03763927,-0.01985459,0.00753425
sim-sess-0007-05,3300.0,-0.04388314,-0.03267048,0.99025284,-0.00774238,-0.02815682,0.00548424
sim-sess-0007-05,3400.0,-0.02986469,-0.04905023,0.98320393,-0.01857887,-0.03531533,-0.00214538
sim-sess-0007-05,3500.0,-0.02750395,-0.03802905,0.96063277,-0.02894976,-0.03034429,-0.02651623
sim-sess-0007-05,3600.0,-0.01412799,-0.03854697,0.96285566,-0.03626728,-0.02663799,-0.00809402
sim-sess-0007-05,3700.0,0.02395493,-0.04166636,0.96845057,-0.02158062,0.01420159,0.05427238
sim-sess-0007-05,3800.0,0.00532841,-0.01844507,0.98710194,-0.03260891,-0.03554928,0.00459039
sim-sess-0007-05,3900.0,0.02175353,-0.03933378,0.99442447,0.00343129,-0.02210601,0.00281806
sim-sess-0007-05,4000.0,0.04381795,-0.01024706,0.96020637,-0.00502104,-0.01311284,0.03097402
sim-sess-0007-05,4100.0,0.05915035,0.01491138,0.97846028,0.04065477,-0.03130959,0.01554630
sim-sess-0007-05,4200.0,0.03256145,0.00418684,0.97935978,0.02797597,0.00163570,0.04552029
sim-sess-0007-05,4300.0,0.02577087,0.01085788,1.02120611,0.02088616,-0.00719050,0.02448589
sim-sess-0007-05,4400.0,0.02789651,0.01511406,1.02824544,0.04984442,0.00239558,0.03474355
sim-sess-0007-05,4500.0,0.02879513,0.02945883,1.03638502,0.01817478,0.00466620,-0.00294540
sim-sess-0007-05,4600.0,0.00136013,0.02100735,1.03936546,0.02069126,-0.00868688,0.00279124
sim-sess-0007-05,4700.0,-0.00435911,0.04717017,1.03529872,0.01790609,0.02162215,-0.00619669
sim-sess-0007-05,4800.0,-0.04293985,0.03337901,1.01923468,0.01645611,-0.00609181,-0.00523277
sim-sess-0007-05,4900.0,-0.04911088,0.03776682,1.03018594,0.00905121,0.00587095,0.00631557
sim-sess-0007-05,5000.0,-0.04940282,0.03744625,1.02810225,0.00220016,0.00036022,0.00759378
sim-sess-0007-05,5100.0,-0.04987696,0.01250450,1.00202384,0.02890644,0.01871331,-0.01157895
sim-sess-0007-05,5200.0,-0.01301737,0.03900907,1.01072250,0.00137262,0.01832902,-0.00273533
sim-sess-0007-05,5300.0,-0.01723736,0.00071245,0.99790793,-0.03092212,0.02111197,0.02089686
sim-sess-0007-05,5400.0,-0.02828774,-0.01991238,0.98228889,-0.02567508,0.01066210,-0.00510375
sim-sess-0007-05,5500.0,0.01098253,-0.02509384,0.97198238,-0.00845373,-0.00245573,0.02519924
sim-sess-0007-05,5600.0,0.02815390,0.00777250,0.97209956,-0.03801705,-0.00053615,-0.04291562
sim-sess-0007-05,5700.0,0.03036252,-0.04049542,0.95778149,-0.01892216,0.00486360,-0.02600125
sim-sess-0007-05,5800.0,0.03155118,-0.03807169,0.96882726,-0.02700746,-0.01470248,-0.03360959
sim-sess-0007-05,5900.0,0.02864093,-0.04024800,0.97854245,-0.02961398,-0.02594927,-0.02777660
sim-sess-0007-05,6000.0,0.01405232,-0.02793471,0.97767061,0.00696874,0.02222272,-0.03189882
sim-sess-0008-01,0.0,-0.00967764,-0.00056256,0.98967417,0.00939635,0.03448350,-0.00966183
sim-sess-0008-01,100.0,0.00536690,0.00996587,1.00169162,0.00541495,-0.01369268,0.01361953
sim-sess-0008-01,200.0,0.00261576,0.02325552,0.99500791,0.00373644,0.02736863,0.03330891
sim-sess-0008-01,300.0,0.00920803,0.01499538,0.98910924,0.01462992,0.02027650,0.02056752
sim-sess-0008-01,400.0,0.00439761,0.00304333,1.00311049,0.01075305,0.01727453,0.03744110
sim-sess-0008-01,500.0,0.00422471,0.00714069,1.00620976,0.02031091,0.00831187,-0.00027495
sim-sess-0008-01,600.0,0.02304217,-0.01136733,1.01122706,0.00085462,-0.01931592,-0.01582266
sim-sess-0008-01,700.0,0.00124158,0.00487031,1.02499406,0.00610810,0.00453880,0.01630669
sim-sess-0008-01,800.0,0.01077738,-0.00400776,1.02721597,0.01594892,-0.01148736,0.00865153
sim-sess-0008-01,900.0,0.01429722,0.01602096,1.00119022,-0.00637359,0.00754510,0.01052687
sim-sess-0008-01,1000.0,0.02306741,0.00551088,0.99614270,0.02232933,0.01622855,0.01887986
sim-sess-0008-01,1100.0,0.01978002,0.03634491,1.01270669,0.00086046,0.04977037,0.00154568
sim-sess-0008-01,1200.0,0.02604854,0.00583520,1.01148003,0.01767291,0.00608161,0.01606714
sim-sess-0008-01,1300.0,0.00984294,0.00419617,1.00974273,0.02397753,-0.00803975,-0.00712597
sim-sess-0008-01,1400.0,0.00689123,0.02195639,1.02506423,0.00841491,0.01822332,-0.00265967
sim-sess-0008-01,1500.0,0.02931875,-0.00177635,0.99342035,0.02683462,0.02506719,0.00506906
sim-sess-0008-01,1600.0,0.03813116,-0.00571064,1.00753165,0.01166940,0.04338484,0.01332717
sim-sess-0008-01,1700.0,0.01870346,0.00079904,1.01326429,-0.01835444,0.01826120,-0.01215994
sim-sess-0008-01,1800.0,0.02854893,-0.00045777,1.00271567,0.01067553,0.01021136,-0.00860278
sim-sess-0008-01,1900.0,0.01314714,0.01218412,1.01345776,0.01943572,0.01687478,0.00349975
sim-sess-0008-01,2000.0,0.00896130,-0.00358239,1.00401216,0.01979318,0.01052094,0.02750469
sim-sess-0008-01,2100.0,0.02953463,-0.01687477,1.01173876,0.05268068,0.00090969,0.02751647
sim-sess-0008-01,2200.0,-0.01040301,0.00337703,0.98147425,0.01214992,-0.01878977,0.00183981
sim-sess-0008-01,2300.0,0.02024068,-0.02094924,1.01668517,0.03136381,0.01300531,-0.00454010
sim-sess-0008-01,2400.0,0.01578871,0.01106977,0.97667447,-0.00710268,0.02575335,-0.01959852
sim-sess-0008-01,2500.0,-0.00062506,-0.02045053,0.99489413,0.00897106,0.02102012,-0.00262546
sim-sess-0008-01,2600.0,-0.00616956,-0.00908185,0.99475324,0.01913399,0.00523229,0.02660968
sim-sess-0008-01,2700.0,-0.03203223,0.00450749,0.99091596,0.01578383,0.01751259,0.02028451
sim-sess-0008-01,2800.0,0.01215113,-0.03876459,0.99645512,-0.00131006,0.00703439,-0.00175387
sim-sess-0008-01,2900.0,-0.00792842,-0.00314791,1.00050564,0.02163941,-0.00563045,0.00793896
sim-sess-0008-01,3000.0,-0.00285845,-0.01355712,1.00118246,-0.00210589,0.00948263,0.00347832
sim-sess-0008-01,3100.0,-0.01826682,-0.00007278,0.95856182,-0.00456566,0.02109495,0.02025747
sim-sess-0008-01,3200.0,-0.01061591,-0.01508081,0.95301477,0.01941504,0.00295593,0.00970092
sim-sess-0008-01,3300.0,-0.01697715,-0.00178891,0.99804392,0.02693633,-0.01270360,-0.01329577
sim-sess-0008-01,3400.0,-0.00004849,-0.00939004,0.98221475,-0.00405805,0.00962727,0.01816854
sim-sess-0008-01,3500.0,-0.03485273,-0.00985588,0.97449223,0.04127538,0.03041294,0.01455834
sim-sess-0008-01,3600.0,-0.00380181,-0.00421576,0.97839983,0.03268971,-0.00392765,-0.00498592
sim-sess-0008-01,3700.0,-0.00476034,-0.01301998,1.00724492,0.02031901,0.00435347,0.00671106
sim-sess-0008-01,3800.0,-0.02604950,0.00177731,0.99006146,0.03395505,0.00679137,0.01320883
sim-sess-0008-01,3900.0,0.01435023,0.01619826,0.99436943,0.00073686,0.01233635,-0.01205399
sim-sess-0008-01,4000.0,-0.01160696,-0.02241354,0.97460426,0.01556996,0.01221778,-0.00332980
sim-sess-0008-01,4100.0,0.01263917,-0.01876017,0.99385003,-0.00913614,-0.01579439,0.01861890
sim-sess-0008-01,4200.0,-0.02006713,0.02312289,1.00783671,0.00700633,0.02395902,0.00610733
sim-sess-0008-01,4300.0,-0.00844505,0.00903025,0.99971735,-0.00110583,0.03512106,0.03409034
sim-sess-0008-01,4400.0,-0.00758125,0.00424021,1.00235877,0.00856944,0.01003390,0.01635682
sim-sess-0008-01,4500.0,0.00834845,-0.01659308,0.99993116,0.01644420,0.00553046,-0.00272772
sim-sess-0008-01,4600.0,-0.01443816,-0.00951900,0.98489679,0.01949735,0.00591116,0.01829318
sim-sess-0008-01,4700.0,-0.02963082,0.00669481,1.00180753,0.01195262,0.01697657,0.02802348
sim-sess-0008-01,4800.0,0.00667887,-0.01311313,0.98668509,0.02527245,-0.00492503,0.01481422
sim-sess-0008-01,4900.0,-0.00849456,0.00189159,0.98125599,-0.00476543,-0.02364559,0.00571755
sim-sess-0008-01,5000.0,0.00338398,0.00561538,0.98352550,0.00318745,0.01157241,-0.00607477
sim-sess-0008-01,5100.0,-0.00486858,0.01487077,0.98712048,0.03060453,0.03843211,0.02217982
sim-sess-0008-01,5200.0,0.00834990,0.00099903,1.01288128,-0.00408687,0.01438095,0.01206214
sim-sess-0008-01,5300.0,-0.01005723,0.02346340,1.03008201,0.03448404,0.03394059,-0.01864792
sim-sess-0008-01,5400.0,0.00765707,0.02979096,0.99381208,-0.00414996,0.06461725,-0.00020517
sim-sess-0008-01,5500.0,0.02044746,0.01009767,1.00112020,0.02819845,0.03112124,0.01600353
sim-sess-0008-01,5600.0,0.01587246,0.02420182,1.02917671,0.00486609,0.01464180,0.01012911
sim-sess-0008-01,5700.0,-0.00313057,0.01880555,1.01274227,-0.01409797,0.02814125,0.01462178
sim-sess-0008-01,5800.0,0.01147070,0.02454661,1.00052059,0.01501948,0.02458983,-0.00642170
sim-sess-0008-01,5900.0,0.02883308,-0.00031110,1.00496009,0.00411989,0.01395874,0.01313915
sim-sess-0008-01,6000.0,0.01836791,0.00250616,1.01961632,-0.00341891,-0.01795189,0.01928694
sim-sess-0008-02,0.0,0.00662654,0.00838952,1.19266505,0.10322871,0.06214618,0.02347805
sim-sess-0008-02,100.0,0.18752395,0.05378209,1.07080070,0.24939432,0.06655730,0.04165846
sim-sess-0008-02,200.0,0.18716661,0.07761403,0.88575661,0.14085732,0.00082405,0.07087571
sim-sess-0008-02,300.0,-0.01928614,0.07784056,0.81009471,-0.11447230,0.01755005,0.04826585
sim-sess-0008-02,400.0,-0.20185150,0.03917152,0.91633159,-0.21669427,-0.02388566,0.01492803
sim-sess-0008-02,500.0,-0.18171587,0.03012508,1.10656713,-0.09968204,-0.08695941,-0.03673236
sim-sess-0008-02,600.0,0.02426015,-0.00834849,1.18657426,0.10891645,-0.07398658,-0.05797734
sim-sess-0008-02,700.0,0.18134670,-0.05409088,1.06588531,0.25936582,-0.03897623,-0.04282690
sim-sess-0008-02,800.0,0.14602281,-0.07758272,0.85698499,0.11427914,-0.02364319,0.00487735
sim-sess-0008-02,900.0,-0.05320017,-0.06513261,0.80100867,-0.12569168,0.00152863,0.03526124
sim-sess-0008-02,1000.0,-0.21834574,-0.05384420,0.94569932,-0.23616892,0.05708867,0.04368978
sim-sess-0008-02,1100.0,-0.13746462,0.00070461,1.11417393,-0.09263187,0.09167701,0.05523020
sim-sess-0008-02,1200.0,0.06440735,0.06107778,1.19195058,0.14575779,0.06238444,0.01628990
sim-sess-0008-02,1300.0,0.21861239,0.05518363,1.05803049,0.24188315,0.06863478,-0.02294966
sim-sess-0008-02,1400.0,0.14000687,0.07382246,0.86586091,0.07949537,0.03461342,-0.06663870
sim-sess-0008-02,1500.0,-0.07952272,0.08326714,0.80610762,-0.17073354,-0.01289357,-0.04403344
sim-sess-0008-02,1600.0,-0.22903301,0.04246606,0.94192198,-0.22199342,-0.07004829,-0.01713721
sim-sess-0008-02,1700.0,-0.12527404,-0.01206156,1.16086359,-0.08597955,-0.08548369,0.01502676
sim-sess-0008-02,1800.0,0.07594230,-0.05078218,1.16656898,0.19353660,-0.05162690,0.04354852
sim-sess-0008-02,1900.0,0.21276818,-0.06455608,1.03450090,0.23729441,-0.07045576,0.06690171
sim-sess-0008-02,2000.0,0.11023290,-0.08764116,0.84655860,0.02695126,-0.01079640,0.03753110
sim-sess-0008-02,2100.0,-0.07167537,-0.08568841,0.81738376,-0.17541319,0.01878099,-0.01040616
sim-sess-0008-02,2200.0,-0.21697217,-0.03535486,0.99259363,-0.22804471,0.06999328,-0.06353904
sim-sess-0008-02,2300.0,-0.11371866,0.00778936,1.15379290,-0.02749054,0.08282354,-0.07763756
sim-sess-0008-02,2400.0,0.11329983,0.06497871,1.20017229,0.20026571,0.06105250,-0.06431004
sim-sess-0008-02,2500.0,0.21620548,0.06973701,0.99868485,0.22158967,0.06802136,0.01619212
sim-sess-0008-02,2600.0,0.09844108,0.11530591,0.82816044,0.02123098,0.01348151,0.05329843
sim-sess-0008-02,2700.0,-0.10835231,0.07691933,0.82390648,-0.19787879,-0.02080900,0.07725610
sim-sess-0008-02,2800.0,-0.22223168,0.01821206,1.03698556,-0.21180628,-0.06739132,0.03204809
sim-sess-0008-02,2900.0,-0.10204029,-0.02898836,1.15122867,0.02407142,-0.07714622,0.00833059
sim-sess-0008-02,3000.0,0.12179385,-0.05194241,1.16551757,0.21100779,-0.05646137,-0.02871773
sim-sess-0008-02,3100.0,0.20979210,-0.07727944,0.98845471,0.22580641,-0.06035847,-0.07423201
sim-sess-0008-02,3200.0,0.07790879,-0.08680313,0.81624504,-0.01745129,0.01030576,-0.05651972
sim-sess-0008-02,3300.0,-0.12897462,-0.05118941,0.86132586,-0.18852798,0.04449809,-0.00706471
sim-sess-0008-02,3400.0,-0.22793861,-0.01110015,1.03257530,-0.18839519,0.07893487,0.01211144
sim-sess-0008-02,3500.0,-0.06545666,0.00444394,1.18920785,0.04772622,0.09595573,0.05489294
sim-sess-0008-02,3600.0,0.14034012,0.06187849,1.15395272,0.23503639,0.09070452,0.07498231
sim-sess-0008-02,3700.0,0.19821017,0.08873228,0.94116110,0.17876276,0.06393969,0.05761810
sim-sess-0008-02,3800.0,0.06424585,0.06788585,0.82752888,-0.04030264,0.00243224,-0.00932558
sim-sess-0008-02,3900.0,-0.17988564,0.03844168,0.90341585,-0.19835686,-0.05669459,-0.06612088
sim-sess-0008-02,4000.0,-0.20972018,0.04530834,1.04576838,-0.18347055,-0.07152825,-0.05225808
sim-sess-0008-02,4100.0,-0.02958302,-0.01386754,1.18855714,0.04382044,-0.08887498,-0.02596250
sim-sess-0008-02,4200.0,0.18368273,-0.07242988,1.11464954,0.22418209,-0.06613666,0.02679199
sim-sess-0008-02,4300.0,0.20006558,-0.08595343,0.92687094,0.13651793,-0.06610071,0.05012211
sim-sess-0008-02,4400.0,0.01948525,-0.07742396,0.80315160,-0.06755515,0.00367069,0.04721324
sim-sess-0008-02,4500.0,-0.19314839,-0.07989762,0.87668301,-0.21811729,0.06533199,0.04706872
sim-sess-0008-02,4600.0,-0.21080412,-0.02486513,1.08679126,-0.12096518,0.08178964,0.00187190
sim-sess-0008-02,4700.0,-0.02040862,0.03487281,1.20803879,0.09411861,0.09916621,-0.05476403
sim-sess-0008-02,4800.0,0.20976968,0.09025691,1.11380047,0.25392677,0.07023226,-0.06835313
sim-sess-0008-02,4900.0,0.20090767,0.10490213,0.91161964,0.14793179,0.03519816,-0.04609398
sim-sess-0008-02,5000.0,-0.01391684,0.10908481,0.79944456,-0.07304738,0.01847377,0.01046935
sim-sess-0008-02,5100.0,-0.18304229,0.07041051,0.89650882,-0.25330459,-0.06085964,0.02681453
sim-sess-0008-02,5200.0,-0.18971581,0.00798532,1.09962344,-0.17652965,-0.08495921,0.06946304
sim-sess-0008-02,5300.0,0.00640735,-0.01949721,1.18970709,0.12407358,-0.08952010,0.05927943
sim-sess-0008-02,5400.0,0.20595698,-0.05115129,1.07002425,0.27077846,-0.05545654,0.00539576
sim-sess-0008-02,5500.0,0.17683224,-0.07030084,0.87153433,0.14978015,-0.02370432,-0.04588047
sim-sess-0008-02,5600.0,-0.02709879,-0.09395571,0.80808072,-0.11844761,0.01794305,-0.06256914
sim-sess-0008-02,5700.0,-0.18935173,-0.05527914,0.92331069,-0.24019478,0.04908491,-0.06222596
sim-sess-0008-02,5800.0,-0.16733794,0.01492186,1.14056195,-0.13110862,0.06312857,-0.01473918
sim-sess-0008-02,5900.0,0.04081448,0.04864500,1.20282979,0.10458669,0.07991043,0.01399625
sim-sess-0008-02,6000.0,0.20666040,0.04392471,1.06585563,0.23239683,0.05157430,0.06944375
sim-sess-0008-03,0.0,-0.01182808,0.03011441,1.00093459,0.40766145,-0.03054207,0.09787277
sim-sess-0008-03,100.0,0.24196593,0.05403062,1.03672767,0.42878887,0.03275700,0.05200445
sim-sess-0008-03,200.0,0.40342160,0.04136915,1.10757380,0.34582342,0.06003553,0.09717091
sim-sess-0008-03,300.0,0.42002118,0.05948754,1.20716801,0.14702705,0.08402290,0.05241968
sim-sess-0008-03,400.0,0.42342357,0.05027211,1.35627015,-0.00184862,0.09856733,0.02984042
sim-sess-0008-03,500.0,0.31577139,0.01148915,1.49455850,-0.14661318,0.07288445,0.04713496
sim-sess-0008-03,600.0,0.18372350,0.02154388,1.59397175,-0.26681004,0.04031931,0.01143743
sim-sess-0008-03,700.0,0.11912726,-0.01311892,1.69642961,-0.40514957,0.03529829,0.01015703
sim-sess-0008-03,800.0,-0.00349770,-0.04157448,1.72250953,-0.42674512,-0.00663098,-0.00446964
sim-sess-0008-03,900.0,-0.07485000,-0.02856899,1.67025229,-0.43567906,-0.00257409,0.02128585
sim-sess-0008-03,1000.0,-0.18495438,-0.05769032,1.59740621,-0.30652464,-0.09048217,-0.03712859
sim-sess-0008-03,1100.0,-0.31084766,-0.07324236,1.49780180,-0.17796455,-0.08112211,-0.04854207
sim-sess-0008-03,1200.0,-0.41546850,-0.04909775,1.35654278,-0.02858643,-0.08474588,-0.04125989
sim-sess-0008-03,1300.0,-0.46285170,-0.03560889,1.24964279,0.13421811,-0.10372932,-0.05435943
sim-sess-0008-03,1400.0,-0.41279243,-0.02328555,1.12427564,0.32438890,-0.06866595,-0.07121546
sim-sess-0008-03,1500.0,-0.27488781,-0.00345704,1.04025155,0.41662479,-0.04661006,-0.06821436
sim-sess-0008-03,1600.0,-0.03489540,0.02598969,0.99447580,0.42518974,-0.01193187,-0.05690518
sim-sess-0008-03,1700.0,0.21325771,0.05794436,1.01046837,0.38432912,0.04898653,-0.07956337
sim-sess-0008-03,1800.0,0.34562983,0.06042282,1.07346299,0.29339474,0.07361407,-0.06422483
sim-sess-0008-03,1900.0,0.45067062,0.04196737,1.20621726,0.16703860,0.09108037,-0.06206393
sim-sess-0008-03,2000.0,0.41721699,0.05541580,1.32317294,0.05132555,0.11993506,-0.03080231
sim-sess-0008-03,2100.0,0.33443025,0.03206683,1.50387721,-0.13434929,0.09196816,-0.06080286
sim-sess-0008-03,2200.0,0.23319214,0.01832376,1.63259001,-0.30204127,0.08928091,-0.04469512
sim-sess-0008-03,2300.0,0.10039399,-0.01843886,1.68017639,-0.42237366,0.05448992,-0.01007991
sim-sess-0008-03,2400.0,0.03456355,-0.04331639,1.69113936,-0.42251507,0.00589301,-0.00429275
sim-sess-0008-03,2500.0,-0.07795207,-0.03677214,1.72217898,-0.43215061,-0.03819571,0.03002995
sim-sess-0008-03,2600.0,-0.18329923,-0.06673907,1.63490892,-0.35904088,-0.06868976,0.03308135
sim-sess-0008-03,2700.0,-0.28715633,-0.05582641,1.53249677,-0.17436701,-0.07686932,0.02417537
sim-sess-0008-03,2800.0,-0.41436192,-0.04218484,1.38946947,-0.06315878,-0.07311430,0.05238071
sim-sess-0008-03,2900.0,-0.46503077,-0.03200184,1.27712465,0.13345827,-0.08342871,0.05365387
sim-sess-0008-03,3000.0,-0.39997142,0.00751204,1.12258004,0.24689397,-0.09230462,0.06733456
sim-sess-0008-03,3100.0,-0.25958429,0.01048570,1.02146932,0.35433951,-0.02100840,0.10110160
sim-sess-0008-03,3200.0,-0.07385504,0.03822695,0.99319814,0.43064448,0.00182612,0.05695989
sim-sess-0008-03,3300.0,0.17994719,0.04270612,1.00864972,0.41956175,0.03255580,0.08147874
sim-sess-0008-03,3400.0,0.34010608,0.03251903,1.07925534,0.30074896,0.04022747,0.06281102
sim-sess-0008-03,3500.0,0.43476980,0.05854058,1.15876840,0.19860307,0.09066606,0.07548112
sim-sess-0008-03,3600.0,0.42586324,0.05007218,1.33789490,0.06365248,0.09071837,0.07472559
sim-sess-0008-03,3700.0,0.36491824,0.04897083,1.47171822,-0.12721685,0.10977237,0.04614653
sim-sess-0008-03,3800.0,0.21745864,0.00690952,1.58447311,-0.28706394,0.09518339,0.03930173
sim-sess-0008-03,3900.0,0.10004009,-0.02151066,1.64580399,-0.34608918,0.03057317,0.02838087
sim-sess-0008-03,4000.0,0.03538253,-0.04292443,1.71547486,-0.43124172,0.00651813,0.01475115
sim-sess-0008-03,4100.0,-0.05659888,-0.06109386,1.71455253,-0.39389746,-0.02701821,0.01245402
sim-sess-0008-03,4200.0,-0.14311225,-0.06114541,1.62742923,-0.33706896,-0.05966146,-0.03602939
sim-sess-0008-03,4300.0,-0.26583885,-0.04475596,1.54725954,-0.24611281,-0.10135359,-0.03874088
sim-sess-0008-03,4400.0,-0.37071558,-0.02993871,1.40176882,-0.04735025,-0.11061271,-0.05215213
sim-sess-0008-03,4500.0,-0.44611907,-0.02963361,1.26061491,0.11809777,-0.09273468,-0.04311742
sim-sess-0008-03,4600.0,-0.41989914,-0.01803666,1.14885420,0.23701492,-0.07361989,-0.05700953
sim-sess-0008-03,4700.0,-0.32391868,-0.01363744,1.04401663,0.38998585,-0.03818568,-0.06960310
sim-sess-0008-03,4800.0,-0.10240811,0.03131167,1.01862609,0.43590883,-0.01383850,-0.05315214
sim-sess-0008-03,4900.0,0.14727453,0.05058999,1.00359464,0.43512078,0.03149927,-0.05603309
sim-sess-0008-03,5000.0,0.33406616,0.08024884,1.08251828,0.34709487,0.09374241,-0.11371697
sim-sess-0008-03,5100.0,0.42866617,0.05248087,1.17100800,0.19211372,0.08590739,-0.06730251
sim-sess-0008-03,5200.0,0.43667748,0.04274597,1.31534974,0.07904585,0.09132846,-0.06619041
sim-sess-0008-03,5300.0,0.34885936,0.04151443,1.42953889,-0.10362405,0.10753613,-0.03352690
sim-sess-0008-03,5400.0,0.25340782,0.00256293,1.54590654,-0.26256889,0.05802529,-0.02573889
sim-sess-0008-03,5500.0,0.12395941,-0.01316739,1.66085903,-0.36935430,0.04739690,-0.02832022
sim-sess-0008-03,5600.0,0.02687011,-0.04273461,1.67241645,-0.40231597,0.03054523,-0.03122304
sim-sess-0008-03,5700.0,-0.07553677,-0.03369900,1.70127652,-0.41564989,-0.03262318,0.01662570
sim-sess-0008-03,5800.0,-0.15074982,-0.04149428,1.66169263,-0.32734653,-0.05536780,0.03869910
sim-sess-0008-03,5900.0,-0.23725267,-0.05261195,1.54462381,-0.21796078,-0.08570805,0.02440404
sim-sess-0008-03,6000.0,-0.37715813,-0.04680018,1.42581537,-0.08030967,-0.08158375,0.06214248
sim-sess-0008-04,0.0,0.07984434,-0.00641361,1.00817654,0.32159539,-0.00011831,0.05116601
sim-sess-0008-04,100.0,0.17524809,0.01181607,1.01973907,0.33555080,0.02985323,0.04263036
sim-sess-0008-04,200.0,0.29981856,0.03679506,1.05355909,0.28006475,0.05656363,0.03772656
sim-sess-0008-04,300.0,0.36251858,0.03481129,1.09153019,0.23306755,0.08094317,0.06303082
sim-sess-0008-04,400.0,0.40820615,0.03024863,1.16510434,0.15983913,0.11331553,0.03023668
sim-sess-0008-04,500.0,0.47756997,0.04763255,1.25018437,0.10516078,0.09954872,0.02745426
sim-sess-0008-04,600.0,0.49679124,0.04893089,1.30268813,0.03150861,0.14377133,0.04431943
sim-sess-0008-04,700.0,0.49036858,0.06668419,1.42386953,-0.03273322,0.13038568,0.02951165
sim-sess-0008-04,800.0,0.50881918,0.07198496,1.54353882,-0.10466758,0.12522828,0.05341492
sim-sess-0008-04,900.0,0.43091198,0.05383469,1.64283425,-0.14490641,0.13943283,0.01578528
sim-sess-0008-04,1000.0,0.38553113,0.05297180,1.69353826,-0.21335204,0.11581876,0.01869845
sim-sess-0008-04,1100.0,0.31349669,0.08086102,1.81798942,-0.26909458,0.08646017,0.04288572
sim-sess-0008-04,1200.0,0.19934928,0.08428530,1.84601368,-0.29758558,0.06221523,-0.00148731
sim-sess-0008-04,1300.0,0.09948484,0.08958183,1.89122711,-0.32642899,0.07692225,0.02600376
sim-sess-0008-04,1400.0,0.00779557,0.08077162,1.93733429,-0.30808326,0.01687594,-0.00192900
sim-sess-0008-04,1500.0,-0.11146402,0.09390623,1.90274457,-0.30688358,-0.00976502,-0.00557749
sim-sess-0008-04,1600.0,-0.19973656,0.08104511,1.91164067,-0.28071974,-0.03124967,0.00265080
sim-sess-0008-04,1700.0,-0.28321869,0.07720463,1.84859244,-0.26928814,-0.03817057,-0.00334822
sim-sess-0008-04,1800.0,-0.39298956,0.05101817,1.79854248,-0.19986017,-0.06832122,-0.02604412
sim-sess-0008-04,1900.0,-0.43323969,0.09500331,1.75803797,-0.14503437,-0.08894316,-0.02306829
sim-sess-0008-04,2000.0,-0.49545031,0.05047574,1.64127799,-0.11295364,-0.13646493,-0.01596744
sim-sess-0008-04,2100.0,-0.47622125,0.06294593,1.53253516,-0.03088887,-0.13313276,-0.02254504
sim-sess-0008-04,2200.0,-0.52770104,0.04985880,1.48032096,0.05531870,-0.13398302,-0.03371812
sim-sess-0008-04,2300.0,-0.49186846,0.04202332,1.41575610,0.09661217,-0.12436636,-0.04181778
sim-sess-0008-04,2400.0,-0.43606550,0.02019347,1.25663538,0.14642947,-0.09243672,-0.05688035
sim-sess-0008-04,2500.0,-0.34358279,0.03052943,1.19425572,0.20266170,-0.13850597,-0.02519413
sim-sess-0008-04,2600.0,-0.28495859,0.05085833,1.11785664,0.29554966,-0.09677895,-0.04115190
sim-sess-0008-04,2700.0,-0.18762631,0.01190938,1.05118534,0.31597786,-0.07585172,-0.04066131
sim-sess-0008-04,2800.0,-0.08718260,0.02277536,0.99998633,0.32110591,-0.05625739,-0.06264570
sim-sess-0008-04,2900.0,0.01565750,0.00024421,1.00977246,0.35609305,-0.00645693,-0.08293994
sim-sess-0008-04,3000.0,0.16835955,-0.00613228,0.98640123,0.34318977,0.00879447,-0.05927732
sim-sess-0008-04,3100.0,0.24634945,-0.02039816,1.01264363,0.27934547,0.04101790,-0.04566661
sim-sess-0008-04,3200.0,0.31932864,-0.02411896,1.06312062,0.26042404,0.09216829,-0.04516590
sim-sess-0008-04,3300.0,0.39793195,-0.02397642,1.13132177,0.22799252,0.08420670,-0.05854444
sim-sess-0008-04,3400.0,0.46496661,-0.04318101,1.19947754,0.14095528,0.09399001,-0.05915743
sim-sess-0008-04,3500.0,0.51039256,-0.05664631,1.30379236,0.08977580,0.14768882,-0.05261660
sim-sess-0008-04,3600.0,0.48893175,-0.03679656,1.35813619,0.01373365,0.14439621,-0.04245384
sim-sess-0008-04,3700.0,0.50906713,-0.04052638,1.49762347,-0.07893726,0.12037281,-0.06708419
sim-sess-0008-04,3800.0,0.46111243,-0.06392555,1.56134285,-0.13128540,0.12360733,-0.05155155
sim-sess-0008-04,3900.0,0.40302739,-0.05963200,1.67360408,-0.19540142,0.12023795,-0.01852024
sim-sess-0008-04,4000.0,0.34608586,-0.06871694,1.77886006,-0.25101101,0.07221012,-0.04526288
sim-sess-0008-04,4100.0,0.24873770,-0.08041324,1.84816180,-0.29745802,0.07481640,-0.04059277
sim-sess-0008-04,4200.0,0.14279052,-0.09540517,1.89171267,-0.32364082,0.03602461,-0.01693704
sim-sess-0008-04,4300.0,0.03665766,-0.07851226,1.94042536,-0.33133337,0.00648394,-0.02744595
sim-sess-0008-04,4400.0,-0.06762114,-0.07152454,1.93337963,-0.33548918,0.00939467,0.00871003
sim-sess-0008-04,4500.0,-0.15246392,-0.08187113,1.90361231,-0.29638816,-0.02911569,-0.00019271
sim-sess-0008-04,4600.0,-0.25977751,-0.09192237,1.93469021,-0.30497966,-0.06130666,0.02044605
sim-sess-0008-04,4700.0,-0.32333523,-0.09001516,1.82799960,-0.21445533,-0.08394210,0.02812305
sim-sess-0008-04,4800.0,-0.40034488,-0.08830515,1.75310602,-0.19030822,-0.06998069,0.05542763
sim-sess-0008-04,4900.0,-0.45803730,-0.09014296,1.67693853,-0.12571971,-0.11740383,0.03737011
sim-sess-0008-04,5000.0,-0.47293332,-0.05914397,1.59486941,-0.01439024,-0.10975601,0.04571383
sim-sess-0008-04,5100.0,-0.51603392,-0.08155600,1.48337362,0.00751669,-0.12690579,0.02782377
sim-sess-0008-04,5200.0,-0.51969710,-0.05325580,1.45551709,0.09499269,-0.12543005,0.03881381
sim-sess-0008-04,5300.0,-0.46238105,-0.04788928,1.33416594,0.14973142,-0.14654471,0.05595828
sim-sess-0008-04,5400.0,-0.39446707,-0.04755560,1.20591084,0.19394007,-0.12662070,0.03139427
sim-sess-0008-04,5500.0,-0.30292787,-0.02842806,1.15760817,0.26783543,-0.11743997,0.03849926
sim-sess-0008-04,5600.0,-0.22529588,-0.01010927,1.09414283,0.27795468,-0.06476565,0.06531390
sim-sess-0008-04,5700.0,-0.09990970,-0.00684180,1.04109272,0.30919495,-0.04426444,0.05379486
sim-sess-0008-04,5800.0,-0.01358816,-0.02592507,1.01732320,0.32476564,-0.01111353,0.06564412
sim-sess-0008-04,5900.0,0.10112868,-0.00266793,1.00156357,0.32042142,-0.00550755,0.04653115
sim-sess-0008-04,6000.0,0.19435505,0.00592543,1.00164306,0.28794191,0.03763173,0.03797234
sim-sess-0008-05,0.0,-0.01291679,0.04347442,1.01046441,-0.00949260,0.01734671,0.01278872
sim-sess-0008-05,100.0,0.00993781,0.01941322,1.02916055,0.01515484,0.00381860,0.01285322
sim-sess-0008-05,200.0,0.01941249,0.05093159,1.02962675,0.01789047,0.03925419,0.01696171
sim-sess-0008-05,300.0,0.04435874,0.04911446,1.02494524,0.04354098,0.04438490,-0.00504968
sim-sess-0008-05,400.0,0.06401645,0.00794941,1.03335643,0.06124020,-0.01232971,-0.00113126
sim-sess-0008-05,500.0,0.03833599,0.00825225,1.03349900,0.03145402,-0.01540151,0.01945414
sim-sess-0008-05,600.0,0.05502877,-0.01979915,1.02688968,0.02259827,0.01132940,0.00334986
sim-sess-0008-05,700.0,0.04002886,-0.01726137,1.03124337,0.03292247,-0.01067373,0.01384696
sim-sess-0008-05,800.0,0.02894658,-0.03257706,1.03380760,0.02687890,-0.01358384,0.04182681
sim-sess-0008-05,900.0,-0.00231603,-0.01281158,1.02088887,-0.00068752,-0.00250390,0.00768924
sim-sess-0008-05,1000.0,-0.03280300,-0.02034099,1.00881386,0.03216826,-0.04165628,0.00912850
sim-sess-0008-05,1100.0,-0.02886966,-0.06131191,0.98719783,-0.00010928,-0.00441504,0.00703743
sim-sess-0008-05,1200.0,-0.02863730,-0.05525759,0.97239854,0.01742780,-0.02357042,-0.00017222
sim-sess-0008-05,1300.0,-0.04945995,-0.02655959,0.97632108,-0.03783804,-0.04724584,0.00179147
sim-sess-0008-05,1400.0,-0.04099912,-0.01992743,0.94485616,-0.03199398,-0.01418504,0.00990767
sim-sess-0008-05,1500.0,-0.04576590,-0.02940581,0.97679408,-0.06236346,-0.02736273,0.00493181
sim-sess-0008-05,1600.0,-0.05192195,0.00146087,0.96314147,-0.03508705,-0.03690463,0.00023444
sim-sess-0008-05,1700.0,-0.01691214,-0.00119140,0.97021711,-0.02730924,0.00560277,-0.00364030
sim-sess-0008-05,1800.0,0.01878806,-0.00090536,0.98076984,-0.02281672,-0.01154817,-0.00959411
sim-sess-0008-05,1900.0,0.02539971,0.01380702,0.99108620,-0.03461323,-0.00833970,-0.00922045
sim-sess-0008-05,2000.0,0.02249832,0.03542544,0.98292504,-0.00498825,-0.00280243,-0.00244844
sim-sess-0008-05,2100.0,0.03896568,0.03201734,0.97271193,0.00211073,-0.01355215,-0.00016123
sim-sess-0008-05,2200.0,0.04577452,0.01764442,1.02793272,0.02289836,0.03373163,-0.04026177
sim-sess-0008-05,2300.0,0.04913045,0.01744757,1.04467065,0.04465099,0.02317555,-0.02339013
sim-sess-0008-05,2400.0,0.02796938,0.03126014,1.02821645,0.03027896,0.04265022,-0.04195050
sim-sess-0008-05,2500.0,0.05719994,0.04366542,1.03539172,0.05993667,0.00383633,-0.02854678
sim-sess-0008-05,2600.0,0.03229143,0.03382334,1.02275722,0.00597327,0.03279013,-0.01477098
sim-sess-0008-05,2700.0,0.00592027,0.00481344,1.02753891,0.03820165,0.03055167,0.00508222
sim-sess-0008-05,2800.0,-0.00187861,0.00702486,1.03779430,0.00580753,0.01320894,-0.03257373
sim-sess-0008-05,2900.0,-0.02483104,0.00915306,1.00621941,0.00553053,0.00658440,-0.03326761
sim-sess-0008-05,3000.0,-0.01372856,-0.02328029,1.01222625,-0.00629493,0.00677369,0.00161649
sim-sess-0008-05,3100.0,-0.05135496,-0.01888178,1.01075354,-0.00450276,-0.01753830,-0.00813545
sim-sess-0008-05,3200.0,-0.04720450,-0.02831950,1.00109008,-0.01639393,-0.00680135,-0.01314061
sim-sess-0008-05,3300.0,-0.06365099,-0.04381238,0.97478219,-0.06519422,-0.03290826,0.00436401
sim-sess-0008-05,3400.0,-0.03872887,-0.02109227,0.96996619,-0.04752817,-0.00619138,-0.00928626
sim-sess-0008-05,3500.0,-0.02956171,-0.02313661,0.96796863,-0.03919164,0.00583109,0.01558610
sim-sess-0008-05,3600.0,-0.00928487,-0.02156871,0.97202002,-0.04949579,-0.02634316,0.00923418
sim-sess-0008-05,3700.0,0.00452646,-0.04320249,0.98750695,-0.03377019,-0.01729043,0.00489097
sim-sess-0008-05,3800.0,0.02459920,-0.05816899,0.96980316,-0.03939652,-0.01593104,0.00156529
sim-sess-0008-05,3900.0,0.03205247,-0.04387068,0.96840943,-0.00407217,-0.02885905,0.04232395
sim-sess-0008-05,4000.0,0.05293978,-0.01067845,0.99029921,0.00281354,-0.01845907,0.03425331
sim-sess-0008-05,4100.0,0.06537819,0.01325461,1.00259218,0.01995475,0.00595829,0.03091992
sim-sess-0008-05,4200.0,0.04498570,-0.01566634,1.01614243,0.03776014,-0.00052526,0.06115442
sim-sess-0008-05,4300.0,0.03954678,0.03356635,1.02375597,0.02828331,0.00238735,0.02132160
sim-sess-0008-05,4400.0,0.01368279,0.02786724,1.03474723,0.03218455,0.01048643,0.02876251
sim-sess-0008-05,4500.0,0.02469218,0.04929671,1.02807179,0.04196995,-0.01899111,0.00671864
sim-sess-0008-05,4600.0,-0.01227758,0.03779450,1.02089875,0.06345553,-0.00576578,0.01737789
sim-sess-0008-05,4700.0,-0.02507744,0.02166141,1.03785216,0.03959088,0.01070614,0.00720437
sim-sess-0008-05,4800.0,-0.04215238,0.03193196,1.04355377,0.05418254,0.00742356,-0.00146968
sim-sess-0008-05,4900.0,-0.02848829,0.02466342,1.04087377,0.02349927,0.03145448,-0.01786276
sim-sess-0008-05,5000.0,-0.03325452,0.03713525,1.03754769,-0.00958877,0.03542109,0.00492884
sim-sess-0008-05,5100.0,-0.04240600,0.01947180,0.99822365,-0.01103811,0.02861227,-0.00714006
sim-sess-0008-05,5200.0,-0.03741619,0.02285796,0.98783802,-0.03836293,-0.00503893,-0.00558647
sim-sess-0008-05,5300.0,-0.02017302,-0.00334120,1.00299436,-0.01413920,0.03577262,-0.02115605
sim-sess-0008-05,5400.0,-0.00721116,-0.00516841,0.98559405,-0.03293345,0.03874612,-0.03097036
sim-sess-0008-05,5500.0,-0.00319104,-0.02201920,0.94975371,-0.00680833,0.00333376,-0.04433505
sim-sess-0008-05,5600.0,0.00894707,-0.04984237,0.98633913,-0.04160112,0.01756971,-0.02942290
sim-sess-0008-05,5700.0,0.05055192,-0.03075792,0.96212893,-0.02098137,0.01481704,-0.04647089
sim-sess-0008-05,5800.0,0.06660684,-0.03498865,0.94878882,-0.02493629,-0.02111622,-0.02881135
sim-sess-0008-05,5900.0,0.05477752,-0.03774772,0.96952303,0.01720821,-0.00843685,-0.03053414
sim-sess-0008-05,6000.0,0.04082238,-0.02756238,0.96756553,-0.00612244,0.00238346,-0.03357010
sim-sess-0009-01,0.0,-0.01295122,0.02290723,0.97818924,0.01004153,0.00549595,0.01680330
sim-sess-0009-01,100.0,-0.00309415,0.00268900,1.00468829,0.00769170,0.00763562,-0.00185056
sim-sess-0009-01,200.0,0.01331505,0.02742127,1.02200299,-0.00365147,0.01993537,0.01670316
sim-sess-0009-01,300.0,-0.01408860,0.01158658,0.98878209,0.01321193,0.01388614,-0.00977136
sim-sess-0009-01,400.0,0.00902546,0.00054631,1.01001812,0.01324343,0.00116799,-0.00346832
sim-sess-0009-01,500.0,0.00322852,0.00964581,1.01020455,0.01038540,0.02711194,0.00464929
sim-sess-0009-01,600.0,0.02479348,0.00185327,1.01669642,0.00419100,-0.00343733,0.00620065
sim-sess-0009-01,700.0,0.03078923,0.01407470,1.01496750,0.03526117,0.01652044,-0.01480083
sim-sess-0009-01,800.0,0.00491800,0.02178045,1.03486092,0.00691435,0.01980553,0.01943266
sim-sess-0009-01,900.0,0.01547387,-0.00741723,0.99424254,0.02348938,0.03041829,-0.00231065
sim-sess-0009-01,1000.0,0.00958733,0.00454174,1.01766905,0.01223376,0.02449963,0.01601267
sim-sess-0009-01,1100.0,0.02662335,-0.00470187,1.01715761,0.00030989,0.00502649,0.02745088
sim-sess-0009-01,1200.0,0.02108500,0.00534129,1.04263111,0.02763868,-0.01569710,0.01829925
sim-sess-0009-01,1300.0,0.00611988,0.01802232,0.99906746,0.00408185,-0.00007754,0.02420257
sim-sess-0009-01,1400.0,0.01150885,-0.00334894,1.01340199,-0.01372669,0.01275459,0.01861571
sim-sess-0009-01,1500.0,0.00047591,0.01354866,1.02124983,0.01631265,0.00207077,0.00434245
sim-sess-0009-01,1600.0,0.01167659,0.01110552,1.01173932,0.03269906,0.01566503,-0.02906813
sim-sess-0009-01,1700.0,-0.00195553,-0.01780863,1.02146672,0.01548299,0.00322971,-0.00306984
sim-sess-0009-01,1800.0,0.02552319,-0.01988488,1.01720647,0.00371335,-0.00258084,0.00018938
sim-sess-0009-01,1900.0,0.00278480,-0.01851035,1.00996551,0.02231490,0.01578636,0.00606101
sim-sess-0009-01,2000.0,0.01687422,0.00603682,0.98396453,0.01455983,-0.01129827,0.04451915
sim-sess-0009-01,2100.0,0.02379094,-0.01852080,1.01431490,-0.01854574,0.01567848,0.00379997
sim-sess-0009-01,2200.0,0.00824310,-0.01207584,0.99506517,0.02600065,-0.01885952,0.01184514
sim-sess-0009-01,2300.0,-0.00690516,-0.01040594,0.99514692,-0.00899850,-0.00283078,0.03731377
sim-sess-0009-01,2400.0,0.00064324,-0.00821316,0.99733453,0.00077900,0.02102663,0.01461085
sim-sess-0009-01,2500.0,-0.00661347,0.00359973,1.00366284,0.01614467,0.02077592,-0.01502604
sim-sess-0009-01,2600.0,-0.01033383,-0.02229241,0.99682270,0.00689494,0.00394637,-0.00079371
sim-sess-0009-01,2700.0,0.00489834,-0.00202148,1.01401201,0.03286864,0.01642419,0.01078378
sim-sess-0009-01,2800.0,0.00449783,-0.01696790,0.98532018,0.00893828,-0.00247060,-0.01064170
sim-sess-0009-01,2900.0,-0.01542582,-0.02093805,0.99386627,-0.01330515,0.01447119,0.01382658
sim-sess-0009-01,3000.0,-0.01719345,-0.02760868,0.97024343,0.01670765,0.02597638,-0.01808371
sim-sess-0009-01,3100.0,0.00631463,-0.01873226,0.97951399,0.00599003,0.02688941,0.00423391
sim-sess-0009-01,3200.0,-0.01787006,-0.01902698,0.98476395,-0.00737819,-0.00203275,0.00821713
sim-sess-0009-01,3300.0,0.00940338,-0.04072495,1.00986643,-0.01427445,0.01569508,0.02182517
sim-sess-0009-01,3400.0,-0.00342932,-0.01302048,0.96906972,-0.01280039,0.01066327,0.01336627
sim-sess-0009-01,3500.0,-0.01006627,-0.01493877,0.97871089,0.00460661,0.00011913,-0.00253733
sim-sess-0009-01,3600.0,-0.00946611,-0.00770833,0.98110739,0.01155096,0.01718265,-0.02308055
sim-sess-0009-01,3700.0,-0.01902729,-0.00922179,1.00252464,-0.00480852,-0.00279496,0.01786496
sim-sess-0009-01,3800.0,-0.03003476,0.00016106,0.97795249,0.01635677,0.01746248,0.01807978
sim-sess-0009-01,3900.0,-0.02330751,-0.01893925,0.98481731,0.00641446,0.00727055,0.01358478
sim-sess-0009-01,4000.0,-0.01931144,0.00238033,0.99893277,-0.00143081,0.01472304,0.00679712
sim-sess-0009-01,4100.0,-0.00867163,-0.01357413,0.98652432,0.02141587,0.01411747,0.00373820
sim-sess-0009-01,4200.0,-0.01913191,0.02089194,1.00063473,0.03847443,-0.00644492,0.00767881
sim-sess-0009-01,4300.0,0.01003215,0.00645511,0.97777758,0.01950603,-0.00591492,0.00359779
sim-sess-0009-01,4400.0,-0.00255611,-0.01170968,1.02667307,0.00362758,0.00380376,-0.01032227
sim-sess-0009-01,4500.0,-0.00787424,0.00520226,1.01022007,-0.02778796,0.02606487,0.00974703
sim-sess-0009-01,4600.0,-0.00873301,-0.00163068,0.99081812,-0.00386960,-0.01026191,0.02403420
sim-sess-0009-01,4700.0,-0.00995406,-0.00607986,1.00596619,-0.00288477,0.00713561,-0.00539404
sim-sess-0009-01,4800.0,-0.00922549,0.00597284,1.01038076,0.00556908,-0.00325364,0.01881950
sim-sess-0009-01,4900.0,-0.01042764,0.03905590,1.00351758,-0.00048318,0.01729098,0.00312144
sim-sess-0009-01,5000.0,-0.00205444,0.01373435,1.01698473,-0.01731460,0.02468521,0.03029569
sim-sess-0009-01,5100.0,0.01463978,0.01889430,1.02451229,-0.00508970,0.00362142,0.04192059
sim-sess-0009-01,5200.0,0.01656160,0.02075986,1.00962988,0.03766897,0.02206945,-0.00993468
sim-sess-0009-01,5300.0,-0.00753110,0.00459139,1.00228444,0.01438407,0.01489435,-0.00744626
sim-sess-0009-01,5400.0,0.00357217,0.00221959,1.01869446,0.00062111,0.02941996,-0.00096064
sim-sess-0009-01,5500.0,0.01210732,-0.00957296,1.01670284,-0.00857000,0.02159797,0.00439786
sim-sess-0009-01,5600.0,-0.00596869,0.02251297,1.00985954,0.01135743,0.02010674,0.02360971
sim-sess-0009-01,5700.0,0.00551739,0.02208953,1.01951577,0.02028098,0.02184183,0.00481717
sim-sess-0009-01,5800.0,0.03106230,0.00465211,1.00200471,-0.01059397,0.02416882,0.01619526
sim-sess-0009-01,5900.0,0.00542931,0.00399626,1.00743977,0.01330070,0.01656612,0.03335667
sim-sess-0009-01,6000.0,0.02221280,0.00084141,1.02872226,0.01356869,0.01877080,0.02435261
sim-sess-0009-02,0.0,0.00282891,0.03450199,1.17456210,0.09296620,0.10761181,0.00889148
sim-sess-0009-02,100.0,0.15613966,0.06642003,1.08374202,0.19022823,0.06722301,0.05080245
sim-sess-0009-02,200.0,0.18438702,0.08878642,0.89426565,0.15379367,0.05065220,0.05111253
sim-sess-0009-02,300.0,-0.01663678,0.06936753,0.81899787,-0.11403519,0.00549080,0.06182802
sim-sess-0009-02,400.0,-0.18868875,0.03823009,0.93792471,-0.25733229,-0.02397472,-0.00703402
sim-sess-0009-02,500.0,-0.14421725,0.00152067,1.10181551,-0.12957014,-0.10216496,-0.04340262
sim-sess-0009-02,600.0,0.03938271,-0.01267058,1.19096389,0.11667702,-0.08781184,-0.07967622
sim-sess-0009-02,700.0,0.19836430,-0.05915679,1.06090321,0.21778488,-0.05678134,-0.04149068
sim-sess-0009-02,800.0,0.18782266,-0.07681788,0.88153317,0.11587487,-0.05091964,-0.02414099
sim-sess-0009-02,900.0,-0.02939265,-0.08480734,0.80312906,-0.13217548,-0.00229568,0.04118451
sim-sess-0009-02,1000.0,-0.20072530,-0.04386930,0.94590509,-0.25627848,0.04902040,0.05532058
sim-sess-0009-02,1100.0,-0.16387421,0.00244853,1.13850276,-0.08521652,0.05045254,0.01558838
sim-sess-0009-02,1200.0,0.06521600,0.03181346,1.18734935,0.09436451,0.06911107,-0.00056288
sim-sess-0009-02,1300.0,0.20542627,0.06627234,1.04431550,0.22231437,0.06610048,-0.02503623
sim-sess-0009-02,1400.0,0.14686088,0.08985715,0.86927591,0.08615831,0.03652968,-0.06330909
sim-sess-0009-02,1500.0,-0.06491422,0.08661079,0.84303146,-0.15215595,-0.01042266,-0.07664130
sim-sess-0009-02,1600.0,-0.22229378,0.05212512,0.98175664,-0.24638250,-0.07026096,-0.05799817
sim-sess-0009-02,1700.0,-0.14203956,0.00415490,1.14485323,-0.08471682,-0.08086089,0.01659604
sim-sess-0009-02,1800.0,0.07454107,-0.04030056,1.18239425,0.16960469,-0.07637347,0.04715657
sim-sess-0009-02,1900.0,0.20297456,-0.05501064,1.04087874,0.25386388,-0.05712977,0.06868797
sim-sess-0009-02,2000.0,0.13341199,-0.08460859,0.85487581,0.06594276,-0.03607257,0.03829846
sim-sess-0009-02,2100.0,-0.08377303,-0.06271552,0.84845736,-0.18417452,-0.02888759,-0.01389869
sim-sess-0009-02,2200.0,-0.20417019,-0.03699521,0.98119899,-0.21280562,0.05658049,-0.06559566
sim-sess-0009-02,2300.0,-0.11672378,0.00006298,1.15035442,-0.00720640,0.07710242,-0.05982418
sim-sess-0009-02,2400.0,0.11990603,0.04668690,1.16523578,0.19776179,0.09429308,-0.05471441
sim-sess-0009-02,2500.0,0.19377190,0.06616032,0.98921990,0.24691292,0.09623081,0.01673109
sim-sess-0009-02,2600.0,0.10487369,0.09014844,0.82644042,0.01749324,0.01802297,0.04121942
sim-sess-0009-02,2700.0,-0.11382913,0.04489518,0.80967904,-0.20656475,-0.03222269,0.07383866
sim-sess-0009-02,2800.0,-0.23924922,0.01613336,1.02475153,-0.22210269,-0.08115955,0.05819082
sim-sess-0009-02,2900.0,-0.09563345,-0.02658388,1.16355245,-0.03034259,-0.08951157,0.00050263
sim-sess-0009-02,3000.0,0.11332994,-0.05088543,1.13597773,0.20106883,-0.07973276,-0.03993984
sim-sess-0009-02,3100.0,0.20752636,-0.08005821,0.97150963,0.16905851,-0.01927968,-0.05675471
sim-sess-0009-02,3200.0,0.09343402,-0.08231690,0.81175115,-0.01098296,-0.02034517,-0.04815534
sim-sess-0009-02,3300.0,-0.13552157,-0.06567550,0.82913874,-0.19933914,0.03361161,-0.01441415
sim-sess-0009-02,3400.0,-0.21155008,-0.02516016,1.02701747,-0.16089129,0.05520966,0.04037097
sim-sess-0009-02,3500.0,-0.08859521,0.01541131,1.17560585,0.02414438,0.09360890,0.08684307
sim-sess-0009-02,3600.0,0.14256600,0.02305893,1.12745482,0.22839487,0.07309249,0.04235729
sim-sess-0009-02,3700.0,0.22815025,0.09016728,0.94599224,0.19009528,0.04572693,0.03753819
sim-sess-0009-02,3800.0,0.01879194,0.06920059,0.81375474,-0.01701809,0.01155534,-0.05551225
sim-sess-0009-02,3900.0,-0.16828363,0.05594356,0.88092215,-0.21922897,-0.06142323,-0.05530310
sim-sess-0009-02,4000.0,-0.20685716,0.00975114,1.07584905,-0.20812182,-0.07486318,-0.05275077
sim-sess-0009-02,4100.0,-0.04599210,-0.01449221,1.16194145,0.04869101,-0.07881846,-0.05506255
sim-sess-0009-02,4200.0,0.17118866,-0.05088735,1.10608043,0.22107075,-0.08113631,0.01400800
sim-sess-0009-02,4300.0,0.21601647,-0.08280007,0.93166508,0.18732084,-0.05457366,0.02853910
sim-sess-0009-02,4400.0,0.02357798,-0.07250592,0.84316218,-0.07009262,-0.03320525,0.05252006
sim-sess-0009-02,4500.0,-0.17769943,-0.05270384,0.88506741,-0.22305628,0.01655147,0.05057352
sim-sess-0009-02,4600.0,-0.20289029,-0.00656544,1.08791605,-0.15913877,0.08481549,-0.01712026
sim-sess-0009-02,4700.0,-0.02844993,0.02931699,1.17128703,0.07346378,0.09312381,-0.05266547
sim-sess-0009-02,4800.0,0.20252147,0.06478625,1.09177078,0.20408483,0.05902895,-0.07267308
sim-sess-0009-02,4900.0,0.17995654,0.08899532,0.91272636,0.12982641,0.04500846,-0.04289033
sim-sess-0009-02,5000.0,-0.00148951,0.07243698,0.82209514,-0.06594884,-0.01453394,0.01490312
sim-sess-0009-02,5100.0,-0.16585291,0.07550720,0.89737395,-0.22144115,-0.03974484,0.03650184
sim-sess-0009-02,5200.0,-0.19301135,0.02688328,1.09301810,-0.11512344,-0.06680392,0.04186689
sim-sess-0009-02,5300.0,0.03278676,-0.02602575,1.18366266,0.10909286,-0.10437342,0.03625501
sim-sess-0009-02,5400.0,0.17622145,-0.06458581,1.09826943,0.23992044,-0.07733791,0.00388020
sim-sess-0009-02,5500.0,0.17530397,-0.09641635,0.89182847,0.11775440,-0.03069497,-0.03805775
sim-sess-0009-02,5600.0,-0.03358201,-0.07645020,0.80717263,-0.09844772,0.00591384,-0.04546352
sim-sess-0009-02,5700.0,-0.17864721,-0.03759341,0.93720100,-0.24459467,0.05122343,-0.04961571
sim-sess-0009-02,5800.0,-0.15745713,-0.02458089,1.11314978,-0.10400468,0.08120172,0.00070743
sim-sess-0009-02,5900.0,0.04097236,0.03081978,1.18248417,0.13386379,0.08106639,0.01969243
sim-sess-0009-02,6000.0,0.19692814,0.07198137,1.06765431,0.19127467,0.09988578,0.06296328
sim-sess-0009-03,0.0,-0.01680137,0.02544739,1.01483953,0.42577383,-0.01566739,0.09476792
sim-sess-0009-03,100.0,0.22298404,0.03444005,1.04048728,0.41584015,0.05431525,0.09093919
sim-sess-0009-03,200.0,0.38595575,0.05146240,1.08795683,0.29141636,0.06561834,0.05821595
sim-sess-0009-03,300.0,0.45282862,0.05828664,1.21451372,0.16369303,0.07311882,0.04757514
sim-sess-0009-03,400.0,0.40490636,0.04968068,1.35112229,0.01098358,0.09188132,0.08714192
sim-sess-0009-03,500.0,0.30713650,0.02023074,1.47016924,-0.14738131,0.09209665,0.03877262
sim-sess-0009-03,600.0,0.20923812,-0.00700805,1.60386532,-0.30278988,0.07548958,-0.00035954
sim-sess-0009-03,700.0,0.10080428,-0.00920766,1.67025573,-0.37510201,0.04344908,0.00608549
sim-sess-0009-03,800.0,0.02434666,-0.03452597,1.72518351,-0.43521368,0.02558288,-0.00464042
sim-sess-0009-03,900.0,-0.07335987,-0.04023419,1.67652375,-0.43057830,-0.06917902,-0.01616689
sim-sess-0009-03,1000.0,-0.17632579,-0.06829598,1.64959710,-0.31098048,-0.06707085,-0.04861913
sim-sess-0009-03,1100.0,-0.30119911,-0.05447779,1.51789909,-0.19581598,-0.07026739,-0.05461120
sim-sess-0009-03,1200.0,-0.40145513,-0.03626267,1.36738968,0.01044046,-0.08333765,-0.04157662
sim-sess-0009-03,1300.0,-0.42983425,-0.02917712,1.26160916,0.14883675,-0.09538832,-0.03802428
sim-sess-0009-03,1400.0,-0.38278867,-0.02290151,1.13142152,0.29612677,-0.09258431,-0.06941327
sim-sess-0009-03,1500.0,-0.25364017,-0.00376172,1.01982095,0.37394698,-0.05198057,-0.07863996
sim-sess-0009-03,1600.0,-0.01551965,0.04855200,1.02313596,0.42769361,-0.03297000,-0.05066446
sim-sess-0009-03,1700.0,0.18366933,0.05044513,1.03000736,0.41204879,0.02909955,-0.08066171
sim-sess-0009-03,1800.0,0.36732544,0.06047206,1.08597979,0.33290585,0.04133292,-0.07516153
sim-sess-0009-03,1900.0,0.43954001,0.05828901,1.18193384,0.18868423,0.06148189,-0.04986654
sim-sess-0009-03,2000.0,0.40937070,0.04699213,1.34714474,0.02290089,0.08281371,-0.04829207
sim-sess-0009-03,2100.0,0.31542899,0.00009826,1.48279527,-0.14806228,0.12392535,-0.02233321
sim-sess-0009-03,2200.0,0.20173263,-0.00974069,1.57254850,-0.25881452,0.06465621,-0.03190180
sim-sess-0009-03,2300.0,0.10327719,-0.02572252,1.67925774,-0.38037739,0.02570938,-0.00629389
sim-sess-0009-03,2400.0,0.03223814,-0.03800409,1.71324077,-0.44505619,0.00210458,-0.01926587
sim-sess-0009-03,2500.0,-0.07402577,-0.03632812,1.69241242,-0.39148843,-0.02506331,0.02321084
sim-sess-0009-03,2600.0,-0.16608852,-0.05697994,1.60181156,-0.34658171,-0.06882518,0.01688593
sim-sess-0009-03,2700.0,-0.26849462,-0.03586595,1.52553864,-0.18782968,-0.06632677,0.04440283
sim-sess-0009-03,2800.0,-0.37657296,-0.05310010,1.35657650,-0.06596487,-0.08947208,0.05028164
sim-sess-0009-03,2900.0,-0.43907243,-0.02552762,1.23540372,0.13629213,-0.08051659,0.07823945
sim-sess-0009-03,3000.0,-0.40472933,-0.02927293,1.14496097,0.27952098,-0.07316227,0.10222526
sim-sess-0009-03,3100.0,-0.26722561,0.01312000,1.05625381,0.39818305,-0.07884751,0.06781410
sim-sess-0009-03,3200.0,-0.07489782,0.03521987,1.00141330,0.46041734,-0.02669973,0.05282303
sim-sess-0009-03,3300.0,0.13203453,0.04366096,1.01987315,0.40508278,0.03251745,0.07430430
sim-sess-0009-03,3400.0,0.36625579,0.04739463,1.08406300,0.33972997,0.09286289,0.07521148
sim-sess-0009-03,3500.0,0.42049294,0.06079612,1.17308759,0.21917855,0.09776823,0.07575647
sim-sess-0009-03,3600.0,0.42238275,0.06266526,1.29707957,0.02843025,0.11645520,0.04792678
sim-sess-0009-03,3700.0,0.34608406,0.01611583,1.41427515,-0.12759738,0.13748482,0.04580981
sim-sess-0009-03,3800.0,0.24014101,0.00664637,1.56259932,-0.25586300,0.09630768,0.05283469
sim-sess-0009-03,3900.0,0.12470788,-0.02448842,1.63520752,-0.35923061,0.04737910,0.01787858
sim-sess-0009-03,4000.0,0.01865973,-0.00876823,1.65444565,-0.41278468,0.00882775,-0.00875274
sim-sess-0009-03,4100.0,-0.06429130,-0.04950488,1.69471486,-0.41838073,-0.00929475,0.00489351
sim-sess-0009-03,4200.0,-0.16763759,-0.04948720,1.59667530,-0.31593832,-0.03881065,-0.02464198
sim-sess-0009-03,4300.0,-0.25786710,-0.04149188,1.50168701,-0.19350752,-0.07039355,-0.01729202
sim-sess-0009-03,4400.0,-0.38045900,-0.02100361,1.40896662,-0.05659123,-0.05787731,-0.07775323
sim-sess-0009-03,4500.0,-0.45049982,-0.02474411,1.27920602,0.10833328,-0.09724171,-0.06249384
sim-sess-0009-03,4600.0,-0.40740029,0.00249716,1.13466946,0.25640412,-0.05165496,-0.08708464
sim-sess-0009-03,4700.0,-0.29659654,0.01133730,1.03886668,0.33679910,-0.04446423,-0.08376575
sim-sess-0009-03,4800.0,-0.09914290,0.03450068,1.00396530,0.41990100,-0.02740708,-0.11493258
sim-sess-0009-03,4900.0,0.13746728,0.06179467,1.00926356,0.38681735,0.04036051,-0.07476381
sim-sess-0009-03,5000.0,0.30998701,0.04104981,1.04811561,0.32127961,0.04829870,-0.07306156
sim-sess-0009-03,5100.0,0.42197859,0.02790789,1.17422923,0.21036725,0.07274061,-0.06601686
sim-sess-0009-03,5200.0,0.43723020,0.03995766,1.28905071,0.05238064,0.08152319,-0.05338076
sim-sess-0009-03,5300.0,0.36225374,0.04370731,1.43644787,-0.07775595,0.12007696,-0.06986107
sim-sess-0009-03,5400.0,0.24368296,0.01332767,1.54317302,-0.25169689,0.08530754,-0.03089782
sim-sess-0009-03,5500.0,0.13087095,-0.01325555,1.63824168,-0.32818554,0.03181154,-0.02901443
sim-sess-0009-03,5600.0,0.03860984,-0.02485719,1.71354017,-0.43101912,0.02094486,-0.00941758
sim-sess-0009-03,5700.0,-0.05722520,-0.04275968,1.71006495,-0.44515604,-0.00745339,0.02597171
sim-sess-0009-03,5800.0,-0.16676629,-0.03655609,1.65372110,-0.35048685,-0.06148151,0.01921091
sim-sess-0009-03,5900.0,-0.24684702,-0.04696927,1.54848335,-0.21946823,-0.06615929,0.03665258
sim-sess-0009-03,6000.0,-0.37789102,-0.06886816,1.39040441,-0.08856710,-0.08917460,0.03259435
sim-sess-0009-04,0.0,0.08348993,0.02214836,0.98587068,0.33558748,-0.01488530,0.06048913
sim-sess-0009-04,100.0,0.17941885,0.01730608,1.00843109,0.28259939,0.02773183,0.04414365
sim-sess-0009-04,200.0,0.28353600,-0.00096953,1.05364228,0.28403509,0.01877034,0.06712100
sim-sess-0009-04,300.0,0.34717905,0.03177583,1.11603305,0.24554772,0.03860566,0.04027795
sim-sess-0009-04,400.0,0.42733154,0.03134763,1.14722851,0.18359652,0.09609765,0.03958590
sim-sess-0009-04,500.0,0.47208138,0.04024197,1.26504481,0.13019550,0.13464032,0.06400517
sim-sess-0009-04,600.0,0.50398427,0.06546139,1.32980437,0.04350035,0.10677474,0.03107292
sim-sess-0009-04,700.0,0.49709898,0.05840300,1.39883085,-0.04287517,0.08923451,0.03599368
sim-sess-0009-04,800.0,0.45852354,0.04827935,1.51288824,-0.06637276,0.13875103,0.01695354
sim-sess-0009-04,900.0,0.41736109,0.08357309,1.61053157,-0.13365057,0.12913203,0.01590868
sim-sess-0009-04,1000.0,0.40296916,0.10001534,1.73726598,-0.21348527,0.11745162,0.04755643
sim-sess-0009-04,1100.0,0.29271704,0.08266839,1.75822625,-0.23849492,0.09811459,-0.00968405
sim-sess-0009-04,1200.0,0.22273201,0.08503981,1.88073012,-0.29670327,0.06787948,0.00194311
sim-sess-0009-04,1300.0,0.11729193,0.08504812,1.85699204,-0.30765474,0.02385722,0.02044087
sim-sess-0009-04,1400.0,-0.01517258,0.08958425,1.92104455,-0.33063528,-0.00727743,0.01538437
sim-sess-0009-04,1500.0,-0.10214696,0.08048757,1.90826910,-0.31122593,-0.00238566,-0.00534786
sim-sess-0009-04,1600.0,-0.21316582,0.08807799,1.88141376,-0.29833578,-0.04750615,-0.01878199
sim-sess-0009-04,1700.0,-0.30674191,0.10451149,1.86047998,-0.26766151,-0.06951745,-0.02083001
sim-sess-0009-04,1800.0,-0.36243991,0.09667229,1.80503096,-0.21276052,-0.07164525,-0.02469791
sim-sess-0009-04,1900.0,-0.45337769,0.07698386,1.72881475,-0.12812191,-0.10169527,-0.01757036
sim-sess-0009-04,2000.0,-0.47623270,0.06640191,1.66249952,-0.09215168,-0.12532824,-0.02616989
sim-sess-0009-04,2100.0,-0.51373961,0.06805886,1.56592821,-0.04137711,-0.12796909,-0.04421867
sim-sess-0009-04,2200.0,-0.48665479,0.06387416,1.44681994,0.05281329,-0.13614394,-0.03196611
sim-sess-0009-04,2300.0,-0.46247187,0.05327264,1.34357947,0.11045604,-0.13864515,-0.05423283
sim-sess-0009-04,2400.0,-0.42813637,0.04586226,1.26202031,0.16800398,-0.10356627,-0.05099479
sim-sess-0009-04,2500.0,-0.35538079,0.00794121,1.18332795,0.20350288,-0.09468097,-0.04482547
sim-sess-0009-04,2600.0,-0.27409624,0.04846221,1.13717296,0.29358736,-0.10786402,-0.05101060
sim-sess-0009-04,2700.0,-0.18253777,0.00085935,1.06997617,0.31016768,-0.06841945,-0.03843222
sim-sess-0009-04,2800.0,-0.09369310,0.00545015,1.03377523,0.27236938,-0.03212436,-0.05528167
sim-sess-0009-04,2900.0,0.01578412,-0.01651548,0.99295398,0.29757801,-0.02238346,-0.04053653
sim-sess-0009-04,3000.0,0.11241791,-0.00515384,0.98887894,0.35604212,0.01761457,-0.06324860
sim-sess-0009-04,3100.0,0.23262834,-0.03165656,1.03160971,0.28717538,0.03429708,-0.07541583
sim-sess-0009-04,3200.0,0.32761090,-0.02451803,1.08707852,0.25498794,0.04387907,-0.08076283
sim-sess-0009-04,3300.0,0.36045736,-0.03861173,1.12975034,0.18701784,0.06543910,-0.01871814
sim-sess-0009-04,3400.0,0.47196616,-0.05472406,1.21594489,0.14680943,0.11203088,-0.08226962
sim-sess-0009-04,3500.0,0.46795870,-0.02390334,1.28657207,0.07405811,0.11264609,-0.03000010
sim-sess-0009-04,3600.0,0.50242640,-0.06253127,1.40603222,0.01673529,0.14164706,-0.06544061
sim-sess-0009-04,3700.0,0.47270218,-0.07673897,1.46167382,-0.05439793,0.11132012,-0.06116238
sim-sess-0009-04,3800.0,0.45808885,-0.06546288,1.55191443,-0.09604484,0.12758190,-0.03082798
sim-sess-0009-04,3900.0,0.43033419,-0.08254354,1.68699470,-0.18410592,0.10341127,-0.03731246
sim-sess-0009-04,4000.0,0.33361433,-0.05871207,1.73673846,-0.23649188,0.08666604,-0.00916233
sim-sess-0009-04,4100.0,0.24252051,-0.08706962,1.79865387,-0.27045122,0.08479779,-0.04340290
sim-sess-0009-04,4200.0,0.16374899,-0.08408865,1.88067319,-0.32398622,0.03646300,0.01356120
sim-sess-0009-04,4300.0,0.04608157,-0.08464454,1.90986559,-0.30944014,0.02180978,0.00410402
sim-sess-0009-04,4400.0,-0.05844795,-0.06696541,1.87751263,-0.31684077,0.00722859,0.01081234
sim-sess-0009-04,4500.0,-0.15816965,-0.07630761,1.85217724,-0.28854515,-0.00804626,-0.00089741
sim-sess-0009-04,4600.0,-0.26604301,-0.09944090,1.92513352,-0.28731452,-0.06319811,0.00058647
sim-sess-0009-04,4700.0,-0.31637395,-0.08193339,1.80930552,-0.19521962,-0.07671106,0.03690053
sim-sess-0009-04,4800.0,-0.40825600,-0.09774715,1.79026667,-0.17526009,-0.07219804,-0.00604395
sim-sess-0009-04,4900.0,-0.47325269,-0.09646735,1.69286883,-0.11909381,-0.07791067,0.02511706
sim-sess-0009-04,5000.0,-0.49633338,-0.06045437,1.59285135,-0.07052400,-0.14359779,0.01085262
sim-sess-0009-04,5100.0,-0.46606371,-0.05477868,1.46927103,0.00852716,-0.14142076,0.02222996
sim-sess-0009-04,5200.0,-0.50210223,-0.04850798,1.39937299,0.10344198,-0.14382918,0.03281150
sim-sess-0009-04,5300.0,-0.43092385,-0.06439223,1.31277417,0.17186990,-0.13695481,0.02752455
sim-sess-0009-04,5400.0,-0.39507771,-0.04278591,1.23707885,0.21303202,-0.09375175,0.04229379
sim-sess-0009-04,5500.0,-0.30692223,-0.04550852,1.13041572,0.26186406,-0.11524604,0.06696808
sim-sess-0009-04,5600.0,-0.21582698,-0.03517410,1.06434848,0.32346328,-0.08208533,0.07917289
sim-sess-0009-04,5700.0,-0.10738715,-0.01330393,1.05438789,0.30751350,-0.04275208,0.06473139
sim-sess-0009-04,5800.0,-0.03540697,-0.01818189,0.99101133,0.31936333,-0.02334455,0.03700669
sim-sess-0009-04,5900.0,0.09704155,-0.01257998,0.99300304,0.29961451,0.00631610,0.05638047
sim-sess-0009-04,6000.0,0.17752115,0.02519806,1.01209127,0.29429087,0.01139631,0.04937710
sim-sess-0009-05,0.0,0.01262258,0.04273993,1.01726991,-0.02839352,0.04199851,-0.01854037
sim-sess-0009-05,100.0,0.01082573,0.03214061,1.01099696,0.04020589,-0.00574395,-0.01979528
sim-sess-0009-05,200.0,0.01494633,0.06504892,1.04039997,0.02473376,0.04179580,0.02095112
sim-sess-0009-05,300.0,0.03619828,0.03496684,1.01903563,0.00577437,0.01361371,0.02989780
sim-sess-0009-05,400.0,0.03252961,0.03037311,1.00880727,0.03424726,-0.00926058,0.02025215
sim-sess-0009-05,500.0,0.05170052,0.00654891,1.02738642,0.00760447,-0.00754242,0.01441646
sim-sess-0009-05,600.0,0.02319130,-0.00035733,1.04262585,0.05695997,0.01562110,0.01251601
sim-sess-0009-05,700.0,0.02660497,-0.01034487,1.02734433,0.03407599,-0.01598192,0.03422857
sim-sess-0009-05,800.0,0.00933787,-0.03079504,1.01707684,0.05327683,0.00126709,-0.01334927
sim-sess-0009-05,900.0,0.00831753,-0.03079460,1.01277901,0.00208262,-0.03889697,0.03023380
sim-sess-0009-05,1000.0,-0.02932862,-0.03658114,1.00635835,0.01133724,-0.01521229,0.03420789
sim-sess-0009-05,1100.0,-0.01915797,-0.03170387,0.98833244,-0.01638729,-0.01476251,0.01221370
sim-sess-0009-05,1200.0,-0.03514850,-0.03154903,0.99278936,-0.02783397,-0.02327385,0.03524572
sim-sess-0009-05,1300.0,-0.04134939,-0.01720287,0.96579101,-0.03326875,-0.03177836,-0.00028476
sim-sess-0009-05,1400.0,-0.03887702,-0.02540184,0.95600442,-0.02722468,-0.02301878,-0.00407470
sim-sess-0009-05,1500.0,-0.06836061,-0.01559930,0.94728798,-0.01835733,-0.00818336,-0.00841833
sim-sess-0009-05,1600.0,-0.03197067,-0.00725798,0.96172790,-0.03392491,-0.02533746,-0.00220708
sim-sess-0009-05,1700.0,-0.01191594,-0.00176570,0.96877777,-0.04120528,-0.02179666,-0.00557011
sim-sess-0009-05,1800.0,-0.02046327,0.00494629,0.99680851,-0.04163169,0.01578112,0.00396649
sim-sess-0009-05,1900.0,0.00857652,0.01815416,0.99004661,0.00724910,-0.03840757,-0.02290930
sim-sess-0009-05,2000.0,0.02742549,0.03211707,0.98656258,-0.01976485,-0.00490074,-0.02105847
sim-sess-0009-05,2100.0,0.02972526,0.04225045,0.99176045,0.02084503,0.01534288,-0.03218556
sim-sess-0009-05,2200.0,0.01875639,0.02014258,0.99634730,0.03475119,0.00343628,0.00034974
sim-sess-0009-05,2300.0,0.03806932,0.03170395,1.01658262,0.02550445,0.04437361,-0.00497956
sim-sess-0009-05,2400.0,0.03730248,0.04663994,1.05540431,0.04326181,0.02971895,-0.00969335
sim-sess-0009-05,2500.0,0.04346912,0.02831753,1.03987924,0.05760644,0.03297218,-0.02213485
sim-sess-0009-05,2600.0,0.01454163,0.01885749,1.03587560,0.04400470,0.04683395,-0.01466148
sim-sess-0009-05,2700.0,-0.00274659,0.04336741,1.03513502,0.01036341,0.00947019,-0.02619370
sim-sess-0009-05,2800.0,-0.02606931,0.00905668,1.04073516,0.01599926,-0.03497412,-0.02274059
sim-sess-0009-05,2900.0,-0.03702907,-0.00617377,1.02798015,-0.00038093,0.01566222,0.00998969
sim-sess-0009-05,3000.0,-0.03196750,0.00082394,1.00078477,-0.01070738,0.02638931,-0.01232115
sim-sess-0009-05,3100.0,-0.03658644,-0.00530124,1.03813317,0.00850442,0.01091750,0.02732476
sim-sess-0009-05,3200.0,-0.03875643,-0.01936234,1.02322655,-0.01353472,-0.01522819,0.00890071
sim-sess-0009-05,3300.0,-0.03880177,-0.02332244,0.96811323,-0.02203162,-0.04167961,-0.00124088
sim-sess-0009-05,3400.0,-0.02538115,-0.03446673,0.96651062,-0.02381967,-0.02517715,-0.02414004
sim-sess-0009-05,3500.0,-0.01764463,-0.06314283,0.96460086,-0.06497769,-0.01813793,0.02847657
sim-sess-0009-05,3600.0,0.00596371,-0.03459720,0.94655012,-0.05141961,-0.03552212,0.00715406
sim-sess-0009-05,3700.0,0.01491415,-0.02456374,0.96097899,-0.03356915,-0.00391921,0.03730486
sim-sess-0009-05,3800.0,0.03439805,-0.01409730,0.96700731,0.00332852,-0.02116055,0.03472035
sim-sess-0009-05,3900.0,0.02353010,-0.03996088,0.97820953,-0.05135843,-0.02122469,0.01263474
sim-sess-0009-05,4000.0,0.06213207,-0.03278179,0.99530690,-0.01275962,-0.01925889,0.01463407
sim-sess-0009-05,4100.0,0.03151909,-0.01198251,1.00112509,0.02163426,-0.00044701,0.00915478
sim-sess-0009-05,4200.0,0.02365990,-0.00035492,1.01425447,-0.01779417,-0.03860021,0.02712338
sim-sess-0009-05,4300.0,0.03123833,0.01636828,1.00831568,0.01293748,-0.01409961,0.02179089
sim-sess-0009-05,4400.0,0.00478959,0.01058777,1.01979734,0.04576773,0.03007708,0.00774920
sim-sess-0009-05,4500.0,0.02029077,0.02055283,1.05065210,0.04697447,0.00556569,0.00238821
sim-sess-0009-05,4600.0,-0.01465486,0.04529804,1.03606404,0.02925538,0.00620953,0.01445650
sim-sess-0009-05,4700.0,0.00115889,0.03588265,1.05658670,0.05740534,0.01569303,0.00778824
sim-sess-0009-05,4800.0,-0.03908570,0.03709780,1.04269592,0.03002000,0.04698295,0.01228847
sim-sess-0009-05,4900.0,-0.04763007,0.02026969,1.01301793,0.00015804,0.03735342,0.00417863
sim-sess-0009-05,5000.0,-0.04000578,0.01864215,1.02429920,-0.00772862,0.03910312,-0.00090864
sim-sess-0009-05,5100.0,-0.04545511,0.01774339,1.01188673,-0.01873337,0.02706460,0.02339125
sim-sess-0009-05,5200.0,-0.03318832,0.01670128,1.01057398,-0.02432252,0.02245134,-0.00815859
sim-sess-0009-05,5300.0,-0.02013334,0.00782776,0.98452068,-0.02533167,0.03622987,-0.01190502
sim-sess-0009-05,5400.0,0.00537534,-0.01047962,0.98159932,-0.03172898,0.00986412,0.00851562
sim-sess-0009-05,5500.0,0.01118293,-0.01416505,0.94974385,-0.06994028,0.00868947,0.00531730
sim-sess-0009-05,5600.0,0.02375714,-0.03095588,0.96165840,-0.03147249,-0.01291429,-0.05542227
sim-sess-0009-05,5700.0,0.02598786,-0.04140526,0.95192237,-0.02574777,-0.01758316,-0.01581901
sim-sess-0009-05,5800.0,0.03511128,-0.04991982,0.96726926,-0.00520607,-0.01352036,-0.00315382
sim-sess-0009-05,5900.0,0.05380713,-0.04727285,0.95690611,-0.02866265,-0.00378957,-0.04680045
sim-sess-0009-05,6000.0,0.05611319,-0.01386005,0.98248949,0.02233245,-0.03014240,-0.00890719
sim-sess-0010-01,0.0,0.00280575,0.00915342,0.99038292,-0.01073288,0.02020670,-0.00947103
sim-sess-0010-01,100.0,0.00156373,-0.00047658,1.01498825,0.03436159,0.01287567,0.00337122
sim-sess-0010-01,200.0,0.00592567,0.01777696,1.01194258,-0.01174086,-0.00478403,0.00412764
sim-sess-0010-01,300.0,0.00502437,0.00787200,0.99756621,-0.01459382,0.01621901,0.00145169
sim-sess-0010-01,400.0,-0.01145360,0.00266344,0.99945615,0.01592946,0.02197483,-0.01489404
sim-sess-0010-01,500.0,-0.01165803,0.01930204,1.01107068,0.00959971,0.00186740,0.00866673
sim-sess-0010-01,600.0,0.00499640,0.01393794,1.00387732,0.00512955,0.00041678,-0.00424345
sim-sess-0010-01,700.0,-0.00420153,0.00321942,1.00276956,0.01657822,0.02325850,0.01146509
sim-sess-0010-01,800.0,0.02316046,0.01646327,1.00529745,0.00245071,0.01681859,0.01098724
sim-sess-0010-01,900.0,0.01375789,0.00267478,1.02285058,0.01003344,-0.00611865,0.02249148
sim-sess-0010-01,1000.0,-0.00192225,0.01635991,1.01027719,0.03455672,0.03284595,0.01954295
sim-sess-0010-01,1100.0,0.01046251,-0.00178034,1.02571511,-0.01956416,0.00088240,0.01080501
sim-sess-0010-01,1200.0,0.02593293,-0.00974077,1.00604499,0.00429136,-0.00342488,0.00561360
sim-sess-0010-01,1300.0,0.03278371,-0.00239498,1.00108588,0.02546137,0.02094399,0.01550654
sim-sess-0010-01,1400.0,0.00080448,-0.00652784,1.05050062,0.00937141,-0.00602076,-0.02621908
sim-sess-0010-01,1500.0,-0.00157714,-0.01588966,1.02460654,0.02633942,0.03521084,-0.00600903
sim-sess-0010-01,1600.0,0.01586328,0.00516666,1.00134875,0.01752899,0.01055978,0.02659398
sim-sess-0010-01,1700.0,0.01428072,-0.01809735,1.00492832,0.00134463,-0.00757976,0.01084560
sim-sess-0010-01,1800.0,0.01428266,-0.01922170,1.01830246,0.02200629,-0.01622025,0.01633686
sim-sess-0010-01,1900.0,0.01269755,0.00277201,1.00323990,-0.01564016,0.01644032,0.00306869
sim-sess-0010-01,2000.0,-0.01150557,0.00241279,0.99949244,0.00738902,0.00183986,0.00007359
sim-sess-0010-01,2100.0,0.00611383,-0.00385050,0.97457933,0.01309889,0.00092082,0.04479080
sim-sess-0010-01,2200.0,-0.01431633,-0.00131742,1.00087967,0.02077890,0.01882914,-0.00006509
sim-sess-0010-01,2300.0,0.01212750,-0.02316163,1.01519497,0.02356687,0.01016480,-0.00210829
sim-sess-0010-01,2400.0,-0.00513413,-0.00704649,1.00478373,-0.00918504,0.01087160,0.01160563
sim-sess-0010-01,2500.0,0.01690407,-0.02086147,0.98961296,0.01209459,0.00781332,0.02845823
sim-sess-0010-01,2600.0,-0.02863439,-0.01327414,1.00699929,-0.00521919,0.00106865,0.02656003
sim-sess-0010-01,2700.0,-0.00234268,0.00983800,0.99715337,-0.00877722,0.00877213,-0.00156492
sim-sess-0010-01,2800.0,-0.00559137,-0.00343900,1.00315133,0.02344682,-0.01796439,-0.00191605
sim-sess-0010-01,2900.0,-0.00277088,-0.00305342,0.98994127,-0.00538858,0.01162715,0.02028067
sim-sess-0010-01,3000.0,0.00106122,-0.00333853,0.98891405,0.01246940,0.01676684,0.02474562
sim-sess-0010-01,3100.0,0.00525584,-0.01586688,0.98980965,-0.00305750,0.00949301,0.00010405
sim-sess-0010-01,3200.0,-0.01111065,0.00052226,0.97723466,0.00181348,0.01633888,0.01827002
sim-sess-0010-01,3300.0,-0.02214811,-0.03123547,0.99344258,-0.02082887,0.01345584,0.00264969
sim-sess-0010-01,3400.0,-0.00691881,0.01198480,1.00652818,0.00288726,0.01220232,0.00747412
sim-sess-0010-01,3500.0,-0.00530604,-0.01183796,0.97969146,0.00417791,-0.00286836,-0.00063055
sim-sess-0010-01,3600.0,-0.01546222,-0.00117439,0.99332526,0.02292106,0.00504153,0.00391080
sim-sess-0010-01,3700.0,-0.00890486,-0.00942914,0.99246625,0.00873450,-0.01637755,0.01086450
sim-sess-0010-01,3800.0,-0.01281402,-0.01511217,0.98679342,0.00555717,0.01991225,0.01887779
sim-sess-0010-01,3900.0,-0.01092243,-0.00644681,0.98481364,-0.02327025,0.01695205,-0.00014126
sim-sess-0010-01,4000.0,0.00283789,0.02783897,1.00563762,-0.00828044,-0.00294264,0.03383543
sim-sess-0010-01,4100.0,0.00019454,0.01374088,1.00064743,0.03202596,-0.00567408,-0.00638953
sim-sess-0010-01,4200.0,-0.01319717,-0.02501740,0.98737068,0.00148833,-0.00685537,0.01320920
sim-sess-0010-01,4300.0,-0.00936021,0.00337546,1.01193756,0.00110233,-0.00451104,0.01450623
sim-sess-0010-01,4400.0,-0.01265269,0.00229556,0.98436467,-0.01206160,-0.00407210,-0.00727310
sim-sess-0010-01,4500.0,-0.01472599,0.01706763,0.99642395,0.00708023,0.00267472,0.00094186
sim-sess-0010-01,4600.0,-0.00909617,0.01459758,1.01485120,-0.00127864,0.04626664,0.00189241
sim-sess-0010-01,4700.0,0.00986572,0.00472473,1.02027236,0.03348088,0.03282040,0.00413055
sim-sess-0010-01,4800.0,0.01380708,-0.00197709,0.99262785,0.03692632,0.01330936,0.02221815
sim-sess-0010-01,4900.0,-0.00589842,0.00302470,1.02525048,0.00422865,-0.00164972,-0.01035082
sim-sess-0010-01,5000.0,-0.02674823,-0.00199290,1.00713417,-0.00191119,-0.00715053,-0.01397046
sim-sess-0010-01,5100.0,-0.01849926,0.00105854,1.03170404,0.01272538,-0.01473260,0.00017820
sim-sess-0010-01,5200.0,-0.00673943,0.00278224,1.00376099,0.00511469,0.01131716,-0.00854271
sim-sess-0010-01,5300.0,0.00330545,0.01332348,1.02641936,-0.00883104,-0.00548080,0.04513016
sim-sess-0010-01,5400.0,0.00667749,0.00007770,0.99863630,-0.01559147,-0.00420307,0.01655435
sim-sess-0010-01,5500.0,-0.00627522,0.01624659,1.01764302,0.01699611,0.01027771,0.01433427
sim-sess-0010-01,5600.0,0.01569615,0.01280114,1.02032193,-0.01686309,0.00669557,-0.00401538
sim-sess-0010-01,5700.0,0.03332039,0.02421876,1.01657336,-0.00307196,0.02449310,-0.00721339
sim-sess-0010-01,5800.0,0.01875016,-0.00121006,1.00837803,0.04388331,-0.00180343,0.03301609
sim-sess-0010-01,5900.0,0.00392766,0.01866546,1.01161960,0.01863905,0.01640944,-0.00136419
sim-sess-0010-01,6000.0,0.00025114,0.00640525,1.00878660,0.00405129,-0.00842218,0.00492972
sim-sess-0010-02,0.0,-0.00044628,0.03189071,1.17256041,0.06168309,0.06503630,0.00894208
sim-sess-0010-02,100.0,0.17742769,0.06154583,1.06935274,0.21356169,0.06864187,0.01562429
sim-sess-0010-02,200.0,0.15262152,0.07474468,0.90662606,0.13944319,0.05543580,0.09083423
sim-sess-0010-02,300.0,-0.02649052,0.05387602,0.82271396,-0.09572684,0.00079512,0.07632866
sim-sess-0010-02,400.0,-0.15517345,0.04868716,0.92136275,-0.21317114,-0.03813082,-0.00403027
sim-sess-0010-02,500.0,-0.14170721,-0.00196390,1.08868649,-0.13969654,-0.07524098,-0.01938810
sim-sess-0010-02,600.0,0.01750765,-0.01966928,1.16166273,0.12599153,-0.05420228,-0.06763788
sim-sess-0010-02,700.0,0.17501229,-0.06296397,1.04643305,0.20500236,-0.04516897,-0.04291501
sim-sess-0010-02,800.0,0.15360019,-0.07475193,0.86975811,0.08752912,-0.05471672,0.00120577
sim-sess-0010-02,900.0,-0.03376878,-0.07445140,0.83251634,-0.09781144,0.01983863,0.00510172
sim-sess-0010-02,1000.0,-0.20286419,-0.03478276,0.93645155,-0.22560961,0.02217273,0.06683709
sim-sess-0010-02,1100.0,-0.12114300,-0.01026328,1.10470127,-0.06797918,0.05538141,0.02816206
sim-sess-0010-02,1200.0,0.07227050,0.02760550,1.16587353,0.12243590,0.08088502,0.03023765
sim-sess-0010-02,1300.0,0.18117356,0.06672781,1.04488849,0.19922212,0.04990723,-0.02460907
sim-sess-0010-02,1400.0,0.11168108,0.06760476,0.87911127,0.05604252,0.00869261,-0.05896268
sim-sess-0010-02,1500.0,-0.06724310,0.05463056,0.85021993,-0.12439805,0.00209510,-0.05114056
sim-sess-0010-02,1600.0,-0.16998429,0.04685336,0.97362595,-0.18007403,-0.02743356,-0.02973859
sim-sess-0010-02,1700.0,-0.11981442,0.02335749,1.12687893,-0.07039680,-0.04921977,-0.01082248
sim-sess-0010-02,1800.0,0.04813091,-0.03794805,1.16525100,0.13235920,-0.06997755,0.05439521
sim-sess-0010-02,1900.0,0.18277424,-0.05373889,1.02730105,0.18343345,-0.05214239,0.05874673
sim-sess-0010-02,2000.0,0.08546181,-0.07234823,0.84602881,0.03135975,-0.03262474,0.01666405
sim-sess-0010-02,2100.0,-0.09659865,-0.06558632,0.83762389,-0.14014237,0.02322778,-0.02134970
sim-sess-0010-02,2200.0,-0.19601018,-0.05563991,0.98276711,-0.18241415,0.04968062,-0.02093522
sim-sess-0010-02,2300.0,-0.09336959,0.00741696,1.15684703,-0.05998250,0.03004186,-0.01799227
sim-sess-0010-02,2400.0,0.06875673,0.04379592,1.15771312,0.15862041,0.07020004,-0.00279437
sim-sess-0010-02,2500.0,0.18953843,0.07449634,0.99871677,0.17125675,0.05597946,-0.00220998
sim-sess-0010-02,2600.0,0.11157969,0.10575041,0.84949198,0.02314045,0.01306292,0.02125664
sim-sess-0010-02,2700.0,-0.10596439,0.07115921,0.84238619,-0.17707553,-0.01983797,0.09045143
sim-sess-0010-02,2800.0,-0.16904089,0.04588593,0.99802707,-0.20638529,-0.02472814,0.03749183
sim-sess-0010-02,2900.0,-0.10548042,-0.00092076,1.14521008,-0.02307255,-0.06538316,0.00602262
sim-sess-0010-02,3000.0,0.11490838,-0.03809427,1.14010197,0.18288766,-0.07176323,-0.05950531
sim-sess-0010-02,3100.0,0.18922069,-0.07245567,0.97951609,0.15865708,-0.07766430,-0.05243325
sim-sess-0010-02,3200.0,0.04673599,-0.07328668,0.85496576,0.00139573,-0.00250533,-0.05342714
sim-sess-0010-02,3300.0,-0.12504461,-0.05340605,0.86888691,-0.19194958,0.02023752,-0.01843460
sim-sess-0010-02,3400.0,-0.20267135,-0.02687348,1.03871093,-0.18404228,0.05714931,0.04192599
sim-sess-0010-02,3500.0,-0.04662930,0.03394534,1.18030367,0.04600877,0.06537591,0.06012998
sim-sess-0010-02,3600.0,0.12978713,0.04221855,1.12298912,0.17432992,0.10109503,0.08377337
sim-sess-0010-02,3700.0,0.18225960,0.07026003,0.97856455,0.14767731,0.04568205,0.02209534
sim-sess-0010-02,3800.0,0.04461075,0.06954084,0.83980268,-0.04903967,0.00230357,-0.04220015
sim-sess-0010-02,3900.0,-0.14990079,0.07258679,0.86176427,-0.17632690,-0.03446164,-0.04556717
sim-sess-0010-02,4000.0,-0.18972382,0.01323292,1.06622816,-0.13447491,-0.06959827,-0.04436573
sim-sess-0010-02,4100.0,-0.03173384,-0.02595822,1.16727398,0.03482177,-0.09117777,-0.00893537
sim-sess-0010-02,4200.0,0.14098474,-0.06313273,1.12249950,0.17090506,-0.06435325,0.02111664
sim-sess-0010-02,4300.0,0.17617139,-0.08866492,0.94893173,0.15360233,-0.04421230,0.07367122
sim-sess-0010-02,4400.0,0.01861721,-0.05927599,0.81609939,-0.03654263,-0.01798324,0.08071787
sim-sess-0010-02,4500.0,-0.12579578,-0.05660384,0.91033238,-0.18898929,0.03134192,0.04894633
sim-sess-0010-02,4600.0,-0.17558386,-0.00600291,1.07628719,-0.14559054,0.07330530,-0.01697808
sim-sess-0010-02,4700.0,-0.02919192,0.01069393,1.17298592,0.09150137,0.07199384,-0.04751464
sim-sess-0010-02,4800.0,0.16612837,0.03673746,1.07363160,0.19938049,0.05566715,-0.04514484
sim-sess-0010-02,4900.0,0.17097275,0.06160592,0.92157202,0.12548499,0.05484630,-0.04364437
sim-sess-0010-02,5000.0,-0.01168243,0.07673183,0.83153668,-0.06381143,-0.01382283,0.00867254
sim-sess-0010-02,5100.0,-0.14601429,0.05271247,0.91310280,-0.19488634,-0.02645760,0.03335364
sim-sess-0010-02,5200.0,-0.17512745,0.03498781,1.10112166,-0.12296240,-0.07863331,0.06262362
sim-sess-0010-02,5300.0,0.02419656,-0.04507625,1.16271654,0.11809143,-0.06072389,0.02946156
sim-sess-0010-02,5400.0,0.16756808,-0.05634896,1.06704469,0.18335119,-0.03144353,0.02424644
sim-sess-0010-02,5500.0,0.16593892,-0.07002280,0.91088757,0.10933207,-0.02502895,-0.03359910
sim-sess-0010-02,5600.0,0.01273869,-0.05732529,0.82310453,-0.11160223,0.01924473,-0.06470317
sim-sess-0010-02,5700.0,-0.17454826,-0.04642640,0.93168753,-0.18350416,0.03456660,-0.06057248
sim-sess-0010-02,5800.0,-0.14687399,-0.01235397,1.07221160,-0.07165905,0.07955835,0.01128960
sim-sess-0010-02,5900.0,0.02807781,0.02265298,1.18306272,0.10566685,0.04807362,0.02061656
sim-sess-0010-02,6000.0,0.16159526,0.05185835,1.06182418,0.20481063,0.06498155,0.05976833
sim-sess-0010-03,0.0,0.01507487,0.00728736,1.00496557,0.37648810,0.01250415,0.08386145
sim-sess-0010-03,100.0,0.18183843,0.03341449,1.00414770,0.35080620,0.02522404,0.06801761
sim-sess-0010-03,200.0,0.32377573,0.05882736,1.07375495,0.26083331,0.07284295,0.04555730
sim-sess-0010-03,300.0,0.38764739,0.05586855,1.20204358,0.13324675,0.05534017,0.04114466
sim-sess-0010-03,400.0,0.37106465,0.03656166,1.31743552,0.00702566,0.08213661,0.02679853
sim-sess-0010-03,500.0,0.28790995,0.01167623,1.41606339,-0.11599314,0.06388546,0.03393643
sim-sess-0010-03,600.0,0.16971986,-0.00839441,1.54728475,-0.28310720,0.06162242,0.04394848
sim-sess-0010-03,700.0,0.06657593,-0.00709665,1.59288668,-0.36123968,0.02852589,0.01260353
sim-sess-0010-03,800.0,-0.00223042,-0.02543584,1.61321028,-0.39245270,0.02385729,-0.00672774
sim-sess-0010-03,900.0,-0.09248640,-0.03744625,1.57828810,-0.35104997,-0.02480312,0.00509943
sim-sess-0010-03,1000.0,-0.16540468,-0.04420003,1.55804511,-0.25836151,-0.07181552,-0.04524039
sim-sess-0010-03,1100.0,-0.27112213,-0.04810651,1.45614963,-0.19708767,-0.06759271,-0.03482018
sim-sess-0010-03,1200.0,-0.31114928,-0.03147211,1.29710152,-0.02872361,-0.09390710,-0.03930184
sim-sess-0010-03,1300.0,-0.39283887,-0.02082562,1.20509723,0.13176325,-0.07510162,-0.03778723
sim-sess-0010-03,1400.0,-0.34391682,-0.00423164,1.11599369,0.25877346,-0.06474591,-0.05546461
sim-sess-0010-03,1500.0,-0.22710635,0.02425963,1.02819201,0.36274526,-0.00869235,-0.04444530
sim-sess-0010-03,1600.0,-0.03682014,0.01823115,1.00963468,0.37654042,-0.00362653,-0.07866970
sim-sess-0010-03,1700.0,0.17396572,0.04690410,1.01309213,0.34339327,0.03337807,-0.08098352
sim-sess-0010-03,1800.0,0.33798673,0.05784829,1.08514027,0.26561074,0.04427191,-0.08412035
sim-sess-0010-03,1900.0,0.37267232,0.04319303,1.17178224,0.13006107,0.06233928,-0.02507006
sim-sess-0010-03,2000.0,0.35826254,0.02784817,1.29918034,0.04021989,0.09750036,-0.05035999
sim-sess-0010-03,2100.0,0.28369054,0.02537052,1.37316618,-0.10917688,0.07922077,-0.05153192
sim-sess-0010-03,2200.0,0.18338288,-0.02527683,1.51650860,-0.23373768,0.04915222,0.01362424
sim-sess-0010-03,2300.0,0.08536650,0.00634619,1.57839076,-0.33571151,0.04037530,-0.02157228
sim-sess-0010-03,2400.0,0.01300933,-0.03518407,1.61457298,-0.37979523,-0.00459362,-0.00244457
sim-sess-0010-03,2500.0,-0.07692393,-0.03580879,1.59083572,-0.36233865,-0.03317085,0.01719396
sim-sess-0010-03,2600.0,-0.15162496,-0.05875047,1.54624317,-0.31170847,-0.03994412,0.02285173
sim-sess-0010-03,2700.0,-0.22470608,-0.03047538,1.44938674,-0.16303648,-0.08131285,0.03683352
sim-sess-0010-03,2800.0,-0.33571855,-0.03362369,1.33983088,-0.00796868,-0.06050750,0.06125405
sim-sess-0010-03,2900.0,-0.39902966,-0.03780555,1.24486902,0.10016116,-0.06835166,0.06745792
sim-sess-0010-03,3000.0,-0.35468545,0.00134622,1.12154376,0.21243453,-0.06693574,0.04498458
sim-sess-0010-03,3100.0,-0.21063382,0.01202538,1.02832420,0.32996272,-0.03495402,0.05198086
sim-sess-0010-03,3200.0,-0.05866983,0.01999529,1.01789274,0.39045825,-0.03459436,0.05219846
sim-sess-0010-03,3300.0,0.13557797,0.03807823,1.01083199,0.34139625,0.02851327,0.05750492
sim-sess-0010-03,3400.0,0.32828543,0.04837037,1.07808671,0.27106980,0.03154185,0.06357739
sim-sess-0010-03,3500.0,0.40144681,0.04912194,1.18349318,0.19442552,0.06304662,0.04827580
sim-sess-0010-03,3600.0,0.35417007,0.04207932,1.28595656,0.03506429,0.08584539,0.03111754
sim-sess-0010-03,3700.0,0.28251636,0.04224995,1.39136307,-0.06676980,0.08544134,0.01862771
sim-sess-0010-03,3800.0,0.19907418,0.02324578,1.49445183,-0.21508744,0.07031370,0.00787047
sim-sess-0010-03,3900.0,0.11045012,-0.00602694,1.56218705,-0.34910773,0.05731464,0.00706527
sim-sess-0010-03,4000.0,0.02022386,-0.03375228,1.58210648,-0.34528643,-0.00311787,0.02045044
sim-sess-0010-03,4100.0,-0.02687216,-0.04425080,1.59059981,-0.37504559,-0.01842592,-0.02559243
sim-sess-0010-03,4200.0,-0.12767197,-0.03462013,1.57646651,-0.30801195,-0.03053156,-0.02689758
sim-sess-0010-03,4300.0,-0.21787277,-0.06265886,1.48655313,-0.18577031,-0.04444173,-0.02471906
sim-sess-0010-03,4400.0,-0.31758034,-0.03437021,1.35890297,-0.04795605,-0.08972881,-0.03636695
sim-sess-0010-03,4500.0,-0.38632951,-0.04534069,1.23144824,0.11322232,-0.08773955,-0.04608944
sim-sess-0010-03,4600.0,-0.36290135,-0.01530553,1.10481471,0.22021755,-0.08768294,-0.05661931
sim-sess-0010-03,4700.0,-0.23970439,-0.00723682,1.04107781,0.31422384,-0.04540246,-0.05771796
sim-sess-0010-03,4800.0,-0.08280715,0.03707504,1.00425495,0.36275743,-0.01578931,-0.07163856
sim-sess-0010-03,4900.0,0.10609667,0.01629361,1.00120765,0.34474148,0.01052131,-0.05980315
sim-sess-0010-03,5000.0,0.28050763,0.04251915,1.05350037,0.29256813,0.03589492,-0.03665254
sim-sess-0010-03,5100.0,0.35889841,0.04490007,1.13627965,0.19969255,0.05121382,-0.05344152
sim-sess-0010-03,5200.0,0.37987338,0.05484811,1.24940823,0.06891228,0.07864287,-0.07966108
sim-sess-0010-03,5300.0,0.31004838,0.02266750,1.37162624,-0.09985464,0.07064750,-0.05595979
sim-sess-0010-03,5400.0,0.19939302,0.03006366,1.49351360,-0.23261697,0.08547222,-0.02250293
sim-sess-0010-03,5500.0,0.11502028,0.00598680,1.58372230,-0.29383284,0.03308096,-0.01025832
sim-sess-0010-03,5600.0,0.01839005,-0.04359598,1.60224498,-0.37494999,0.01882238,-0.00686938
sim-sess-0010-03,5700.0,-0.03746878,-0.03529635,1.60114214,-0.34661515,-0.01624281,0.02960494
sim-sess-0010-03,5800.0,-0.12659300,-0.04486481,1.57157817,-0.30844009,-0.05758547,0.02163007
sim-sess-0010-03,5900.0,-0.22041312,-0.03752055,1.46954563,-0.20943957,-0.08390131,0.06371482
sim-sess-0010-03,6000.0,-0.30806876,-0.02676201,1.34157287,-0.06430358,-0.08618429,0.03316789
sim-sess-0010-04,0.0,0.07782204,-0.01319403,0.99236665,0.28081984,-0.01971972,0.06193008
sim-sess-0010-04,100.0,0.16340261,0.02831819,1.00243087,0.26202340,0.01775737,0.04564773
sim-sess-0010-04,200.0,0.24817385,0.01796924,1.05007588,0.21987462,0.04259034,0.06286061
sim-sess-0010-04,300.0,0.32865633,0.03946535,1.08557848,0.22135016,0.05603013,0.03811944
sim-sess-0010-04,400.0,0.38142774,0.03646165,1.15051244,0.15485030,0.08485575,0.06286784
sim-sess-0010-04,500.0,0.42811960,0.02806316,1.19668950,0.09960395,0.08830166,0.06660848
sim-sess-0010-04,600.0,0.39297383,0.02940606,1.27610267,0.02199438,0.11701510,0.05196579
sim-sess-0010-04,700.0,0.42931286,0.03123179,1.35993165,-0.00820453,0.12324674,0.02262171
sim-sess-0010-04,800.0,0.40243957,0.07925309,1.43837097,-0.05538116,0.12704170,0.00975387
sim-sess-0010-04,900.0,0.39192461,0.03005517,1.54578827,-0.15367257,0.11555022,0.01896750
sim-sess-0010-04,1000.0,0.31227213,0.06425992,1.62232054,-0.20323116,0.11059573,0.02294427
sim-sess-0010-04,1100.0,0.25426280,0.06294862,1.70318003,-0.21983861,0.07023786,0.02262084
sim-sess-0010-04,1200.0,0.19296982,0.06387148,1.75582199,-0.24645951,0.06102602,0.02502210
sim-sess-0010-04,1300.0,0.10612656,0.05951695,1.78126557,-0.30140551,0.02057567,0.01800480
sim-sess-0010-04,1400.0,-0.02417704,0.05807682,1.77207636,-0.27100361,-0.00530341,0.03026905
sim-sess-0010-04,1500.0,-0.09106914,0.06580216,1.78120636,-0.26996783,-0.01930989,-0.03985308
sim-sess-0010-04,1600.0,-0.18452002,0.08123465,1.76576148,-0.26731954,-0.04173054,0.01831402
sim-sess-0010-04,1700.0,-0.24488363,0.06016317,1.73339721,-0.20737175,-0.06485450,-0.01177633
sim-sess-0010-04,1800.0,-0.33750576,0.05840717,1.72318304,-0.18336771,-0.07102980,-0.02391256
sim-sess-0010-04,1900.0,-0.36322490,0.05265474,1.61508177,-0.11870110,-0.10114479,-0.00129906
sim-sess-0010-04,2000.0,-0.43919353,0.06579382,1.58798119,-0.08462263,-0.09436641,-0.03746715
sim-sess-0010-04,2100.0,-0.42568078,0.06698128,1.48351777,0.00374147,-0.10641527,-0.00986355
sim-sess-0010-04,2200.0,-0.43122404,0.03265038,1.43431945,0.02742033,-0.13274498,-0.04985265
sim-sess-0010-04,2300.0,-0.42158648,0.03504668,1.29695940,0.05489849,-0.12808844,-0.03580638
sim-sess-0010-04,2400.0,-0.36178640,0.04087369,1.23958224,0.14108640,-0.13164621,-0.03761531
sim-sess-0010-04,2500.0,-0.34652948,0.02657859,1.15962749,0.20612383,-0.10105335,-0.04424696
sim-sess-0010-04,2600.0,-0.23274784,0.03318337,1.09537734,0.22573244,-0.06902059,-0.04239875
sim-sess-0010-04,2700.0,-0.16197956,0.00647128,1.04209330,0.24238435,-0.06070802,-0.05763456
sim-sess-0010-04,2800.0,-0.06120560,0.00309251,1.01919838,0.26427294,-0.06326604,-0.06112244
sim-sess-0010-04,2900.0,0.02476196,-0.00919863,1.01347473,0.26779001,0.00186838,-0.03627185
sim-sess-0010-04,3000.0,0.13455757,-0.00224852,1.00363582,0.29591248,0.04796376,-0.07647350
sim-sess-0010-04,3100.0,0.18938299,-0.04582765,1.01510952,0.22630223,0.03020135,-0.04654053
sim-sess-0010-04,3200.0,0.26743372,-0.02561943,1.05307337,0.20117514,0.07056956,-0.05928378
sim-sess-0010-04,3300.0,0.32361254,-0.03477209,1.09543207,0.15250920,0.07450999,-0.01023685
sim-sess-0010-04,3400.0,0.39433516,-0.03299679,1.19336575,0.11624743,0.07212687,-0.03398687
sim-sess-0010-04,3500.0,0.40908072,-0.03281827,1.25703623,0.07286240,0.08350819,-0.03839161
sim-sess-0010-04,3600.0,0.42413377,-0.05568789,1.31990087,-0.00154514,0.09976252,-0.03808648
sim-sess-0010-04,3700.0,0.43192500,-0.03877966,1.42912401,-0.05016512,0.10260603,-0.01700284
sim-sess-0010-04,3800.0,0.37477004,-0.04055285,1.49481295,-0.12048956,0.09881726,-0.03322641
sim-sess-0010-04,3900.0,0.33529273,-0.06928300,1.57811324,-0.15199951,0.10199505,0.01312094
sim-sess-0010-04,4000.0,0.28444908,-0.05886285,1.63040704,-0.23312624,0.08786476,-0.00031792
sim-sess-0010-04,4100.0,0.23065111,-0.07724579,1.70441827,-0.23410034,0.07656492,-0.01495172
sim-sess-0010-04,4200.0,0.13509802,-0.09004349,1.78839900,-0.28042350,0.03593166,0.00298964
sim-sess-0010-04,4300.0,0.05004501,-0.05685272,1.78745266,-0.28743440,0.01006929,0.02385878
sim-sess-0010-04,4400.0,-0.06136067,-0.06814099,1.82676066,-0.26894973,0.00231062,0.00845043
sim-sess-0010-04,4500.0,-0.14021183,-0.10194413,1.79979582,-0.27074342,-0.01759035,0.00766640
sim-sess-0010-04,4600.0,-0.23564899,-0.06237798,1.78072394,-0.25715855,-0.03050357,-0.00043530
sim-sess-0010-04,4700.0,-0.31454867,-0.06494844,1.73682180,-0.21227116,-0.07872418,0.00782352
sim-sess-0010-04,4800.0,-0.35824569,-0.05808007,1.65557890,-0.14022077,-0.05938853,0.03211732
sim-sess-0010-04,4900.0,-0.40053802,-0.04563242,1.62223076,-0.08844036,-0.11293185,0.03464092
sim-sess-0010-04,5000.0,-0.43793148,-0.05482952,1.51969210,-0.03969333,-0.09273219,0.02600193
sim-sess-0010-04,5100.0,-0.42863912,-0.06031239,1.44407454,0.01101109,-0.10313977,0.03586614
sim-sess-0010-04,5200.0,-0.40175589,-0.03613420,1.35771305,0.05940722,-0.10561891,0.07832183
sim-sess-0010-04,5300.0,-0.37094811,-0.04307117,1.27065308,0.12608697,-0.08585682,0.02823525
sim-sess-0010-04,5400.0,-0.33997822,-0.03340882,1.18381897,0.18898788,-0.09782660,0.04727663
sim-sess-0010-04,5500.0,-0.26302057,-0.05200597,1.12576506,0.22330391,-0.08465439,0.04423559
sim-sess-0010-04,5600.0,-0.20344374,-0.02753581,1.06196268,0.25536851,-0.07274581,0.00846543
sim-sess-0010-04,5700.0,-0.11188583,-0.03383463,1.03360782,0.25766866,-0.03337591,0.02300667
sim-sess-0010-04,5800.0,0.01048886,-0.01571825,0.99410660,0.28440615,-0.02825552,0.03889104
sim-sess-0010-04,5900.0,0.06703703,0.01943098,0.98978344,0.26223301,0.00649440,0.03950167
sim-sess-0010-04,6000.0,0.17999040,0.00985446,0.99826613,0.26512584,0.03562886,0.03167878
sim-sess-0010-05,0.0,-0.01665933,0.06308675,1.00829703,-0.01528416,0.03093473,-0.00394618
sim-sess-0010-05,100.0,0.01522338,0.03816625,0.99003799,0.03116835,0.02650005,0.00868612
sim-sess-0010-05,200.0,0.01928773,0.00815280,1.01281697,0.01119956,0.01210105,0.03018228
sim-sess-0010-05,300.0,0.06373110,0.03150391,1.01335523,0.04411131,0.00629901,0.04064489
sim-sess-0010-05,400.0,0.04453935,0.02394419,1.03957800,0.01353965,0.00711030,0.00339522
sim-sess-0010-05,500.0,0.04089211,0.03337727,1.03636742,0.03349205,0.00266637,0.02543082
sim-sess-0010-05,600.0,0.03645933,-0.00698038,1.01817440,0.03007005,0.00828251,0.01439135
sim-sess-0010-05,700.0,0.03650120,-0.01920841,1.04055915,0.03308293,-0.00118533,0.02709766
sim-sess-0010-05,800.0,0.00773610,0.00843820,1.00362538,0.03099027,0.00520936,0.02560746
sim-sess-0010-05,900.0,-0.01654059,-0.03033826,1.02943412,0.03521167,-0.00261746,0.02218700
sim-sess-0010-05,1000.0,-0.01369237,-0.04982235,1.00947523,-0.01695397,-0.03448260,0.00545152
sim-sess-0010-05,1100.0,-0.03134224,-0.02536559,1.00310815,-0.00482041,-0.01551585,0.02971606
sim-sess-0010-05,1200.0,-0.02563109,-0.07974119,0.96009232,-0.02615937,-0.05357322,-0.00924343
sim-sess-0010-05,1300.0,-0.05747662,-0.03886083,0.96522266,-0.03599498,-0.04549768,-0.02000988
sim-sess-0010-05,1400.0,-0.03292371,-0.03559560,0.96580864,-0.04475140,-0.01358356,0.01014766
sim-sess-0010-05,1500.0,-0.04352841,-0.03589052,0.94954949,-0.04781199,-0.00991210,0.00305295
sim-sess-0010-05,1600.0,-0.02039846,-0.00216082,0.97418277,-0.02805536,-0.02600721,0.00667131
sim-sess-0010-05,1700.0,-0.02074787,-0.01762916,0.95847885,-0.01236738,-0.00462937,0.00116022
sim-sess-0010-05,1800.0,-0.00107457,0.02125999,0.99579074,-0.00450452,-0.02114555,-0.01039361
sim-sess-0010-05,1900.0,0.00835736,0.01290199,0.99981155,-0.04863394,0.00275707,-0.01694036
sim-sess-0010-05,2000.0,0.03928659,0.01599222,0.96712959,-0.00250546,0.01568042,-0.01429061
sim-sess-0010-05,2100.0,0.01366223,0.01861845,1.01076542,0.02020041,-0.00273705,0.00364630
sim-sess-0010-05,2200.0,0.03429131,0.01626071,1.04135056,0.00894868,0.02064227,-0.00532691
sim-sess-0010-05,2300.0,0.03367058,0.03162952,1.00145271,0.01759074,0.00767342,-0.02430696
sim-sess-0010-05,2400.0,0.04199952,0.02610537,1.01674367,0.02612852,0.02860503,-0.04311568
sim-sess-0010-05,2500.0,0.00979096,0.02233484,1.02856945,0.06141102,0.03989278,-0.02202361
sim-sess-0010-05,2600.0,0.00362251,0.04642537,1.04025216,0.02869578,0.03409537,-0.00387647
sim-sess-0010-05,2700.0,-0.01350376,0.01540697,1.00565609,0.02344892,0.03021062,-0.01596968
sim-sess-0010-05,2800.0,-0.01707967,0.01368783,1.03809048,0.01842266,-0.00821495,-0.01308188
sim-sess-0010-05,2900.0,-0.02071680,0.00347344,1.00768997,-0.00167251,0.01382145,-0.00926355
sim-sess-0010-05,3000.0,-0.01373052,0.00461588,1.01867951,0.01727669,-0.00474813,-0.00604002
sim-sess-0010-05,3100.0,-0.01426950,-0.00161719,1.00053216,0.01596293,0.01960785,0.00648552
sim-sess-0010-05,3200.0,-0.05212682,-0.04212176,1.01964771,-0.03181088,-0.03099909,0.02224484
sim-sess-0010-05,3300.0,-0.02340995,-0.01506912,1.00568849,-0.02987427,-0.02723914,-0.03011801
sim-sess-0010-05,3400.0,-0.00810295,-0.02928791,1.00191871,-0.04503664,0.02166518,-0.01299625
sim-sess-0010-05,3500.0,-0.00926442,-0.01737890,0.95519707,-0.03280984,-0.02872525,0.01957353
sim-sess-0010-05,3600.0,0.01917542,-0.02496554,0.96698864,-0.01661490,-0.02945859,0.02172739
sim-sess-0010-05,3700.0,0.00651852,-0.00594185,0.95987383,-0.03041847,-0.03267255,0.02664020
sim-sess-0010-05,3800.0,0.02583518,-0.01546051,0.97463217,-0.01090751,-0.04007450,0.00950612
sim-sess-0010-05,3900.0,0.02305110,0.00042151,0.97320134,-0.00541351,-0.00372241,0.02227469
sim-sess-0010-05,4000.0,0.03904180,-0.02148125,0.97436623,-0.02731214,-0.00353706,-0.03027531
sim-sess-0010-05,4100.0,0.01638631,0.01441121,0.97587304,0.01730898,-0.03415490,0.00644536
sim-sess-0010-05,4200.0,0.04397043,0.00938185,0.99194604,0.03143028,0.01274635,0.01799659
sim-sess-0010-05,4300.0,0.04906042,0.00997512,1.01629611,0.02762684,-0.03853984,-0.00973494
sim-sess-0010-05,4400.0,0.02420991,0.02334364,1.03432442,0.02142105,-0.00577101,-0.00186430
sim-sess-0010-05,4500.0,0.02437342,0.02795579,1.03282792,0.02244487,0.00085811,0.01315076
sim-sess-0010-05,4600.0,-0.00742563,0.02722768,1.04111933,0.04518394,0.02744211,0.00386700
sim-sess-0010-05,4700.0,-0.01336233,0.03341987,1.01349968,0.03316815,0.02412365,0.00989535
sim-sess-0010-05,4800.0,-0.05303726,0.03318295,1.02621585,0.01070987,0.00394573,-0.00293027
sim-sess-0010-05,4900.0,-0.02043256,0.01681967,1.02723514,-0.01173260,0.03652561,0.00269446
sim-sess-0010-05,5000.0,-0.03007684,0.02028926,1.02343829,0.01859270,0.03604411,-0.00825981
sim-sess-0010-05,5100.0,-0.02201058,0.03115336,0.99055123,0.01326200,0.03476054,0.00084941
sim-sess-0010-05,5200.0,-0.03031935,0.03328487,0.99673377,-0.02834009,0.06231848,0.00542288
sim-sess-0010-05,5300.0,-0.01907756,0.00775751,0.99044831,-0.02293579,0.02864181,-0.01411908
sim-sess-0010-05,5400.0,0.00625959,-0.02164982,0.99442383,-0.04088986,0.00680503,-0.04560504
sim-sess-0010-05,5500.0,-0.00526698,-0.03587658,0.98442784,-0.01750002,-0.00030610,-0.01499815
sim-sess-0010-05,5600.0,0.00179359,-0.01825578,0.97621068,-0.03360068,-0.03738222,-0.02669923
sim-sess-0010-05,5700.0,0.03011918,-0.01368381,0.95606456,-0.02074889,0.03224406,-0.03622152
sim-sess-0010-05,5800.0,0.05800581,-0.03020901,0.95317374,-0.01525247,-0.00288338,-0.02867226
sim-sess-0010-05,5900.0,0.04113282,-0.03147797,0.96939178,0.01594609,-0.01695028,-0.00698077
sim-sess-0010-05,6000.0,0.02756731,-0.01999816,0.96743431,-0.01225411,0.00890554,-0.04049691
sim-sess-0011-01,0.0,0.02578692,-0.00264560,0.99621406,0.03239327,0.01219910,0.01193965
sim-sess-0011-01,100.0,-0.00826212,0.02528144,0.99867502,0.00164820,0.00882263,0.02662874
sim-sess-0011-01,200.0,0.00304694,0.00345655,1.02029373,0.03406286,0.00869426,0.02559832
sim-sess-0011-01,300.0,0.01307661,0.00827836,0.99864633,0.01141569,-0.00439284,0.01185497
sim-sess-0011-01,400.0,0.00658887,-0.00690510,1.00586421,0.02160598,-0.01413343,0.01114678
sim-sess-0011-01,500.0,0.00033219,0.00167254,1.01572124,0.01226300,-0.03521516,0.00587099
sim-sess-0011-01,600.0,0.00323402,0.02109763,1.01040654,0.02983171,-0.01021265,0.00478617
sim-sess-0011-01,700.0,0.00551850,0.02060120,0.99481081,0.01104841,0.03046642,0.03271390
sim-sess-0011-01,800.0,-0.00062446,-0.00056381,1.01245225,0.02461439,0.01731459,-0.01089720
sim-sess-0011-01,900.0,0.02996940,-0.00484025,0.98564642,-0.01029204,0.00137014,-0.01047683
sim-sess-0011-01,1000.0,0.00048092,0.00291213,1.01162705,-0.00511930,-0.01086950,-0.00135692
sim-sess-0011-01,1100.0,0.02251388,0.02179388,1.01595562,-0.00260311,0.01223146,-0.00408733
sim-sess-0011-01,1200.0,-0.01774606,-0.00803461,1.01909202,0.00401156,-0.00926126,-0.00007457
sim-sess-0011-01,1300.0,0.00687377,-0.01293101,1.00905100,-0.01066370,0.00903930,0.00327861
sim-sess-0011-01,1400.0,0.01304188,-0.00313506,1.02092947,-0.00759227,0.03562800,-0.00602639
sim-sess-0011-01,1500.0,0.00627686,0.01630695,0.99522192,0.02883941,0.01387709,-0.01895059
sim-sess-0011-01,1600.0,0.01934295,-0.00252777,1.01771699,-0.01264324,0.00418452,0.00919811
sim-sess-0011-01,1700.0,0.00746880,-0.01494189,1.00483912,0.02312763,0.04121521,0.00494480
sim-sess-0011-01,1800.0,0.01567486,-0.00867724,0.99918339,0.00596073,0.01027689,-0.00273784
sim-sess-0011-01,1900.0,0.00762368,-0.00602516,1.01272721,0.01071512,0.03775360,0.00317667
sim-sess-0011-01,2000.0,-0.00489711,-0.01096693,1.00292224,0.01357508,-0.00138134,0.02163186
sim-sess-0011-01,2100.0,0.02831453,-0.00538978,0.99227486,-0.00528981,-0.00850728,0.02039662
sim-sess-0011-01,2200.0,0.00434177,-0.01210279,0.99792611,0.00329482,0.00897482,0.00042242
sim-sess-0011-01,2300.0,-0.00993873,-0.00211995,0.98378293,0.00513827,0.00852571,0.00954926
sim-sess-0011-01,2400.0,0.01166721,-0.00454628,1.00691067,0.01693574,0.01392815,0.00017529
sim-sess-0011-01,2500.0,0.03282101,-0.00860694,1.01837468,0.00963769,0.01516040,0.01452303
sim-sess-0011-01,2600.0,0.01197306,-0.02672693,0.98468679,-0.01229492,0.01132613,-0.01559463
sim-sess-0011-01,2700.0,0.00499928,-0.00807098,0.98665877,0.00349643,0.01321199,0.00299526
sim-sess-0011-01,2800.0,-0.01779493,-0.02600573,1.00173085,-0.00335097,-0.00033739,0.02523230
sim-sess-0011-01,2900.0,-0.01980874,-0.01525763,0.98738928,0.00396426,0.02689231,-0.00632106
sim-sess-0011-01,3000.0,-0.00999035,-0.01163727,0.98782723,0.00037416,-0.00616709,-0.00081434
sim-sess-0011-01,3100.0,-0.01776868,0.00018117,0.96927824,-0.01144915,0.00988042,0.02121777
sim-sess-0011-01,3200.0,-0.01895187,0.00158679,0.96637277,0.01230484,0.00635863,0.01600648
sim-sess-0011-01,3300.0,-0.00768397,-0.00023795,0.97730488,0.00555317,0.02393537,-0.01606721
sim-sess-0011-01,3400.0,-0.01391305,-0.02088264,0.96348413,-0.01526869,0.02170568,-0.01047132
sim-sess-0011-01,3500.0,-0.00498954,-0.02310965,1.00610468,0.01220721,0.03173525,-0.00683610
sim-sess-0011-01,3600.0,-0.01899744,0.00425856,0.98615703,-0.00399885,0.03324836,0.02029077
sim-sess-0011-01,3700.0,-0.01102985,0.00090213,0.98106182,0.00174792,-0.00864198,0.00645215
sim-sess-0011-01,3800.0,-0.03060042,-0.00050899,0.96994590,0.00736844,0.01477154,0.03272776
sim-sess-0011-01,3900.0,-0.01082327,-0.02041924,0.99693676,-0.00737674,0.01518474,0.01775610
sim-sess-0011-01,4000.0,-0.01182170,0.00737791,0.98863277,0.03944578,0.01289405,0.01714276
sim-sess-0011-01,4100.0,-0.03531428,0.01891108,0.99462035,0.00447137,0.01148126,0.01292208
sim-sess-0011-01,4200.0,-0.00736410,0.00169525,0.99933942,0.03239397,0.00870754,0.00925124
sim-sess-0011-01,4300.0,-0.02829853,0.00411050,1.00616879,0.01137801,0.02646569,0.02586266
sim-sess-0011-01,4400.0,0.00979321,-0.00871945,1.00737947,0.00699361,0.00963035,0.01133850
sim-sess-0011-01,4500.0,-0.00639482,0.00387026,0.98554925,0.00009034,-0.01215627,0.01091954
sim-sess-0011-01,4600.0,-0.00760893,-0.01987800,0.98199185,0.03913798,-0.01817806,0.00666603
sim-sess-0011-01,4700.0,-0.00653360,0.02580250,1.00813749,0.02299613,0.03572487,0.00836395
sim-sess-0011-01,4800.0,-0.01126585,-0.02002721,0.99445351,0.02489379,0.02057363,-0.01474933
sim-sess-0011-01,4900.0,-0.00188820,-0.00994339,0.99608674,-0.01523247,0.01050159,0.00111428
sim-sess-0011-01,5000.0,-0.01303566,0.00454073,1.02210770,0.01757917,0.03182779,0.02854676
sim-sess-0011-01,5100.0,0.00329921,0.02262232,1.00087918,0.01520923,0.00312984,-0.00725414
sim-sess-0011-01,5200.0,0.02108686,0.01452583,1.02093379,0.00631162,-0.01108364,-0.00225897
sim-sess-0011-01,5300.0,-0.00633276,0.00084022,1.01408524,0.01326632,0.04069466,-0.00433899
sim-sess-0011-01,5400.0,0.00688230,0.01548674,0.99070313,0.02051160,0.01566215,-0.00106444
sim-sess-0011-01,5500.0,0.02603802,0.03174621,1.03233487,0.01250194,0.00966738,0.04187434
sim-sess-0011-01,5600.0,0.02054188,0.02230496,0.99074256,-0.01176786,0.01099082,0.01894895
sim-sess-0011-01,5700.0,0.01609115,0.00025556,1.01615265,0.01509906,0.00634856,0.01307001
sim-sess-0011-01,5800.0,0.04424184,-0.00219230,1.01003464,0.00612044,0.01280681,0.01496217
sim-sess-0011-01,5900.0,0.00624198,0.02566897,1.00973504,0.01458814,0.00920312,0.00154910
sim-sess-0011-01,6000.0,0.01055973,-0.00225484,0.98677851,-0.00731657,-0.00037513,0.01797001
sim-sess-0011-02,0.0,0.01193467,0.03613805,1.16057563,0.09331737,0.07517448,-0.01544125
sim-sess-0011-02,100.0,0.14177864,0.04710844,1.07696571,0.20250799,0.05478235,0.03064945
sim-sess-0011-02,200.0,0.14932637,0.08393890,0.90962966,0.08934245,0.04539461,0.01488169
sim-sess-0011-02,300.0,0.00785936,0.07816036,0.85736965,-0.07472348,-0.00634739,0.04229306
sim-sess-0011-02,400.0,-0.16770491,0.03849654,0.91167100,-0.22274967,-0.03630675,-0.00546193
sim-sess-0011-02,500.0,-0.13851780,0.02969736,1.06632539,-0.10213694,-0.09533226,-0.02999111
sim-sess-0011-02,600.0,0.00624364,-0.02122297,1.14511648,0.07498329,-0.08659356,-0.05426662
sim-sess-0011-02,700.0,0.16607254,-0.05903505,1.06191793,0.19520178,-0.06691702,-0.05424274
sim-sess-0011-02,800.0,0.13827668,-0.07748384,0.90462145,0.11458555,-0.03521742,-0.00781759
sim-sess-0011-02,900.0,-0.02633073,-0.05357547,0.81786417,-0.06470595,-0.01326793,0.03687505
sim-sess-0011-02,1000.0,-0.19357933,-0.03170938,0.94959832,-0.18282513,0.03713980,0.04268758
sim-sess-0011-02,1100.0,-0.14371477,-0.00981464,1.10129913,-0.09263371,0.05679932,0.02611848
sim-sess-0011-02,1200.0,0.04997275,0.03960763,1.14015217,0.09969819,0.07997967,0.00315403
sim-sess-0011-02,1300.0,0.19289773,0.04825774,1.02788246,0.21833155,0.06895045,-0.01185324
sim-sess-0011-02,1400.0,0.13894018,0.06692840,0.87650052,0.08078880,0.02053667,-0.01283327
sim-sess-0011-02,1500.0,-0.05593690,0.07462864,0.85033752,-0.11340217,0.00341181,-0.08834554
sim-sess-0011-02,1600.0,-0.18420871,0.03317413,0.95289532,-0.18789008,-0.06437238,-0.01400667
sim-sess-0011-02,1700.0,-0.12235270,0.01082953,1.14202350,-0.04849380,-0.08074172,0.03500646
sim-sess-0011-02,1800.0,0.05816094,-0.04102665,1.13888048,0.13317846,-0.09366379,0.03341351
sim-sess-0011-02,1900.0,0.17438511,-0.06875292,1.04304504,0.19991221,-0.05270378,0.06689545
sim-sess-0011-02,2000.0,0.10684927,-0.05869077,0.85737945,0.01213355,-0.03843657,0.05693633
sim-sess-0011-02,2100.0,-0.07164676,-0.05343818,0.85023323,-0.14816004,0.00288537,-0.03077780
sim-sess-0011-02,2200.0,-0.17973435,-0.03553666,0.98820628,-0.19527742,0.03867125,-0.06079059
sim-sess-0011-02,2300.0,-0.08843794,0.00088315,1.13212794,-0.03623326,0.08926511,-0.02953202
sim-sess-0011-02,2400.0,0.09039702,0.05295865,1.15231390,0.17229517,0.06733691,-0.02339138
sim-sess-0011-02,2500.0,0.16775769,0.06072829,0.98518370,0.17541488,0.04530519,0.01647611
sim-sess-0011-02,2600.0,0.09295389,0.07254014,0.88210397,0.01342667,0.00146019,0.01915883
sim-sess-0011-02,2700.0,-0.10915441,0.07591774,0.84817518,-0.15561192,0.00064014,0.06419119
sim-sess-0011-02,2800.0,-0.18974789,0.03411592,1.01139607,-0.18515052,-0.05513425,0.03550467
sim-sess-0011-02,2900.0,-0.09631812,-0.03037880,1.14969661,0.00082229,-0.06830543,0.03841618
sim-sess-0011-02,3000.0,0.09428876,-0.03971625,1.14690979,0.13617689,-0.06464241,-0.02611051
sim-sess-0011-02,3100.0,0.17994745,-0.07348065,0.94959991,0.17138460,-0.04433716,-0.04913494
sim-sess-0011-02,3200.0,0.06725949,-0.06784686,0.86110768,0.01359424,-0.01291033,-0.05453959
sim-sess-0011-02,3300.0,-0.10759198,-0.07352007,0.87825510,-0.15169447,0.04013232,-0.01899666
sim-sess-0011-02,3400.0,-0.19268599,-0.03110278,1.01325172,-0.18387884,0.03465638,0.01559946
sim-sess-0011-02,3500.0,-0.05810903,-0.01038527,1.15262336,0.02766234,0.08064973,0.03636381
sim-sess-0011-02,3600.0,0.12829964,0.04645826,1.13353296,0.17998714,0.06515224,0.04079234
sim-sess-0011-02,3700.0,0.16131483,0.07683616,0.94060394,0.17543241,0.03697287,0.02685318
sim-sess-0011-02,3800.0,0.02947526,0.06694133,0.84189797,-0.00115198,0.00311084,-0.01450546
sim-sess-0011-02,3900.0,-0.12300594,0.05618134,0.88149632,-0.19852183,-0.01990917,-0.02510204
sim-sess-0011-02,4000.0,-0.18699824,0.04237719,1.05823130,-0.14890142,-0.02520773,-0.04494500
sim-sess-0011-02,4100.0,-0.04422596,-0.00870117,1.14559034,0.05012109,-0.07457598,-0.04167786
sim-sess-0011-02,4200.0,0.13356135,-0.03837949,1.11089558,0.20735632,-0.06809531,-0.02339449
sim-sess-0011-02,4300.0,0.17397998,-0.08110494,0.93632840,0.13778830,-0.06300258,0.05743202
sim-sess-0011-02,4400.0,0.04421036,-0.07437490,0.82751352,-0.03780119,-0.01866089,0.08202310
sim-sess-0011-02,4500.0,-0.12637574,-0.04359303,0.90362964,-0.20043156,0.03398623,0.02810941
sim-sess-0011-02,4600.0,-0.15575211,-0.02941714,1.07609771,-0.13890922,0.05491310,-0.01707671
sim-sess-0011-02,4700.0,-0.02035344,0.02855361,1.16687391,0.07779019,0.04947685,-0.06409337
sim-sess-0011-02,4800.0,0.15192049,0.03946769,1.07192565,0.19500668,0.09564877,-0.06294272
sim-sess-0011-02,4900.0,0.13743282,0.07866221,0.89313281,0.10919147,0.04732097,-0.03859648
sim-sess-0011-02,5000.0,-0.01947968,0.05634616,0.81248641,-0.07965761,0.01044366,-0.00688196
sim-sess-0011-02,5100.0,-0.15691966,0.05849399,0.91330002,-0.19030373,-0.04872038,0.04704817
sim-sess-0011-02,5200.0,-0.13257367,0.02756192,1.07586212,-0.10932994,-0.02360342,0.06012526
sim-sess-0011-02,5300.0,0.01727597,-0.05384017,1.14729397,0.08391024,-0.06952519,0.05155109
sim-sess-0011-02,5400.0,0.15459191,-0.06862586,1.05341052,0.18664386,-0.06440173,-0.00258518
sim-sess-0011-02,5500.0,0.16231619,-0.08023880,0.90951363,0.08876172,0.01024108,-0.06194067
sim-sess-0011-02,5600.0,-0.05085522,-0.06932071,0.83404640,-0.11896958,0.02390608,-0.07774979
sim-sess-0011-02,5700.0,-0.15358823,-0.04751507,0.94901513,-0.19545971,0.04897411,-0.03880560
sim-sess-0011-02,5800.0,-0.12897514,0.00763403,1.11251605,-0.10337751,0.06270220,-0.01265377
sim-sess-0011-02,5900.0,0.03731237,0.01894128,1.12832126,0.10863140,0.07380093,0.04264580
sim-sess-0011-02,6000.0,0.17223323,0.06791290,1.06043016,0.17497577,0.06096197,0.06765208
sim-sess-0011-03,0.0,-0.00312828,0.03799223,0.98731012,0.36698094,0.01206233,0.04577261
sim-sess-0011-03,100.0,0.20767764,0.02473970,1.02474237,0.35989927,0.04727521,0.05236629
sim-sess-0011-03,200.0,0.34585864,0.06406071,1.06848352,0.25729937,0.09640007,0.07436304
sim-sess-0011-03,300.0,0.37906803,0.04422290,1.20098318,0.13250180,0.10761139,0.04368007
sim-sess-0011-03,400.0,0.36674779,0.00939155,1.28207467,0.00900818,0.07444166,0.03430559
sim-sess-0011-03,500.0,0.28301038,0.03285154,1.40007762,-0.13892966,0.06585275,0.06580671
sim-sess-0011-03,600.0,0.14979902,0.01502892,1.49058379,-0.25910300,0.04136473,0.05472675
sim-sess-0011-03,700.0,0.08212406,-0.02055765,1.57962472,-0.32846222,0.00983831,0.02104427
sim-sess-0011-03,800.0,0.00132708,-0.03060999,1.57141240,-0.37117371,-0.01725275,-0.01662478
sim-sess-0011-03,900.0,-0.07184733,-0.03398689,1.55876945,-0.30796294,-0.02268820,-0.00788383
sim-sess-0011-03,1000.0,-0.15890180,-0.04036116,1.52807644,-0.26809817,-0.06471232,-0.00308491
sim-sess-0011-03,1100.0,-0.28138449,-0.05575518,1.44060710,-0.16034739,-0.10284957,-0.02468437
sim-sess-0011-03,1200.0,-0.32766045,-0.02305453,1.32064137,-0.02298124,-0.07804459,-0.04533346
sim-sess-0011-03,1300.0,-0.38606618,-0.00292996,1.19553897,0.11783348,-0.07970246,-0.07129650
sim-sess-0011-03,1400.0,-0.33087717,0.00148039,1.08905091,0.19829815,-0.05189365,-0.05051310
sim-sess-0011-03,1500.0,-0.21321181,0.00233993,1.02066545,0.32333578,-0.04567935,-0.09373141
sim-sess-0011-03,1600.0,-0.01224894,0.01664403,1.00836797,0.34723963,0.01399871,-0.04616877
sim-sess-0011-03,1700.0,0.17237505,0.05103479,1.00766789,0.33741314,0.02737315,-0.08238090
sim-sess-0011-03,1800.0,0.31135270,0.05389637,1.06420316,0.28002196,0.04215653,-0.05960808
sim-sess-0011-03,1900.0,0.36998344,0.04688529,1.17643400,0.14071999,0.08833610,-0.06170836
sim-sess-0011-03,2000.0,0.35152681,0.03819016,1.29143671,0.03445614,0.09699063,-0.02907109
sim-sess-0011-03,2100.0,0.29814253,0.02128219,1.41196826,-0.11464660,0.07519771,-0.04876146
sim-sess-0011-03,2200.0,0.19682115,-0.00969848,1.52632334,-0.25197647,0.07765428,-0.02950596
sim-sess-0011-03,2300.0,0.08198324,-0.01477955,1.58719028,-0.34971923,0.04003905,-0.00270411
sim-sess-0011-03,2400.0,0.00828823,-0.04784430,1.61406386,-0.38043341,0.01734640,-0.00749007
sim-sess-0011-03,2500.0,-0.06687595,-0.02493668,1.60564820,-0.35919472,-0.04523259,-0.01214593
sim-sess-0011-03,2600.0,-0.16767780,-0.06052113,1.53235455,-0.26362303,-0.05319321,0.02558057
sim-sess-0011-03,2700.0,-0.20466636,-0.05366189,1.44055665,-0.17034446,-0.06535067,0.04784102
sim-sess-0011-03,2800.0,-0.33490227,-0.03927915,1.31347908,-0.03748332,-0.11170376,0.00448516
sim-sess-0011-03,2900.0,-0.39534588,-0.02713058,1.19834371,0.09057069,-0.08237851,0.08393372
sim-sess-0011-03,3000.0,-0.36156462,0.00370869,1.12028303,0.22083627,-0.07106972,0.05251450
sim-sess-0011-03,3100.0,-0.24783913,0.03417332,1.05290478,0.31998048,-0.03513237,0.06276380
sim-sess-0011-03,3200.0,-0.06383796,0.04098801,0.98185489,0.33649622,-0.00678706,0.03451991
sim-sess-0011-03,3300.0,0.15088905,0.04985015,1.02593054,0.35762168,0.02956010,0.06081948
sim-sess-0011-03,3400.0,0.30695921,0.06454052,1.07026516,0.29627940,0.04975573,0.06723386
sim-sess-0011-03,3500.0,0.36419678,0.03246336,1.16320290,0.16576457,0.08151659,0.05615243
sim-sess-0011-03,3600.0,0.35859953,0.03439061,1.28904304,0.03499945,0.09644438,0.05799672
sim-sess-0011-03,3700.0,0.28607166,0.02863196,1.38865861,-0.12078367,0.10189880,0.01826008
sim-sess-0011-03,3800.0,0.19089182,-0.00310404,1.48811956,-0.22431967,0.06645321,0.04378355
sim-sess-0011-03,3900.0,0.12499270,0.00095457,1.56349852,-0.30266320,0.06667546,0.04017932
sim-sess-0011-03,4000.0,0.01773976,-0.03280394,1.60053256,-0.33998741,0.02390126,-0.01141413
sim-sess-0011-03,4100.0,-0.03753240,-0.03580172,1.55477855,-0.34612256,-0.04790245,0.00166301
sim-sess-0011-03,4200.0,-0.14263316,-0.04781166,1.55879405,-0.27662302,-0.05609803,-0.02217204
sim-sess-0011-03,4300.0,-0.20652726,-0.04289401,1.43778835,-0.16476928,-0.04904805,-0.03006096
sim-sess-0011-03,4400.0,-0.30083987,-0.04354685,1.31863518,-0.04653379,-0.05928438,-0.05186780
sim-sess-0011-03,4500.0,-0.40293655,-0.02374650,1.21108987,0.08890952,-0.08244498,-0.07328939
sim-sess-0011-03,4600.0,-0.33274510,-0.02080723,1.12518265,0.20958917,-0.04596269,-0.05189338
sim-sess-0011-03,4700.0,-0.27080991,0.02099624,1.03411015,0.31451638,-0.03647190,-0.03387470
sim-sess-0011-03,4800.0,-0.05835578,-0.00067936,0.99590286,0.36205899,-0.00644357,-0.05060407
sim-sess-0011-03,4900.0,0.11741207,0.02979484,1.00524074,0.36439234,0.03333622,-0.08281992
sim-sess-0011-03,5000.0,0.26349625,0.07386507,1.04813870,0.25821430,0.00621853,-0.08603924
sim-sess-0011-03,5100.0,0.36366182,0.03701699,1.15044751,0.17875719,0.05150216,-0.06336856
sim-sess-0011-03,5200.0,0.35047115,0.03878309,1.24971492,0.05675084,0.08398405,-0.03463094
sim-sess-0011-03,5300.0,0.30396627,0.03029921,1.37856460,-0.08138669,0.06396531,-0.06755574
sim-sess-0011-03,5400.0,0.21268887,-0.01326709,1.46911033,-0.20982975,0.06543209,-0.03471812
sim-sess-0011-03,5500.0,0.10530631,-0.00268074,1.53141613,-0.28618294,0.03518754,-0.01560499
sim-sess-0011-03,5600.0,0.03239640,-0.02259745,1.59576031,-0.37097265,-0.01371305,0.00592476
sim-sess-0011-03,5700.0,-0.02933810,-0.05500822,1.59109739,-0.38412069,0.01086698,-0.00572137
sim-sess-0011-03,5800.0,-0.12364410,-0.04870530,1.54020241,-0.28333266,-0.05717645,0.00650039
sim-sess-0011-03,5900.0,-0.20309855,-0.03231213,1.45980527,-0.20032452,-0.07439761,0.04996553
sim-sess-0011-03,6000.0,-0.30405026,-0.05192766,1.36964227,-0.04026099,-0.06952044,0.02947828
sim-sess-0011-04,0.0,0.05478070,-0.01388710,1.00223562,0.26578546,-0.01066052,0.04730913
sim-sess-0011-04,100.0,0.16583712,0.01815220,1.00615460,0.30454132,0.04902189,0.03627592
sim-sess-0011-04,200.0,0.22563866,0.02680304,1.02809432,0.26097388,0.04072481,0.05093126
sim-sess-0011-04,300.0,0.30292833,0.03070414,1.07222059,0.18585514,0.05916737,0.05520157
sim-sess-0011-04,400.0,0.37185686,0.04738670,1.13114224,0.16320436,0.11481647,0.05872118
sim-sess-0011-04,500.0,0.39423899,0.02994383,1.17053559,0.10526446,0.12663054,0.02495571
sim-sess-0011-04,600.0,0.40747874,0.03967096,1.26870202,0.05641833,0.11958577,0.03747577
sim-sess-0011-04,700.0,0.43750313,0.05461884,1.35392853,-0.00090438,0.10732161,0.02470203
sim-sess-0011-04,800.0,0.42228424,0.04985574,1.45040357,-0.03958000,0.08139236,0.02939562
sim-sess-0011-04,900.0,0.36868540,0.06319517,1.52033374,-0.14856600,0.09352918,0.02329530
sim-sess-0011-04,1000.0,0.31223460,0.06635532,1.59713214,-0.19941840,0.08768892,0.02617638
sim-sess-0011-04,1100.0,0.27679609,0.06607758,1.66751788,-0.22319240,0.10402011,0.03337293
sim-sess-0011-04,1200.0,0.19375961,0.07127696,1.72614192,-0.27285971,0.05129373,0.00470443
sim-sess-0011-04,1300.0,0.07202388,0.08699278,1.71375463,-0.27294157,0.02971375,0.00989580
sim-sess-0011-04,1400.0,0.00783700,0.06971669,1.74945728,-0.26583571,0.02486657,0.00215540
sim-sess-0011-04,1500.0,-0.07684312,0.04772218,1.81635242,-0.25066303,-0.00771973,0.02925285
sim-sess-0011-04,1600.0,-0.15961170,0.07454779,1.73793918,-0.24307348,-0.00437371,-0.01322014
sim-sess-0011-04,1700.0,-0.27075629,0.03766876,1.72807038,-0.19331758,-0.05867023,-0.00328410
sim-sess-0011-04,1800.0,-0.32710846,0.07711545,1.72176457,-0.18546447,-0.10395205,-0.03550528
sim-sess-0011-04,1900.0,-0.34525005,0.04835501,1.59214655,-0.13903817,-0.08947927,-0.00151775
sim-sess-0011-04,2000.0,-0.42450676,0.06515366,1.58048468,-0.07316483,-0.11657699,0.00993887
sim-sess-0011-04,2100.0,-0.42107304,0.06118212,1.47513543,-0.03522132,-0.10840408,-0.03630641
sim-sess-0011-04,2200.0,-0.42369605,0.06152335,1.40282367,0.03288193,-0.11027629,-0.03761302
sim-sess-0011-04,2300.0,-0.39559069,0.05591574,1.33903666,0.10344809,-0.08858680,-0.01591819
sim-sess-0011-04,2400.0,-0.35594053,0.04673422,1.22727136,0.14511456,-0.10907558,-0.06130008
sim-sess-0011-04,2500.0,-0.29333959,0.02146359,1.15109204,0.17954611,-0.10899539,-0.00820521
sim-sess-0011-04,2600.0,-0.24115188,0.03447159,1.11084074,0.24217854,-0.09883575,-0.02085833
sim-sess-0011-04,2700.0,-0.15142843,0.01579771,1.04726014,0.25258081,-0.08475977,-0.03732066
sim-sess-0011-04,2800.0,-0.04049470,0.01010986,1.01846078,0.25903938,-0.03755251,-0.04300878
sim-sess-0011-04,2900.0,0.02756904,0.00676877,0.98172201,0.31139418,0.02074234,-0.04035679
sim-sess-0011-04,3000.0,0.09592295,-0.02420140,0.97938740,0.25597183,-0.00984029,-0.05207946
sim-sess-0011-04,3100.0,0.18823597,-0.00201090,1.01389867,0.24240770,0.04311282,-0.03561060
sim-sess-0011-04,3200.0,0.28875381,-0.02267052,1.07255203,0.21051094,0.06540311,-0.06963190
sim-sess-0011-04,3300.0,0.34516750,-0.04893487,1.12059283,0.18033937,0.07407645,-0.02665045
sim-sess-0011-04,3400.0,0.39047819,-0.02457236,1.20204919,0.10984235,0.07691437,-0.06432677
sim-sess-0011-04,3500.0,0.42313005,-0.03282782,1.22966738,0.11238420,0.10718168,-0.03754892
sim-sess-0011-04,3600.0,0.43668353,-0.05628265,1.30714917,-0.00973087,0.11098497,-0.01463265
sim-sess-0011-04,3700.0,0.43057452,-0.05396539,1.44053521,-0.05655218,0.11477110,-0.02838073
sim-sess-0011-04,3800.0,0.37404472,-0.03478399,1.46697724,-0.10504926,0.07774728,-0.03869484
sim-sess-0011-04,3900.0,0.33650311,-0.04683503,1.57345962,-0.15927481,0.09589074,-0.01420672
sim-sess-0011-04,4000.0,0.29003840,-0.05883184,1.66285719,-0.18940772,0.09667099,-0.01133423
sim-sess-0011-04,4100.0,0.21741058,-0.06383739,1.68902887,-0.24946043,0.05641856,-0.05079895
sim-sess-0011-04,4200.0,0.13162884,-0.05774199,1.73099056,-0.26200129,0.05062785,-0.00819364
sim-sess-0011-04,4300.0,0.03047049,-0.09050340,1.75621957,-0.27787273,0.04297379,0.02167958
sim-sess-0011-04,4400.0,-0.02612272,-0.06526709,1.75984224,-0.25593706,0.00849390,0.00389319
sim-sess-0011-04,4500.0,-0.14150253,-0.06096351,1.80660861,-0.27557701,-0.01776247,-0.00736400
sim-sess-0011-04,4600.0,-0.23596678,-0.08736244,1.79444757,-0.24372549,-0.07590306,0.04513804
sim-sess-0011-04,4700.0,-0.25478931,-0.08301636,1.67804391,-0.19125994,-0.05457271,0.03288341
sim-sess-0011-04,4800.0,-0.33783281,-0.06571114,1.66301852,-0.16490686,-0.08629232,0.01977987
sim-sess-0011-04,4900.0,-0.40272438,-0.06152896,1.59640227,-0.08053239,-0.11912264,0.01153601
sim-sess-0011-04,5000.0,-0.41404743,-0.05585906,1.50683104,-0.02290089,-0.09488981,0.04373672
sim-sess-0011-04,5100.0,-0.42777658,-0.04788361,1.42034201,0.01857673,-0.08994591,0.01911005
sim-sess-0011-04,5200.0,-0.42225012,-0.03823065,1.34528810,0.09194309,-0.13069996,0.02455274
sim-sess-0011-04,5300.0,-0.38641193,-0.04843733,1.26035453,0.14232569,-0.11658209,0.05715564
sim-sess-0011-04,5400.0,-0.33152356,-0.02391875,1.20618219,0.18355152,-0.10135825,0.03130640
sim-sess-0011-04,5500.0,-0.26225737,-0.03367130,1.11132684,0.22001041,-0.07547679,0.03421977
sim-sess-0011-04,5600.0,-0.16668121,-0.02649771,1.05288821,0.24313905,-0.03835291,0.02470643
sim-sess-0011-04,5700.0,-0.10371554,-0.01039989,1.02700556,0.26485417,-0.04464642,0.03393916
sim-sess-0011-04,5800.0,0.00039299,0.00548448,1.00305772,0.26258911,-0.01290434,0.06569346
sim-sess-0011-04,5900.0,0.08077587,-0.00340814,1.01398704,0.27099066,0.01190188,0.04986728
sim-sess-0011-04,6000.0,0.14944794,0.00099352,1.00385621,0.25727017,0.01512257,0.07386733
sim-sess-0011-05,0.0,0.00510280,0.03671390,1.00748236,0.01626131,0.03682230,-0.01474269
sim-sess-0011-05,100.0,0.01768483,0.02442605,1.02260815,0.01802167,0.02195402,-0.00573956
sim-sess-0011-05,200.0,0.04130284,0.01690142,1.02227960,0.00723318,0.01935693,0.02532658
sim-sess-0011-05,300.0,0.04014437,0.00327432,1.01823778,0.03234168,0.01813302,-0.00404772
sim-sess-0011-05,400.0,0.01746980,0.04815387,1.02066325,0.03035433,0.00920964,-0.00931260
sim-sess-0011-05,500.0,0.02698895,0.03128985,1.04650328,0.05205116,0.00349860,0.02565504
sim-sess-0011-05,600.0,0.04056971,0.01374974,1.04164765,0.04034896,-0.00414667,0.02741159
sim-sess-0011-05,700.0,0.00954472,-0.00523834,1.03081039,0.01055288,-0.00573277,0.01075429
sim-sess-0011-05,800.0,0.03026980,-0.00912214,1.00924403,-0.00353999,-0.00548396,0.02876550
sim-sess-0011-05,900.0,0.00496202,-0.03320685,1.02199406,0.01091644,-0.00213963,0.02391017
sim-sess-0011-05,1000.0,-0.01881477,-0.04362638,1.03779378,0.03400917,-0.01885891,0.00792192
sim-sess-0011-05,1100.0,-0.03025572,-0.03781854,0.99425997,-0.02250560,-0.01794332,-0.00334816
sim-sess-0011-05,1200.0,-0.04030801,-0.01857068,0.97813553,-0.00894055,-0.03008823,0.01543065
sim-sess-0011-05,1300.0,-0.03430949,-0.04041201,0.97863993,-0.02648257,-0.02818503,0.01633546
sim-sess-0011-05,1400.0,-0.05356375,-0.04086654,0.98662710,-0.05264585,-0.04952103,0.01145520
sim-sess-0011-05,1500.0,-0.02766185,-0.01992217,0.94545939,-0.04815078,-0.05804014,0.01252752
sim-sess-0011-05,1600.0,-0.02127646,-0.00964379,0.96193303,-0.02702282,-0.00777379,-0.00028756
sim-sess-0011-05,1700.0,-0.02395639,-0.03000834,0.94879753,-0.03717517,-0.02318480,0.00034783
sim-sess-0011-05,1800.0,-0.00093108,0.02385161,0.98454459,0.00308865,-0.00853216,0.02570894
sim-sess-0011-05,1900.0,-0.00057075,0.01100510,0.98475301,-0.00950743,-0.00310123,-0.00759494
sim-sess-0011-05,2000.0,0.02199574,0.02609442,0.97931536,0.00623606,0.01113642,-0.00054625
sim-sess-0011-05,2100.0,0.03724127,0.01296204,0.98839202,0.00967067,0.01739303,-0.01060396
sim-sess-0011-05,2200.0,0.05631804,0.03572388,1.01183086,0.03978620,-0.00173020,-0.01039606
sim-sess-0011-05,2300.0,0.03734779,0.00706213,1.00078924,0.00494693,0.02038522,-0.01808098
sim-sess-0011-05,2400.0,0.02953663,0.06327403,1.01947172,0.03016817,0.03225106,-0.00040510
sim-sess-0011-05,2500.0,0.01309862,0.03193757,1.04785033,0.05491266,0.04843473,-0.00330544
sim-sess-0011-05,2600.0,0.02194694,0.01633363,1.04322356,0.02656302,0.02805851,-0.00782003
sim-sess-0011-05,2700.0,-0.00142485,0.01477384,1.01985547,0.02999009,0.03299895,-0.02858391
sim-sess-0011-05,2800.0,-0.01942686,0.02142976,1.01770314,0.00793216,0.03502583,0.00266373
sim-sess-0011-05,2900.0,-0.00698592,0.00661481,1.02372131,-0.00393365,-0.01384543,-0.02637502
sim-sess-0011-05,3000.0,-0.04193288,-0.01855604,0.99894398,0.02004050,0.00860146,-0.03054315
sim-sess-0011-05,3100.0,-0.02263624,-0.00371941,1.02286220,-0.01742174,-0.00401872,-0.02275990
sim-sess-0011-05,3200.0,-0.03384656,-0.03727283,0.99851295,-0.00516447,-0.01130319,-0.01412491
sim-sess-0011-05,3300.0,-0.02415187,-0.03027645,0.98630677,-0.03215339,-0.01413458,0.00786436
sim-sess-0011-05,3400.0,-0.04570020,-0.03037785,0.98202336,-0.01252314,-0.01655097,-0.01289332
sim-sess-0011-05,3500.0,-0.01193057,-0.03566929,0.95921183,-0.02236351,-0.03548727,0.02965100
sim-sess-0011-05,3600.0,0.02281964,-0.01110614,0.96533509,-0.03597309,-0.02903308,-0.00086134
sim-sess-0011-05,3700.0,-0.00848628,-0.02350523,0.96727403,-0.01642525,-0.01095596,0.03025227
sim-sess-0011-05,3800.0,0.03513823,-0.06145867,0.96779112,-0.00980844,-0.01941864,0.00593642
sim-sess-0011-05,3900.0,0.03673999,-0.00908907,0.98974164,-0.00673382,-0.02854616,0.01481902
sim-sess-0011-05,4000.0,0.03888473,0.01038131,0.98656660,-0.01406491,-0.03499180,-0.00388477
sim-sess-0011-05,4100.0,0.03346421,0.00536278,1.00005080,-0.00050646,-0.01879074,0.00212960
sim-sess-0011-05,4200.0,0.05381366,0.00703909,1.01697243,0.02904231,-0.01963797,0.01866874
sim-sess-0011-05,4300.0,0.02897891,0.01547701,1.01436205,0.05580369,-0.00955254,0.01559682
sim-sess-0011-05,4400.0,-0.00690532,0.00940308,0.99830589,0.05925920,0.00024806,-0.00399837
sim-sess-0011-05,4500.0,0.00392543,0.01730198,1.02295467,0.02469766,0.02055954,0.01123520
sim-sess-0011-05,4600.0,0.01137109,0.04229572,1.03344078,0.02989724,0.01223957,0.01099954
sim-sess-0011-05,4700.0,-0.00146647,0.02455042,1.02488399,0.01256680,0.00983135,0.02489435
sim-sess-0011-05,4800.0,-0.04890118,0.04759736,1.01675176,0.01829681,0.03761174,-0.00788130
sim-sess-0011-05,4900.0,-0.04400082,0.02256239,1.02874228,0.02436212,0.02229602,-0.01833490
sim-sess-0011-05,5000.0,-0.04354207,0.02653943,1.01284884,0.04172144,0.05065524,0.01894746
sim-sess-0011-05,5100.0,-0.03591952,0.03326410,1.00924907,-0.01011769,0.02372112,-0.02599592
sim-sess-0011-05,5200.0,-0.02979920,0.02518819,1.00860113,-0.00532006,-0.00745309,-0.01022608
sim-sess-0011-05,5300.0,-0.03562417,0.00836909,1.00038936,-0.02796329,0.01803720,-0.00055858
sim-sess-0011-05,5400.0,0.01222176,0.00090311,0.98608403,-0.02792092,0.01906722,-0.02880678
sim-sess-0011-05,5500.0,-0.00152394,-0.00671774,0.98135831,-0.02240178,-0.00682661,-0.00552341
sim-sess-0011-05,5600.0,0.01878474,-0.01743374,0.96925411,-0.03375588,-0.01328303,-0.01251088
sim-sess-0011-05,5700.0,0.05205279,-0.01694760,0.98305526,-0.04132049,-0.00256933,-0.02004927
sim-sess-0011-05,5800.0,0.03568516,-0.00329918,0.96651179,-0.03103251,-0.01527568,-0.04151830
sim-sess-0011-05,5900.0,0.02869842,-0.02333010,0.97222430,-0.04256183,-0.01018200,-0.01753475
sim-sess-0011-05,6000.0,0.04236005,-0.03789706,0.97475559,0.00618430,-0.01219528,-0.01647202
sim-sess-0012-01,0.0,-0.00626068,-0.00544817,1.00560284,-0.01239008,0.01887559,0.00193798
sim-sess-0012-01,100.0,0.00289153,0.02052058,0.99688912,0.00458377,0.00435775,-0.00129235
sim-sess-0012-01,200.0,-0.00269780,-0.00030736,0.99977325,-0.01076831,-0.00323042,0.01498289
sim-sess-0012-01,300.0,0.00590255,0.00405736,1.02368699,-0.00075833,0.02081378,-0.00404261
sim-sess-0012-01,400.0,-0.00436763,0.03539612,1.01232981,-0.00648761,-0.00446595,0.01841445
sim-sess-0012-01,500.0,0.02134832,-0.00180361,1.00843680,0.00406151,0.00568958,0.00927129
sim-sess-0012-01,600.0,-0.01609363,0.01808488,1.00065411,0.01150192,0.03270101,-0.00934443
sim-sess-0012-01,700.0,0.00995127,0.00154021,1.01847496,-0.00024436,0.01486912,0.00295198
sim-sess-0012-01,800.0,0.00995413,0.02084566,1.02469902,-0.01112687,0.00679399,0.00600255
sim-sess-0012-01,900.0,-0.00484439,-0.00266213,1.01911229,-0.00214462,-0.00635073,-0.00910112
sim-sess-0012-01,1000.0,0.02253417,0.00414630,1.02652137,0.00551196,0.03131976,-0.00251394
sim-sess-0012-01,1100.0,0.01750816,0.00559883,1.01097032,0.01945606,-0.00018253,0.00137250
sim-sess-0012-01,1200.0,0.00916847,0.00037994,1.01404377,0.02007972,0.00530561,0.02318164
sim-sess-0012-01,1300.0,0.01385725,0.00210486,0.99771236,-0.00564364,-0.01614985,0.00993308
sim-sess-0012-01,1400.0,0.00097966,-0.00246643,1.02362127,-0.00830881,0.00281012,0.01546899
sim-sess-0012-01,1500.0,0.01113363,-0.01777201,0.99346760,0.01579958,0.00080050,-0.00934243
sim-sess-0012-01,1600.0,0.00091992,-0.00572965,1.02869257,0.01223597,-0.02532619,0.03126698
sim-sess-0012-01,1700.0,0.02719366,-0.00744068,0.99785492,0.00408672,0.01055688,0.00405354
sim-sess-0012-01,1800.0,0.01411486,-0.00981126,1.00976411,-0.00808587,-0.01413280,-0.01565295
sim-sess-0012-01,1900.0,0.00013304,-0.00488489,1.01707228,-0.01450195,0.01990945,-0.00160189
sim-sess-0012-01,2000.0,0.03032177,0.00234058,0.99390733,-0.00810768,0.02853677,0.01920393
sim-sess-0012-01,2100.0,0.01138927,-0.00105431,1.01873360,-0.01059687,0.02020020,0.02626358
sim-sess-0012-01,2200.0,0.02427498,0.00157308,0.99384516,0.00727735,0.00433281,0.00819300
sim-sess-0012-01,2300.0,-0.01096686,-0.01009795,0.98037084,0.00805948,-0.00376718,-0.01060799
sim-sess-0012-01,2400.0,-0.00429988,-0.00324239,1.00071894,-0.02347992,0.01648925,-0.00413089
sim-sess-0012-01,2500.0,-0.00314048,-0.01281135,0.99724410,0.03105554,0.00237554,-0.01443505
sim-sess-0012-01,2600.0,0.02615459,-0.01352027,0.99408347,0.01991513,0.01057788,0.02928262
sim-sess-0012-01,2700.0,-0.00461469,-0.06010581,0.99713070,0.02434267,-0.03385779,-0.00177435
sim-sess-0012-01,2800.0,-0.00006632,-0.00186169,0.98004429,0.01885415,0.04714407,0.00047342
sim-sess-0012-01,2900.0,-0.02216927,-0.01890323,0.97420034,0.00673106,0.00627120,0.02239313
sim-sess-0012-01,3000.0,-0.01716277,-0.01160624,0.99345785,-0.00125823,0.04106953,0.02424396
sim-sess-0012-01,3100.0,-0.00883377,-0.01058162,0.99004534,0.00061232,0.02081524,0.01369280
sim-sess-0012-01,3200.0,-0.00065945,-0.00411381,0.97848482,0.00796580,0.02384074,-0.00633198
sim-sess-0012-01,3300.0,0.00531568,0.01039772,0.97750405,0.00994069,0.00406612,0.00249821
sim-sess-0012-01,3400.0,-0.02263043,-0.01839755,0.97937310,0.02440000,0.00479035,0.01705559
sim-sess-0012-01,3500.0,-0.01480714,-0.00024970,0.98166441,-0.00703578,0.00046763,-0.00636306
sim-sess-0012-01,3600.0,-0.01624413,0.01333716,0.97470988,0.01447171,0.02208157,0.00751732
sim-sess-0012-01,3700.0,-0.01795604,-0.01770941,0.99939315,0.00161508,0.03226817,-0.01146152
sim-sess-0012-01,3800.0,-0.00814365,-0.00326701,0.98305566,-0.01257378,0.02069522,-0.03709745
sim-sess-0012-01,3900.0,-0.00756296,0.00920922,1.02508574,0.00754581,0.02032153,-0.01338714
sim-sess-0012-01,4000.0,-0.01750193,0.02052981,0.98109793,0.00656184,0.01095922,0.00201941
sim-sess-0012-01,4100.0,-0.01745526,0.01880065,1.00011300,0.00110409,0.01990391,0.02508726
sim-sess-0012-01,4200.0,-0.00343688,0.01802118,1.00526822,0.00756928,0.01394315,0.02489607
sim-sess-0012-01,4300.0,-0.00875612,-0.00669466,1.00361919,-0.00259285,0.01325903,0.01292229
sim-sess-0012-01,4400.0,-0.00050312,0.00018381,0.98505473,0.00227279,-0.01419609,0.01704316
sim-sess-0012-01,4500.0,-0.00018337,0.01668520,1.01812426,0.00696189,0.00211254,0.02631832
sim-sess-0012-01,4600.0,-0.01454271,-0.00294684,1.00008171,0.02329830,0.01099463,-0.00426545
sim-sess-0012-01,4700.0,-0.00625403,0.00365233,0.99295133,0.01626866,0.01672235,-0.00006872
sim-sess-0012-01,4800.0,-0.01591105,0.01193459,1.00939429,0.01946276,0.01163619,0.02276978
sim-sess-0012-01,4900.0,-0.00900681,-0.00854966,0.99302918,0.00478699,-0.00545534,0.00495020
sim-sess-0012-01,5000.0,0.01297463,0.01495828,1.00021400,0.00630559,-0.00511546,-0.00148781
sim-sess-0012-01,5100.0,-0.00453069,0.00597900,1.01338220,0.03480137,0.00813180,-0.02058789
sim-sess-0012-01,5200.0,0.01716260,0.02685357,0.97653656,0.01092993,0.00153250,0.01985938
sim-sess-0012-01,5300.0,0.00755481,0.01874296,1.01177957,0.01355318,0.01308100,0.00540218
sim-sess-0012-01,5400.0,-0.01565705,-0.00243453,1.01522826,0.00531411,0.01487790,-0.02119100
sim-sess-0012-01,5500.0,-0.00203003,0.00909097,1.02923654,0.01529989,0.02040695,0.00314897
sim-sess-0012-01,5600.0,0.01437470,-0.00053261,1.03439428,0.03074741,0.03229497,0.02474811
sim-sess-0012-01,5700.0,-0.01644471,0.02736290,1.00327653,0.00717580,0.01336457,0.01274397
sim-sess-0012-01,5800.0,0.00886555,0.01447502,1.03326213,0.00698976,0.02740970,0.01781411
sim-sess-0012-01,5900.0,0.00430580,0.00950943,1.00902080,-0.01122158,0.01571464,-0.00261437
sim-sess-0012-01,6000.0,-0.00571440,0.01502423,0.99687111,-0.00385002,0.03204910,0.02609644
sim-sess-0012-02,0.0,0.01119504,0.02950461,1.17148711,0.08173846,0.06099992,0.00371591
sim-sess-0012-02,100.0,0.14491905,0.03957744,1.08393329,0.19723253,0.06321502,0.04238552
sim-sess-0012-02,200.0,0.14352966,0.06041411,0.93087844,0.12835942,0.04449066,0.05495969
sim-sess-0012-02,300.0,-0.01151458,0.04914821,0.82584744,-0.10508747,0.00441465,0.06702587
sim-sess-0012-02,400.0,-0.15463802,0.03014561,0.90933708,-0.21111443,-0.04526175,0.03143213
sim-sess-0012-02,500.0,-0.13857204,0.00739597,1.10858571,-0.11105581,-0.05363852,-0.03723386
sim-sess-0012-02,600.0,0.01834742,-0.02871674,1.16387875,0.08762250,-0.07057290,-0.05559408
sim-sess-0012-02,700.0,0.18689506,-0.05339841,1.07450226,0.18597630,-0.07033581,-0.06538075
sim-sess-0012-02,800.0,0.15971624,-0.08379664,0.90414115,0.11111027,-0.01501231,-0.03731592
sim-sess-0012-02,900.0,-0.05410696,-0.07023695,0.85239883,-0.11903444,0.01026628,0.03628551
sim-sess-0012-02,1000.0,-0.15520544,-0.05785944,0.94476751,-0.21199268,0.04585750,0.08353059
sim-sess-0012-02,1100.0,-0.14569839,0.00015859,1.11750228,-0.08838390,0.07119500,0.04852014
sim-sess-0012-02,1200.0,0.03167907,0.02456162,1.14619156,0.10175024,0.08005358,0.02996596
sim-sess-0012-02,1300.0,0.17366587,0.06215941,1.04952986,0.22028809,0.04670291,-0.02549977
sim-sess-0012-02,1400.0,0.12842264,0.07354422,0.86646690,0.05710302,0.02395525,-0.06201450
sim-sess-0012-02,1500.0,-0.04182361,0.07137799,0.84582922,-0.12961893,-0.01690524,-0.04777398
sim-sess-0012-02,1600.0,-0.19012162,0.04455688,0.97259342,-0.20536328,-0.05971341,-0.04014568
sim-sess-0012-02,1700.0,-0.14246417,0.00598173,1.14818152,-0.04738926,-0.03020465,0.02633292
sim-sess-0012-02,1800.0,0.06237222,-0.01598776,1.15913244,0.13382808,-0.08277938,0.02825788
sim-sess-0012-02,1900.0,0.18161806,-0.04443401,1.01178190,0.19871819,-0.07278802,0.06281686
sim-sess-0012-02,2000.0,0.09866030,-0.05394389,0.86529896,0.02278885,-0.03003878,0.05358898
sim-sess-0012-02,2100.0,-0.06139618,-0.08012906,0.83986248,-0.13192079,0.02019862,-0.01041098
sim-sess-0012-02,2200.0,-0.18681448,-0.02641315,0.98688577,-0.21334662,0.05169738,-0.06362297
sim-sess-0012-02,2300.0,-0.08769101,0.00710779,1.12239695,-0.05089402,0.09401406,-0.05543097
sim-sess-0012-02,2400.0,0.10299894,0.06070949,1.15294367,0.14415292,0.06105766,-0.00811977
sim-sess-0012-02,2500.0,0.18726030,0.05369291,0.99583347,0.18718063,0.05758159,-0.03371707
sim-sess-0012-02,2600.0,0.09723951,0.06284826,0.85548299,0.02580892,0.02546656,0.03831599
sim-sess-0012-02,2700.0,-0.09190999,0.07533107,0.87533905,-0.15982556,-0.02039330,0.04762237
sim-sess-0012-02,2800.0,-0.19095464,0.03269258,0.98647368,-0.20469715,-0.06880960,0.03931812
sim-sess-0012-02,2900.0,-0.06766517,-0.00889806,1.13654298,-0.00890073,-0.06184292,0.00421625
sim-sess-0012-02,3000.0,0.12762979,-0.06624664,1.15714000,0.20205920,-0.06963921,-0.05310514
sim-sess-0012-02,3100.0,0.18406289,-0.07158233,0.95714904,0.18565314,-0.08152610,-0.07810836
sim-sess-0012-02,3200.0,0.05623555,-0.07776233,0.82550131,0.00487807,-0.02418699,-0.06115371
sim-sess-0012-02,3300.0,-0.10066443,-0.05647213,0.87788515,-0.16768825,0.03300685,-0.02567933
sim-sess-0012-02,3400.0,-0.18021808,-0.04479285,1.01650905,-0.18959601,0.04109604,0.01589837
sim-sess-0012-02,3500.0,-0.05423690,0.02434767,1.16589705,0.02711118,0.03979196,0.06481494
sim-sess-0012-02,3600.0,0.15318630,0.04405960,1.14143158,0.20236520,0.04221239,0.06985203
sim-sess-0012-02,3700.0,0.17497229,0.05688428,0.97028673,0.14823900,0.02302158,0.01550288
sim-sess-0012-02,3800.0,0.04620686,0.08574683,0.84573624,-0.01807308,-0.00770683,-0.01493758
sim-sess-0012-02,3900.0,-0.13232418,0.04765289,0.91760693,-0.19526018,-0.05489057,-0.03629279
sim-sess-0012-02,4000.0,-0.16710871,0.02202196,1.02951881,-0.16151234,-0.04966501,-0.04966201
sim-sess-0012-02,4100.0,-0.04176817,-0.00784567,1.17639407,0.05803821,-0.07281772,-0.04205637
sim-sess-0012-02,4200.0,0.14733364,-0.05430524,1.09809238,0.16056312,-0.07457789,0.02102347
sim-sess-0012-02,4300.0,0.18872008,-0.07326560,0.93593860,0.15582973,-0.04081212,0.04386653
sim-sess-0012-02,4400.0,0.01253380,-0.08247482,0.84233805,-0.03845599,-0.01225203,0.03577734
sim-sess-0012-02,4500.0,-0.12980596,-0.04633076,0.90730681,-0.23069879,0.02983960,0.02996516
sim-sess-0012-02,4600.0,-0.15454661,-0.03232792,1.06834629,-0.14522129,0.07923862,-0.01363905
sim-sess-0012-02,4700.0,-0.02195445,0.01302405,1.18266350,0.06850770,0.08826058,-0.03810120
sim-sess-0012-02,4800.0,0.17001220,0.04688127,1.08394210,0.20250568,0.06759409,-0.07271616
sim-sess-0012-02,4900.0,0.17347652,0.06757708,0.91554254,0.14462317,0.03830108,-0.04706585
sim-sess-0012-02,5000.0,0.00065531,0.07248965,0.82624320,-0.07584902,-0.03212112,0.02839873
sim-sess-0012-02,5100.0,-0.15232710,0.07764675,0.92457254,-0.20045407,-0.03015324,0.04530852
sim-sess-0012-02,5200.0,-0.14318088,0.01689757,1.10156104,-0.07533992,-0.06800728,0.05184221
sim-sess-0012-02,5300.0,0.02396115,-0.03073302,1.16797374,0.10538844,-0.07663872,0.03068752
sim-sess-0012-02,5400.0,0.17328858,-0.05612753,1.10936643,0.23039436,-0.08540066,-0.00334659
sim-sess-0012-02,5500.0,0.15795609,-0.06163456,0.87428435,0.13684631,-0.02918670,-0.05336152
sim-sess-0012-02,5600.0,-0.03329374,-0.08520836,0.83383050,-0.13299201,0.01337703,-0.05116059
sim-sess-0012-02,5700.0,-0.17331097,-0.07029246,0.94588810,-0.20785190,0.06566524,-0.06102412
sim-sess-0012-02,5800.0,-0.14764928,-0.00379608,1.08727121,-0.09332479,0.07387784,-0.01731821
sim-sess-0012-02,5900.0,0.03104236,0.01412443,1.16700851,0.12070543,0.06206318,0.02466968
sim-sess-0012-02,6000.0,0.19586349,0.06321934,1.05421475,0.19782906,0.07273969,0.02871909
sim-sess-0012-03,0.0,0.00916002,0.01380499,0.98879899,0.39392828,-0.01447357,0.05431215
sim-sess-0012-03,100.0,0.18914917,0.07389420,1.03856408,0.32570977,0.00274778,0.06772390
sim-sess-0012-03,200.0,0.34242786,0.02710628,1.12020399,0.28449652,0.07921323,0.08905960
sim-sess-0012-03,300.0,0.37568823,0.05104331,1.18608729,0.12923232,0.06653247,0.05916219
sim-sess-0012-03,400.0,0.33543734,0.03286994,1.28870114,0.02720920,0.09951680,0.04015771
sim-sess-0012-03,500.0,0.25283183,0.02422790,1.42507556,-0.12672004,0.05352587,0.04356713
sim-sess-0012-03,600.0,0.16589960,-0.00158199,1.52989642,-0.26342042,0.06725798,0.02523395
sim-sess-0012-03,700.0,0.08217899,-0.02882821,1.60930861,-0.34681393,0.07649592,-0.00740735
sim-sess-0012-03,800.0,0.01046226,-0.02306761,1.64738137,-0.39189611,0.01919818,-0.00371000
sim-sess-0012-03,900.0,-0.07286822,-0.04254604,1.63780267,-0.33470461,-0.01169131,-0.00951818
sim-sess-0012-03,1000.0,-0.15002371,-0.04473062,1.53884625,-0.29603572,-0.02755938,-0.01942406
sim-sess-0012-03,1100.0,-0.27491118,-0.06293431,1.43594198,-0.17292158,-0.07699252,-0.03793858
sim-sess-0012-03,1200.0,-0.35707070,-0.03911406,1.33747278,-0.00829876,-0.09154162,-0.04002323
sim-sess-0012-03,1300.0,-0.36733800,-0.02505385,1.20376194,0.12572051,-0.08417270,-0.04952692
sim-sess-0012-03,1400.0,-0.33040680,0.01150945,1.07407347,0.24948235,-0.06239386,-0.05934113
sim-sess-0012-03,1500.0,-0.20904405,0.03813696,1.03941548,0.32972803,-0.01634431,-0.07098649
sim-sess-0012-03,1600.0,-0.00896835,0.01701285,1.00221861,0.37087262,0.01524476,-0.06797894
sim-sess-0012-03,1700.0,0.14898132,0.05038197,1.00536973,0.34530317,0.04678232,-0.06067932
sim-sess-0012-03,1800.0,0.31971690,0.02108919,1.07209149,0.27730696,0.06970848,-0.07181803
sim-sess-0012-03,1900.0,0.37600085,0.05188054,1.18866608,0.16063891,0.07505025,-0.07823778
sim-sess-0012-03,2000.0,0.37631772,0.04996067,1.30493669,0.01843053,0.08488781,-0.05894147
sim-sess-0012-03,2100.0,0.27205280,0.00885240,1.39511242,-0.13137984,0.09058998,-0.02588623
sim-sess-0012-03,2200.0,0.18501724,-0.00118754,1.48826078,-0.24111971,0.06247222,-0.02471732
sim-sess-0012-03,2300.0,0.09901971,-0.01442888,1.56256507,-0.30891643,0.03787859,-0.01687270
sim-sess-0012-03,2400.0,0.01000977,-0.01498606,1.60802965,-0.35201615,0.00309490,0.00738148
sim-sess-0012-03,2500.0,-0.08166678,-0.03672831,1.59974761,-0.37377426,-0.02356924,0.01795484
sim-sess-0012-03,2600.0,-0.13204670,-0.04885756,1.55049469,-0.26544237,-0.06874107,0.02235156
sim-sess-0012-03,2700.0,-0.24940938,-0.03231003,1.42499002,-0.18215984,-0.08055096,0.03439650
sim-sess-0012-03,2800.0,-0.36896087,-0.03147735,1.34613842,-0.03100776,-0.08497277,0.02173745
sim-sess-0012-03,2900.0,-0.37366127,-0.01933461,1.22117277,0.09684626,-0.07352253,0.07703546
sim-sess-0012-03,3000.0,-0.37005288,-0.01413007,1.10563090,0.25736602,-0.08005909,0.07507983
sim-sess-0012-03,3100.0,-0.22144472,0.00088967,1.05514311,0.31880105,-0.03501992,0.07380481
sim-sess-0012-03,3200.0,-0.04749142,0.02087318,0.99961492,0.36427872,-0.00884987,0.07084951
sim-sess-0012-03,3300.0,0.14891829,0.01403587,0.98228574,0.34268614,0.05833658,0.07872175
sim-sess-0012-03,3400.0,0.30137349,0.05070766,1.06566730,0.28948842,0.04295366,0.08512441
sim-sess-0012-03,3500.0,0.40222384,0.05491952,1.17431758,0.19735819,0.08463995,0.03283614
sim-sess-0012-03,3600.0,0.39158766,0.04775662,1.28732188,0.02164517,0.09130086,0.06670835
sim-sess-0012-03,3700.0,0.33045195,0.02665884,1.38937280,-0.10259071,0.07558615,0.07193367
sim-sess-0012-03,3800.0,0.18367769,-0.01075524,1.47038449,-0.23108504,0.04813882,0.00842219
sim-sess-0012-03,3900.0,0.10460714,-0.00024370,1.57935098,-0.29794243,0.05127518,0.01822654
sim-sess-0012-03,4000.0,0.01143439,-0.03687178,1.59696558,-0.33329805,0.02339545,0.02235620
sim-sess-0012-03,4100.0,-0.04070430,-0.05251605,1.63451537,-0.36913030,-0.00539158,-0.01142039
sim-sess-0012-03,4200.0,-0.14307476,-0.04256006,1.55224255,-0.30207149,-0.02764983,-0.02404640
sim-sess-0012-03,4300.0,-0.21475663,-0.06297291,1.44854083,-0.19246010,-0.09003709,-0.03754759
sim-sess-0012-03,4400.0,-0.31172514,-0.02802554,1.35641734,-0.03191917,-0.08632957,-0.05750163
sim-sess-0012-03,4500.0,-0.39028142,-0.03644070,1.25652671,0.09684692,-0.08867341,-0.09236029
sim-sess-0012-03,4600.0,-0.33169252,-0.02284682,1.12900808,0.22614228,-0.08613943,-0.04465638
sim-sess-0012-03,4700.0,-0.26862851,-0.00655414,1.05063407,0.32313654,-0.03076970,-0.08161399
sim-sess-0012-03,4800.0,-0.07711249,0.00782736,1.01195091,0.38924863,0.00483812,-0.05649177
sim-sess-0012-03,4900.0,0.12615784,0.01945511,1.02455727,0.37599008,0.02056347,-0.07858404
sim-sess-0012-03,5000.0,0.28731770,0.02490715,1.04877143,0.29512556,0.06496956,-0.05275571
sim-sess-0012-03,5100.0,0.38666250,0.04570945,1.13380374,0.21449870,0.09160181,-0.05793972
sim-sess-0012-03,5200.0,0.36820173,0.04112218,1.23502388,0.06531589,0.05939504,-0.03252855
sim-sess-0012-03,5300.0,0.30608829,0.03088557,1.37308529,-0.10288774,0.08472352,-0.03468880
sim-sess-0012-03,5400.0,0.21367414,0.01862061,1.47754746,-0.21147066,0.06442097,-0.02514522
sim-sess-0012-03,5500.0,0.12939598,-0.00238899,1.56564423,-0.32236706,0.04374707,-0.02061481
sim-sess-0012-03,5600.0,0.02342691,-0.01413539,1.62478719,-0.34869434,0.02571864,0.00276645
sim-sess-0012-03,5700.0,-0.05346751,-0.04952032,1.61974944,-0.36336137,-0.02954957,0.01007999
sim-sess-0012-03,5800.0,-0.12510078,-0.05010140,1.56796060,-0.32207697,-0.04066669,0.02739145
sim-sess-0012-03,5900.0,-0.23433293,-0.03287788,1.51340969,-0.18737416,-0.10119895,-0.00950149
sim-sess-0012-03,6000.0,-0.33452337,-0.05441981,1.37541668,-0.07740752,-0.06092103,0.03380455
sim-sess-0012-04,0.0,0.07310442,-0.00306375,0.99870723,0.25783170,0.01064663,0.06058417
sim-sess-0012-04,100.0,0.16713474,0.00751720,1.00602202,0.27310429,0.02785016,0.06083072
sim-sess-0012-04,200.0,0.24584139,0.01246004,1.03479150,0.22770536,0.04024663,0.05084187
sim-sess-0012-04,300.0,0.31735528,0.00686616,1.06890538,0.17339400,0.06762395,0.03650687
sim-sess-0012-04,400.0,0.34895857,0.02480199,1.16352571,0.13398498,0.07914680,0.03483136
sim-sess-0012-04,500.0,0.40685094,0.03492147,1.18722393,0.06727438,0.09420129,0.05236896
sim-sess-0012-04,600.0,0.43672693,0.04548482,1.29095361,0.02679986,0.13161631,0.03248432
sim-sess-0012-04,700.0,0.41909425,0.05643161,1.37032115,-0.00758249,0.12856668,0.04394725
sim-sess-0012-04,800.0,0.40674606,0.04832424,1.43178107,-0.09668156,0.10252606,0.03263136
sim-sess-0012-04,900.0,0.35631180,0.08117532,1.55115418,-0.13006387,0.10569869,0.01638482
sim-sess-0012-04,1000.0,0.30921535,0.06135843,1.59720869,-0.19190685,0.08128958,0.02832347
sim-sess-0012-04,1100.0,0.25031835,0.06776973,1.66988963,-0.21721598,0.05371206,0.00722942
sim-sess-0012-04,1200.0,0.15920069,0.06893091,1.71856573,-0.24561689,0.05746261,0.02459593
sim-sess-0012-04,1300.0,0.10432360,0.06708922,1.76231620,-0.27122552,0.04488538,0.00944529
sim-sess-0012-04,1400.0,0.01502491,0.08685365,1.83029174,-0.30048688,0.02109711,0.00529935
sim-sess-0012-04,1500.0,-0.08398577,0.06450199,1.81664486,-0.27344446,-0.00713308,0.00328004
sim-sess-0012-04,1600.0,-0.18733984,0.08736391,1.80894074,-0.25209823,-0.01995948,-0.00518603
sim-sess-0012-04,1700.0,-0.27658171,0.07694693,1.75443879,-0.22595119,-0.06548603,-0.00021477
sim-sess-0012-04,1800.0,-0.34965670,0.07613392,1.71485125,-0.17136556,-0.06702116,-0.02525980
sim-sess-0012-04,1900.0,-0.39479126,0.07792154,1.67906137,-0.12480104,-0.09838762,-0.01659318
sim-sess-0012-04,2000.0,-0.41615667,0.07564481,1.56423754,-0.08236829,-0.10607041,-0.03943868
sim-sess-0012-04,2100.0,-0.45399019,0.06307202,1.50110301,-0.01058938,-0.11123112,-0.02515384
sim-sess-0012-04,2200.0,-0.43203266,0.06708130,1.40517563,0.01420623,-0.10071785,-0.01526463
sim-sess-0012-04,2300.0,-0.41761398,0.04664018,1.33306387,0.10636443,-0.09528168,-0.00383620
sim-sess-0012-04,2400.0,-0.36314982,0.04877614,1.25422598,0.14664362,-0.09494851,-0.04539141
sim-sess-0012-04,2500.0,-0.32165708,0.05163706,1.15750947,0.20680286,-0.07500662,-0.04387935
sim-sess-0012-04,2600.0,-0.22657696,0.03803275,1.10285036,0.25130571,-0.07448764,-0.04555288
sim-sess-0012-04,2700.0,-0.17062752,0.00630509,1.07024594,0.26098211,-0.04043134,-0.04661939
sim-sess-0012-04,2800.0,-0.06438894,0.01533062,1.01313762,0.26290961,-0.00633995,-0.05360191
sim-sess-0012-04,2900.0,0.02852818,-0.00492962,0.99116121,0.29667369,0.00160641,-0.05871310
sim-sess-0012-04,3000.0,0.11903154,-0.01046654,0.98253428,0.25416108,0.01211168,-0.04383735
sim-sess-0012-04,3100.0,0.22651168,-0.02383079,1.00736580,0.25049268,0.02740977,-0.04411956
sim-sess-0012-04,3200.0,0.26593160,-0.00254476,1.08897891,0.19710785,0.06684053,-0.03740534
sim-sess-0012-04,3300.0,0.34700986,-0.03460809,1.12739617,0.15584737,0.07582326,-0.04648980
sim-sess-0012-04,3400.0,0.38600203,-0.04847623,1.18615484,0.12728249,0.09477782,-0.00155269
sim-sess-0012-04,3500.0,0.42319077,-0.04499737,1.24831666,0.06715094,0.09573173,-0.04285114
sim-sess-0012-04,3600.0,0.43554710,-0.04097689,1.32903229,-0.01301873,0.12787781,-0.03836672
sim-sess-0012-04,3700.0,0.42817505,-0.03926053,1.40045399,-0.05686853,0.08398546,-0.03720429
sim-sess-0012-04,3800.0,0.38468177,-0.05552087,1.50641608,-0.12327111,0.09859055,-0.01044466
sim-sess-0012-04,3900.0,0.35645237,-0.05834313,1.56183712,-0.15442788,0.07227663,-0.01291524
sim-sess-0012-04,4000.0,0.26784642,-0.06569677,1.64647029,-0.21111374,0.07515566,-0.02430934
sim-sess-0012-04,4100.0,0.24095712,-0.06677685,1.74401878,-0.26405995,0.07394876,-0.02360959
sim-sess-0012-04,4200.0,0.12415591,-0.07562669,1.73680669,-0.24574716,0.03978029,-0.01611539
sim-sess-0012-04,4300.0,0.04720299,-0.06929660,1.78873911,-0.26023924,0.01536736,0.02707478
sim-sess-0012-04,4400.0,-0.05374255,-0.06209223,1.82159893,-0.25239542,-0.00972554,-0.05412818
sim-sess-0012-04,4500.0,-0.15244529,-0.07002815,1.78591718,-0.25704637,-0.02638907,-0.00858209
sim-sess-0012-04,4600.0,-0.22799433,-0.07076888,1.78497566,-0.21702769,-0.05365161,0.01129289
sim-sess-0012-04,4700.0,-0.30389246,-0.08233558,1.75721564,-0.22118352,-0.06540374,0.02143730
sim-sess-0012-04,4800.0,-0.36766772,-0.06210665,1.67049763,-0.14758951,-0.08841608,0.00830469
sim-sess-0012-04,4900.0,-0.41615417,-0.07252022,1.63125595,-0.11609553,-0.08392740,0.03793448
sim-sess-0012-04,5000.0,-0.44587855,-0.07998261,1.53508739,-0.02775519,-0.11472014,0.01080313
sim-sess-0012-04,5100.0,-0.45100506,-0.04173839,1.43399373,0.02671433,-0.11912646,0.01077307
sim-sess-0012-04,5200.0,-0.43518435,-0.06064783,1.37453736,0.05459819,-0.11638358,0.03246340
sim-sess-0012-04,5300.0,-0.35674787,-0.04748318,1.26905192,0.11704318,-0.10819220,0.02143421
sim-sess-0012-04,5400.0,-0.30944162,-0.03721143,1.20925405,0.16192923,-0.07269897,0.05029061
sim-sess-0012-04,5500.0,-0.25604205,-0.06046323,1.13390579,0.19316140,-0.08167634,0.08471709
sim-sess-0012-04,5600.0,-0.17948073,-0.00379724,1.07824530,0.25718788,-0.03276348,0.06494722
sim-sess-0012-04,5700.0,-0.09846754,-0.03637899,1.01429470,0.29707518,-0.02438469,0.03520289
sim-sess-0012-04,5800.0,-0.00345123,-0.00998219,1.01001297,0.28416646,-0.03272710,0.05870907
sim-sess-0012-04,5900.0,0.09572645,0.00388882,1.01497510,0.28156082,0.01898359,0.05729225
sim-sess-0012-04,6000.0,0.17991985,0.00299049,1.00822040,0.25006783,-0.00042967,0.04106023
sim-sess-0012-05,0.0,0.00817469,0.02577256,1.00421271,0.02039437,0.02253818,0.00459636
sim-sess-0012-05,100.0,0.02419975,0.02806337,1.00600409,0.00613382,0.03137593,0.00160640
sim-sess-0012-05,200.0,0.02097215,0.03735374,1.03218373,0.00935196,0.02137833,0.01176615
sim-sess-0012-05,300.0,0.03093390,-0.00299951,1.02884637,0.00827508,0.03035494,0.03516982
sim-sess-0012-05,400.0,0.03888061,0.01587775,1.03251595,0.02831597,0.00007560,0.02760218
sim-sess-0012-05,500.0,0.05165918,-0.00784950,1.03705270,0.03748487,0.00933393,0.00633567
sim-sess-0012-05,600.0,0.04061390,0.00016565,1.03748902,0.03618933,0.02079480,-0.00822009
sim-sess-0012-05,700.0,0.01190749,-0.01532593,1.02365117,0.02561476,-0.02396264,0.04696164
sim-sess-0012-05,800.0,0.02859414,-0.03038809,1.04077083,0.03795631,0.00473467,0.02801290
sim-sess-0012-05,900.0,0.02845818,-0.03636128,1.05570977,0.02629790,-0.00360833,0.01859636
sim-sess-0012-05,1000.0,-0.01873334,-0.02750469,1.01167986,-0.00054910,-0.02391485,-0.01381862
sim-sess-0012-05,1100.0,-0.02673271,-0.02793918,0.99524680,-0.02671740,-0.04775831,0.02856014
sim-sess-0012-05,1200.0,-0.01307816,-0.03657425,0.98300730,-0.04247378,-0.01765458,0.00554453
sim-sess-0012-05,1300.0,-0.02419848,-0.03129462,0.96662250,-0.03314610,-0.02217371,-0.01722688
sim-sess-0012-05,1400.0,-0.04806233,-0.03377096,0.95420798,-0.05801877,-0.00435203,0.02531664
sim-sess-0012-05,1500.0,-0.05739159,-0.03382142,0.96278047,-0.02092188,-0.00323734,0.01529641
sim-sess-0012-05,1600.0,-0.04773727,-0.01133135,0.95975137,-0.02445497,-0.00844661,0.01231401
sim-sess-0012-05,1700.0,-0.03605793,-0.00422206,0.94301307,-0.02936148,-0.03136877,0.00865928
sim-sess-0012-05,1800.0,0.00172223,-0.00624546,0.99904503,-0.01978492,-0.02710401,0.01166855
sim-sess-0012-05,1900.0,0.02473598,0.00811358,0.99411718,-0.02811665,0.00680871,-0.00062207
sim-sess-0012-05,2000.0,0.02264649,0.01243981,0.99831871,-0.00703360,-0.01603142,-0.01335330
sim-sess-0012-05,2100.0,0.04310919,0.02558214,1.02538247,-0.02117053,0.02596939,-0.00528205
sim-sess-0012-05,2200.0,0.03209822,0.04939367,0.99670382,0.01748643,0.00310192,0.00696397
sim-sess-0012-05,2300.0,0.02979747,0.05605288,1.01812632,0.03348350,-0.01090957,-0.01205950
sim-sess-0012-05,2400.0,0.04272293,0.04224052,1.04208145,0.04250180,0.01519560,-0.01647343
sim-sess-0012-05,2500.0,0.02059232,0.02586454,1.05359242,0.03360370,0.00964451,-0.01599358
sim-sess-0012-05,2600.0,0.02020706,0.01357391,1.03285585,0.00574627,0.03061433,-0.04381268
sim-sess-0012-05,2700.0,-0.01459341,0.00938041,1.02385088,-0.00085642,0.06377982,0.00385607
sim-sess-0012-05,2800.0,-0.01074664,0.01858112,1.01711035,0.01609182,-0.00064111,-0.03435301
sim-sess-0012-05,2900.0,-0.02793256,0.01641732,1.03158289,-0.00631328,0.01096242,-0.00928982
sim-sess-0012-05,3000.0,-0.02346353,-0.00852571,0.99246196,0.01949894,-0.01233550,-0.00414444
sim-sess-0012-05,3100.0,-0.04686191,-0.00887752,0.99417021,0.02313966,-0.02087367,0.01234543
sim-sess-0012-05,3200.0,-0.05412554,-0.02751734,0.99150463,-0.03594294,-0.00782084,-0.02419489
sim-sess-0012-05,3300.0,-0.02807863,0.00015997,1.00104215,-0.03452771,-0.02061204,0.02410929
sim-sess-0012-05,3400.0,-0.03098574,-0.02818426,0.96197814,-0.02702131,0.01373553,0.00875830
sim-sess-0012-05,3500.0,-0.01277583,-0.03579517,0.98461917,-0.03282924,-0.03270311,-0.00819923
sim-sess-0012-05,3600.0,-0.01020940,-0.04983266,0.95018233,-0.00363257,-0.02128707,-0.00054935
sim-sess-0012-05,3700.0,0.02065943,-0.03907243,0.96815113,-0.04286583,-0.00933206,0.02359821
sim-sess-0012-05,3800.0,0.01572178,-0.04438013,0.96751252,-0.03562295,-0.00699050,0.03102216
sim-sess-0012-05,3900.0,0.04457474,-0.02500312,0.98216052,-0.01131494,-0.01981393,0.01984920
sim-sess-0012-05,4000.0,0.05683060,-0.01235866,0.95571923,0.01722105,-0.00957515,0.04087765
sim-sess-0012-05,4100.0,0.02870278,0.01754460,0.99545363,-0.00705695,0.00623212,0.01919790
sim-sess-0012-05,4200.0,0.02797418,0.00063969,1.01637633,0.03324352,-0.01113458,0.01051847
sim-sess-0012-05,4300.0,0.04778510,-0.00016845,0.99221574,0.05097839,-0.00837505,0.01591442
sim-sess-0012-05,4400.0,0.01606736,0.01139843,1.02429879,0.03135453,0.00922404,0.01853411
sim-sess-0012-05,4500.0,0.02126464,0.05057710,1.00809271,0.02183829,-0.01962448,0.01382301
sim-sess-0012-05,4600.0,-0.00833146,0.02061353,1.03707984,0.03563611,-0.01219717,0.02193063
sim-sess-0012-05,4700.0,-0.02453530,0.02156202,1.02410569,-0.01132427,0.02343854,-0.00352002
sim-sess-0012-05,4800.0,-0.03495299,0.04395480,1.01902297,0.00753531,0.01869769,-0.00715324
sim-sess-0012-05,4900.0,-0.03856987,0.02971449,1.02634178,0.00406544,0.04541146,-0.00007035
sim-sess-0012-05,5000.0,-0.02515754,0.03337009,1.01446028,0.02421213,0.02129921,0.01729915
sim-sess-0012-05,5100.0,-0.05776486,0.03464713,0.99932687,-0.00776463,0.01233560,-0.01034325
sim-sess-0012-05,5200.0,-0.04555702,0.02725009,1.00178831,-0.02722821,0.02959291,-0.00863232
sim-sess-0012-05,5300.0,-0.01787274,0.00918384,0.98871234,-0.05351595,0.02485320,-0.03991773
sim-sess-0012-05,5400.0,-0.00881994,-0.00672760,0.98191362,-0.04313352,0.01126670,-0.01762081
sim-sess-0012-05,5500.0,0.03713157,-0.02383014,0.98290034,-0.03841161,0.03343021,-0.00557725
sim-sess-0012-05,5600.0,0.02210026,-0.01340719,0.96459542,-0.02829619,-0.00308239,-0.06339787
sim-sess-0012-05,5700.0,0.05654306,-0.03049941,0.95428664,-0.01645555,-0.01224074,-0.02763545
sim-sess-0012-05,5800.0,0.03496439,-0.05198760,0.95224791,-0.02790707,-0.00733287,-0.02713116
sim-sess-0012-05,5900.0,0.04414021,-0.04067575,0.96383589,-0.02406361,-0.00930577,0.00150382
sim-sess-0012-05,6000.0,0.02534883,-0.03271443,0.98950718,0.02508206,-0.03133444,-0.01396434
